[23:20:17] [main/INFO] [LaunchWrapper]: Loading tweak class name net.minecraftforge.fml.common.launcher.FMLServerTweaker
[23:20:17] [main/INFO] [LaunchWrapper]: Using primary tweak class name net.minecraftforge.fml.common.launcher.FMLServerTweaker
[23:20:17] [main/INFO] [LaunchWrapper]: Calling tweak class net.minecraftforge.fml.common.launcher.FMLServerTweaker
[23:20:17] [main/INFO] [FML]: Forge Mod Loader version 14.23.5.2860 for Minecraft 1.12.2 loading
[23:20:17] [main/INFO] [FML]: Java is OpenJDK 64-Bit Server VM, version 1.8.0_492, running on Linux:amd64:6.8.0-1052-azure, installed at /usr/lib/jvm/java-8-openjdk-amd64/jre
[23:20:18] [main/INFO] [FML]: Searching /workspaces/SRP/servidor_minecraft/./mods for mods
[23:20:18] [main/INFO] [FML]: Searching /workspaces/SRP/servidor_minecraft/./mods/1.12.2 for mods
[23:20:18] [main/INFO] [FML]: Loading tweaker org.spongepowered.asm.launch.MixinTweaker from !mixinbooter-9.4.jar
[23:20:18] [main/INFO] [FML]: Loading tweaker net.jan.moddirector.launchwrapper.ModDirectorTweaker from !mod-director-launchwrapper-1.8.3.jar
[23:20:18] [main/INFO] [FML]: Loading tweaker org.spongepowered.asm.launch.MixinTweaker from [___MixinCompat-1.1-1.12.2___].jar
[23:20:18] [main/INFO] [FML]: Loading tweaker org.spongepowered.asm.launch.MixinTweaker from _MixinBootstrap-1.1.0.jar
[23:20:18] [main/INFO] [FML]: Loading tweaker org.spongepowered.asm.launch.MixinTweaker from _supermartijn642corelib-1.1.17a-forge-mc1.12.jar
[23:20:18] [main/WARN] [FML]: Found FMLCorePluginContainsFMLMod marker in AquaAcrobatics-1.15.4.jar. This is not recommended, @Mods should be in a separate jar from the coremod.
[23:20:18] [main/WARN] [FML]: The coremod Aqua Acrobatics Transformer (com.fuzs.aquaacrobatics.core.AquaAcrobaticsCore) is not signed!
[23:20:18] [main/WARN] [FML]: Found FMLCorePluginContainsFMLMod marker in betterbiomeblend-1.12.2-1.1.7-forge.jar. This is not recommended, @Mods should be in a separate jar from the coremod.
[23:20:18] [main/WARN] [FML]: The coremod Better Biome Blend (fionathemortal.betterbiomeblend.core.CoreMod) is not signed!
[23:20:18] [main/INFO] [FML]: Loading tweaker guichaguri.betterfps.tweaker.BetterFpsTweaker from BetterFps-1.4.8.jar
[23:20:18] [main/WARN] [FML]: Found FMLCorePluginContainsFMLMod marker in biggerpacketsplz-since1.8-1.2.jar. This is not recommended, @Mods should be in a separate jar from the coremod.
[23:20:18] [main/WARN] [FML]: The coremod net.elnounch.mc.biggerpacketsplz.BiggerPacketsPlzCoreMod does not have a MCVersion annotation, it may cause issues with this version of Minecraft
[23:20:18] [main/WARN] [FML]: The coremod BiggerPacketsPlzCoreMod (net.elnounch.mc.biggerpacketsplz.BiggerPacketsPlzCoreMod) is not signed!
[23:20:18] [main/WARN] [FML]: Found FMLCorePluginContainsFMLMod marker in Bloodmoon-MC1.12.2-1.5.3.jar. This is not recommended, @Mods should be in a separate jar from the coremod.
[23:20:18] [main/WARN] [FML]: The coremod lumien.bloodmoon.asm.LoadingPlugin does not have a MCVersion annotation, it may cause issues with this version of Minecraft
[23:20:18] [main/WARN] [FML]: The coremod com.bloodnbonesgaming.bnbgamingcore.core.BNBGamingCorePlugin does not have a MCVersion annotation, it may cause issues with this version of Minecraft
[23:20:18] [main/WARN] [FML]: The coremod BNBGamingCore (com.bloodnbonesgaming.bnbgamingcore.core.BNBGamingCorePlugin) is not signed!
[23:20:18] [main/WARN] [FML]: Found FMLCorePluginContainsFMLMod marker in Born In A Barn 1.8-1.12-1.2.jar. This is not recommended, @Mods should be in a separate jar from the coremod.
[23:20:18] [main/WARN] [FML]: The coremod com.chocohead.biab.BornInABarn does not have a MCVersion annotation, it may cause issues with this version of Minecraft
[23:20:18] [main/WARN] [FML]: The coremod Born in a Barn (com.chocohead.biab.BornInABarn) is not signed!
[23:20:18] [main/WARN] [FML]: The coremod io.github.barteks2x.chunkgenlimiter.coremod.ChunkGenLimiterCoremod does not have a MCVersion annotation, it may cause issues with this version of Minecraft
[23:20:18] [main/WARN] [FML]: The coremod ChunkGenLimiterCoremod (io.github.barteks2x.chunkgenlimiter.coremod.ChunkGenLimiterCoremod) is not signed!
[23:20:18] [main/WARN] [FML]: Found FMLCorePluginContainsFMLMod marker in configurablebeacons-1.12-1.0.0.jar. This is not recommended, @Mods should be in a separate jar from the coremod.
[23:20:18] [main/WARN] [FML]: Found FMLCorePluginContainsFMLMod marker in CosmicLib-1.12.2-0.4.0.BETA.jar. This is not recommended, @Mods should be in a separate jar from the coremod.
[23:20:18] [main/WARN] [FML]: The coremod com.cosmicdan.cosmiclib.asm.FakeCoreMod does not have a MCVersion annotation, it may cause issues with this version of Minecraft
[23:20:18] [main/WARN] [FML]: Found FMLCorePluginContainsFMLMod marker in CreativeCore_v1.10.71_mc1.12.2.jar. This is not recommended, @Mods should be in a separate jar from the coremod.
[23:20:18] [main/WARN] [FML]: The coremod com.creativemd.creativecore.core.CreativePatchingLoader does not have a MCVersion annotation, it may cause issues with this version of Minecraft
[23:20:18] [main/WARN] [FML]: The coremod CreativePatchingLoader (com.creativemd.creativecore.core.CreativePatchingLoader) is not signed!
[23:20:18] [main/WARN] [FML]: The coremod Data Packs Core Mod (com.github.liachmodded.datapacks.loading.DataPacksCore) is not signed!
[23:20:18] [main/INFO] [Data Packs Core Mod]: Datapacks core loaded
[23:20:18] [main/INFO] [FML]: Loading tweaker org.spongepowered.asm.launch.MixinTweaker from DynamicSurroundings-1.12.2-3.6.1.0.jar
[23:20:18] [main/WARN] [FML]: Found FMLCorePluginContainsFMLMod marker in enchcontrol-1.12.2-1.1.5-0.jar. This is not recommended, @Mods should be in a separate jar from the coremod.
[23:20:18] [main/WARN] [FML]: Found FMLCorePluginContainsFMLMod marker in entityculling-1.12.2-1.6.3.jar. This is not recommended, @Mods should be in a separate jar from the coremod.
[23:20:18] [main/WARN] [FML]: The coremod dev.tr7zw.entityculling.EntityCullingEarlyLoader does not have a MCVersion annotation, it may cause issues with this version of Minecraft
[23:20:18] [main/WARN] [FML]: The coremod EntityCullingEarlyLoader (dev.tr7zw.entityculling.EntityCullingEarlyLoader) is not signed!
[23:20:18] [main/WARN] [FML]: Found FMLCorePluginContainsFMLMod marker in Farseek-1.12-2.5.1.jar. This is not recommended, @Mods should be in a separate jar from the coremod.
[23:20:18] [main/WARN] [FML]: The coremod farseek.core.FarseekCoreMod does not have a MCVersion annotation, it may cause issues with this version of Minecraft
[23:20:18] [main/WARN] [FML]: The coremod FarseekCoreMod (farseek.core.FarseekCoreMod) is not signed!
[23:20:18] [main/WARN] [FML]: Found FMLCorePluginContainsFMLMod marker in Fluidlogged-API-v2.2.4-mc1.12.2.jar. This is not recommended, @Mods should be in a separate jar from the coremod.
[23:20:18] [main/WARN] [FML]: The coremod Fluidlogged API Plugin (git.jbredwards.fluidlogged_api.mod.asm.ASMHandler) is not signed!
[23:20:18] [main/WARN] [FML]: Found FMLCorePluginContainsFMLMod marker in foamfix-0.10.15-1.12.2.jar. This is not recommended, @Mods should be in a separate jar from the coremod.
[23:20:18] [main/WARN] [FML]: The coremod pl.asie.foamfix.coremod.FoamFixCore does not have a MCVersion annotation, it may cause issues with this version of Minecraft
[23:20:18] [main/WARN] [FML]: The coremod Do not report to Forge! (If you haven't disabled the FoamFix coremod, try disabling it in the config! Note that this bit of text will still appear.) (pl.asie.foamfix.coremod.FoamFixCore) is not signed!
[23:20:18] [main/WARN] [FML]: Found FMLCorePluginContainsFMLMod marker in Forgelin-1.8.4.jar. This is not recommended, @Mods should be in a separate jar from the coremod.
[23:20:18] [main/WARN] [FML]: The coremod net.shadowfacts.forgelin.preloader.ForgelinPlugin does not have a MCVersion annotation, it may cause issues with this version of Minecraft
[23:20:18] [main/WARN] [FML]: The coremod ForgelinPlugin (net.shadowfacts.forgelin.preloader.ForgelinPlugin) is not signed!
[23:20:18] [main/WARN] [FML]: Found FMLCorePluginContainsFMLMod marker in Friendly-Chests-v1.0.3-mc1.12.2.jar. This is not recommended, @Mods should be in a separate jar from the coremod.
[23:20:18] [main/WARN] [FML]: The coremod Friendly Chests Plugin (git.jbredwards.friendly_chests.mod.asm.ASMHandler) is not signed!
[23:20:18] [main/WARN] [FML]: Found FMLCorePluginContainsFMLMod marker in Future-MC-0.2.20.jar. This is not recommended, @Mods should be in a separate jar from the coremod.
[23:20:18] [main/WARN] [FML]: The coremod FutureMC (thedarkcolour.futuremc.asm.CoreLoader) is not signed!
[23:20:18] [main/INFO] [FML]: Loading tweaker org.spongepowered.asm.launch.MixinTweaker from getittogetherdrops-1.12.2-v1.0.2.jar
[23:20:18] [main/WARN] [FML]: Found FMLCorePluginContainsFMLMod marker in HammerLib-1.12.2-12.2.56.jar. This is not recommended, @Mods should be in a separate jar from the coremod.
[23:20:18] [main/INFO] [FML]: Loading tweaker org.spongepowered.asm.launch.MixinTweaker from hermitsarsenal-V1.jar
[23:20:18] [main/INFO] [FML]: Loading tweaker org.spongepowered.asm.launch.MixinTweaker from Highlighter-1.12.2-forge-1.1.7.jar
[23:20:18] [main/WARN] [FML]: The coremod ivorius.ivtoolkit.IvToolkitLoadingPlugin does not have a MCVersion annotation, it may cause issues with this version of Minecraft
[23:20:18] [main/WARN] [FML]: The coremod IvToolkit (ivorius.ivtoolkit.IvToolkitLoadingPlugin) is not signed!
[23:20:18] [main/WARN] [FML]: Found FMLCorePluginContainsFMLMod marker in Loading-Progress-Bar-v1.0-mc[1.8-1.12.2].jar. This is not recommended, @Mods should be in a separate jar from the coremod.
[23:20:18] [main/WARN] [FML]: The coremod git.jbredwards.lpb.Main does not have a MCVersion annotation, it may cause issues with this version of Minecraft
[23:20:18] [main/WARN] [FML]: The coremod Loading Progress Bar Plugin (git.jbredwards.lpb.Main) is not signed!
[23:20:18] [main/INFO] [FML]: Loading tweaker org.spongepowered.asm.launch.MixinTweaker from LootTweaker-0.4.1+MC1.12.2.jar
[23:20:18] [main/WARN] [FML]: Found FMLCorePluginContainsFMLMod marker in Mekanism-1.12.2-9.8.3.390.jar. This is not recommended, @Mods should be in a separate jar from the coremod.
[23:20:18] [main/WARN] [FML]: The coremod mekanism.coremod.MekanismCoremod does not have a MCVersion annotation, it may cause issues with this version of Minecraft
[23:20:18] [main/WARN] [FML]: The coremod MekanismCoremod (mekanism.coremod.MekanismCoremod) is not signed!
[23:20:18] [main/INFO] [FML]: Loading tweaker org.spongepowered.asm.launch.MixinTweaker from movingworld-1.12-6.353-full.jar
[23:20:18] [main/WARN] [FML]: Found FMLCorePluginContainsFMLMod marker in NetherAPI_1_3_0.jar. This is not recommended, @Mods should be in a separate jar from the coremod.
[23:20:18] [main/WARN] [FML]: The coremod Nether API Plugin (git.jbredwards.nether_api.mod.asm.ASMHandler) is not signed!
[23:20:18] [main/INFO] [FML]: Loading tweaker org.spongepowered.asm.launch.MixinTweaker from nocubesrptweaks-V4.1hf4.jar
[23:20:18] [main/WARN] [FML]: The coremod ObfuscatePlugin (com.mrcrayfish.obfuscate.asm.ObfuscatePlugin) is not signed!
[23:20:18] [main/WARN] [FML]: The coremod lain.mods.skins.init.forge.asm.Plugin does not have a MCVersion annotation, it may cause issues with this version of Minecraft
[23:20:18] [main/WARN] [FML]: The coremod OTGCorePlugin (com.pg85.otg.forge.asm.excluded.launch.OTGCorePlugin) is not signed!
[23:20:18] [main/INFO] [FML]: Loading tweaker org.spongepowered.asm.launch.MixinTweaker from particleculling-1.12.2-v1.4.3.jar
[23:20:18] [main/WARN] [FML]: Found FMLCorePluginContainsFMLMod marker in PhosphorCrashFix-1.12.2-1.0.0.jar. This is not recommended, @Mods should be in a separate jar from the coremod.
[23:20:18] [main/WARN] [FML]: The coremod PCF Core Mod (nathan.phosphorcrashfix.core.PCFCoreMod) is not signed!
[23:20:18] [main/WARN] [FML]: Found FMLCorePluginContainsFMLMod marker in Quark-r1.6-179.jar. This is not recommended, @Mods should be in a separate jar from the coremod.
[23:20:18] [main/WARN] [FML]: The coremod Quark Plugin (vazkii.quark.base.asm.LoadingPlugin) is not signed!
[23:20:18] [main/WARN] [FML]: Found FMLCorePluginContainsFMLMod marker in ReachFix-1.12.2-1.0.10.jar. This is not recommended, @Mods should be in a separate jar from the coremod.
[23:20:18] [main/WARN] [FML]: The coremod ReachFixPlugin (meldexun.reachfix.asm.ReachFixPlugin) is not signed!
[23:20:18] [main/WARN] [FML]: Found FMLCorePluginContainsFMLMod marker in ResourceLoader-MC1.12.1-1.5.3.jar. This is not recommended, @Mods should be in a separate jar from the coremod.
[23:20:18] [main/WARN] [FML]: The coremod lumien.resourceloader.asm.LoadingPlugin does not have a MCVersion annotation, it may cause issues with this version of Minecraft
[23:20:18] [main/WARN] [FML]: Found FMLCorePluginContainsFMLMod marker in SereneSeasons-1.12.2-1.2.18-universal.jar. This is not recommended, @Mods should be in a separate jar from the coremod.
[23:20:18] [main/WARN] [FML]: The coremod sereneseasons.asm.SSLoadingPlugin does not have a MCVersion annotation, it may cause issues with this version of Minecraft
[23:20:18] [main/WARN] [FML]: The coremod SSLoadingPlugin (sereneseasons.asm.SSLoadingPlugin) is not signed!
[23:20:18] [main/WARN] [FML]: Found FMLCorePluginContainsFMLMod marker in SoManyEnchantments-0.5.5.jar. This is not recommended, @Mods should be in a separate jar from the coremod.
[23:20:18] [main/WARN] [FML]: The coremod com.Shultrea.Rin.Transformer.CoreLoader does not have a MCVersion annotation, it may cause issues with this version of Minecraft
[23:20:18] [main/WARN] [FML]: The coremod SoManyEnchantments ASM (com.Shultrea.Rin.Transformer.CoreLoader) is not signed!
[23:20:18] [main/INFO] [FML]: Loading tweaker org.spongepowered.asm.launch.MixinTweaker from SpartanWeaponry-1.12.2-1.6.0.jar
[23:20:18] [main/INFO] [FML]: Loading tweaker org.spongepowered.asm.launch.MixinTweaker from srptweaks-V1.jar
[23:20:18] [main/INFO] [FML]: Loading tweaker org.spongepowered.asm.launch.MixinTweaker from The-Hordes-1.12.2-1.5.3a.jar
[23:20:18] [main/WARN] [FML]: Found FMLCorePluginContainsFMLMod marker in TickrateChanger-1.0.14.jar. This is not recommended, @Mods should be in a separate jar from the coremod.
[23:20:18] [main/WARN] [FML]: The coremod me.guichaguri.tickratechanger.TickrateChanger does not have a MCVersion annotation, it may cause issues with this version of Minecraft
[23:20:18] [main/WARN] [FML]: The coremod TickrateChanger (me.guichaguri.tickratechanger.TickrateChanger) is not signed!
[23:20:18] [main/WARN] [FML]: Found FMLCorePluginContainsFMLMod marker in wings-1.1.6-1.12.2.jar. This is not recommended, @Mods should be in a separate jar from the coremod.
[23:20:18] [main/WARN] [FML]: The coremod wings (me.paulf.wings.server.asm.plugin.WingsLoadingPlugin) is not signed!
[23:20:18] [main/INFO] [FML]: Loading tweaker org.spongepowered.asm.launch.MixinTweaker from WolfArmorAndStorage-1.12.2-3.8.0-universal-signed.jar
[23:20:18] [main/WARN] [FML]: Found FMLCorePluginContainsFMLMod marker in Xaeros_Minimap_24.6.1_Forge_1.12.jar. This is not recommended, @Mods should be in a separate jar from the coremod.
[23:20:18] [main/WARN] [FML]: The coremod XaeroMinimapPlugin (xaero.common.core.XaeroMinimapPlugin) is not signed!
[23:20:18] [main/WARN] [FML]: Found FMLCorePluginContainsFMLMod marker in XaerosWorldMap_1.39.0_Forge_1.12.jar. This is not recommended, @Mods should be in a separate jar from the coremod.
[23:20:18] [main/WARN] [FML]: The coremod XaeroWorldMapPlugin (xaero.map.core.XaeroWorldMapPlugin) is not signed!
[23:20:18] [main/INFO] [FML]: Loading tweaker org.spongepowered.asm.launch.MixinTweaker from phosphor-1.12.2-0.2.6+build50-universal.jar
[23:20:18] [main/WARN] [FML]: The coremod blusunrize.immersiveengineering.common.asm.IELoadingPlugin does not have a MCVersion annotation, it may cause issues with this version of Minecraft
[23:20:18] [main/WARN] [FML]: The coremod IELoadingPlugin (blusunrize.immersiveengineering.common.asm.IELoadingPlugin) is not signed!
[23:20:18] [main/INFO] [LaunchWrapper]: Loading tweak class name net.minecraftforge.fml.common.launcher.FMLInjectionAndSortingTweaker
[23:20:18] [main/INFO] [LaunchWrapper]: Loading tweak class name org.spongepowered.asm.launch.MixinTweaker
[23:20:18] [main/INFO] [mixin]: SpongePowered MIXIN Subsystem Version=0.8.5 Source=file:/workspaces/SRP/servidor_minecraft/./mods/!mixinbooter-9.4.jar Service=LaunchWrapper Env=SERVER
[23:20:18] [main/WARN] [FML]: The coremod zone.rong.mixinbooter.MixinBooterPlugin does not have a MCVersion annotation, it may cause issues with this version of Minecraft
[23:20:18] [main/WARN] [FML]: The coremod MixinBooter (zone.rong.mixinbooter.MixinBooterPlugin) is not signed!
[23:20:18] [main/INFO] [MixinBooter]: Initializing Mixins...
[23:20:18] [main/INFO] [mixin]: Compatibility level set to JAVA_8
[23:20:18] [main/INFO] [MixinBooter]: Initializing MixinExtras...
[23:20:18] [main/WARN] [FML]: The coremod SuperMartijn642's Core Lib Plugin (com.supermartijn642.core.coremod.CoreModPlugin) is not signed!
[23:20:18] [main/WARN] [FML]: The coremod GITDLoadingPlugin (bl4ckscor3.mod.getittogetherdrops.GITDLoadingPlugin) is not signed!
[23:20:18] [main/WARN] [FML]: The coremod MixinLoader (com.anthonyhilyard.highlighter.MixinLoader) is not signed!
[23:20:18] [main/WARN] [FML]: The coremod MixinLoader (leviathan143.loottweaker.common.MixinLoader) is not signed!
[23:20:18] [main/WARN] [FML]: The coremod com.elytradev.movingworld.common.asm.coremod.MovingWorldCoreMod does not have a MCVersion annotation, it may cause issues with this version of Minecraft
[23:20:18] [main/WARN] [FML]: The coremod MovingWorldCore (com.elytradev.movingworld.common.asm.coremod.MovingWorldCoreMod) is not signed!
[23:20:18] [main/WARN] [FML]: The coremod ParticleCullingLoadingPlugin (bl4ckscor3.mod.particleculling.ParticleCullingLoadingPlugin) is not signed!
[23:20:18] [main/WARN] [FML]: The coremod SpartanWeaponry-MixinLoader (com.oblivioussp.spartanweaponry.mixin.MixinLoader) is not signed!
[23:20:18] [main/INFO] [LaunchWrapper]: Loading tweak class name net.jan.moddirector.launchwrapper.ModDirectorTweaker
[23:20:19] [main/WARN] [ModDirector[CORE]]: Successfully replaced CA certificates with updated ones!
[23:20:19] [main/INFO] [ModDirector[CORE]]: Mod director loaded!
[23:20:19] [main/INFO] [ModDirector/Tweaker[Launchwrapper]]: ModDirector bootstrapped from Launchwrapper!
[23:20:19] [main/WARN] [LaunchWrapper]: Tweak class name org.spongepowered.asm.launch.MixinTweaker has already been visited -- skipping
[23:20:19] [main/WARN] [LaunchWrapper]: Tweak class name org.spongepowered.asm.launch.MixinTweaker has already been visited -- skipping
[23:20:19] [main/WARN] [LaunchWrapper]: Tweak class name org.spongepowered.asm.launch.MixinTweaker has already been visited -- skipping
[23:20:19] [main/INFO] [LaunchWrapper]: Loading tweak class name guichaguri.betterfps.tweaker.BetterFpsTweaker
[23:20:19] [main/WARN] [LaunchWrapper]: Tweak class name org.spongepowered.asm.launch.MixinTweaker has already been visited -- skipping
[23:20:19] [main/WARN] [LaunchWrapper]: Tweak class name org.spongepowered.asm.launch.MixinTweaker has already been visited -- skipping
[23:20:19] [main/WARN] [LaunchWrapper]: Tweak class name org.spongepowered.asm.launch.MixinTweaker has already been visited -- skipping
[23:20:19] [main/WARN] [LaunchWrapper]: Tweak class name org.spongepowered.asm.launch.MixinTweaker has already been visited -- skipping
[23:20:19] [main/WARN] [LaunchWrapper]: Tweak class name org.spongepowered.asm.launch.MixinTweaker has already been visited -- skipping
[23:20:19] [main/WARN] [LaunchWrapper]: Tweak class name org.spongepowered.asm.launch.MixinTweaker has already been visited -- skipping
[23:20:19] [main/WARN] [LaunchWrapper]: Tweak class name org.spongepowered.asm.launch.MixinTweaker has already been visited -- skipping
[23:20:19] [main/WARN] [LaunchWrapper]: Tweak class name org.spongepowered.asm.launch.MixinTweaker has already been visited -- skipping
[23:20:19] [main/WARN] [LaunchWrapper]: Tweak class name org.spongepowered.asm.launch.MixinTweaker has already been visited -- skipping
[23:20:19] [main/WARN] [LaunchWrapper]: Tweak class name org.spongepowered.asm.launch.MixinTweaker has already been visited -- skipping
[23:20:19] [main/WARN] [LaunchWrapper]: Tweak class name org.spongepowered.asm.launch.MixinTweaker has already been visited -- skipping
[23:20:19] [main/WARN] [LaunchWrapper]: Tweak class name org.spongepowered.asm.launch.MixinTweaker has already been visited -- skipping
[23:20:19] [main/WARN] [LaunchWrapper]: Tweak class name org.spongepowered.asm.launch.MixinTweaker has already been visited -- skipping
[23:20:19] [main/INFO] [LaunchWrapper]: Loading tweak class name net.minecraftforge.fml.common.launcher.FMLDeobfTweaker
[23:20:19] [main/INFO] [LaunchWrapper]: Calling tweak class net.minecraftforge.fml.common.launcher.FMLInjectionAndSortingTweaker
[23:20:19] [main/INFO] [LaunchWrapper]: Calling tweak class net.minecraftforge.fml.common.launcher.FMLInjectionAndSortingTweaker
[23:20:19] [main/INFO] [LaunchWrapper]: Calling tweak class net.jan.moddirector.launchwrapper.ModDirectorTweaker
[23:20:19] [main/INFO] [ModDirector/ConfigurationController[CORE]]: Loading config config/mod-director/netherapi.url.json
[23:20:19] [main/WARN] [ModDirector[CORE]]: This modpack does not contain a modpack.json, if you are the author, consider adding one!
[23:20:19] [main/INFO] [ModDirector/ForgeLateLoader[Launchwrapper]]: Found new CoreModManager at net.minecraftforge.fml.relauncher.CoreModManager!
[23:20:19] [main/INFO] [ModDirector/ForgeLateLoader[Launchwrapper]]: Found new ModAccessTransformer at net.minecraftforge.fml.common.asm.transformers.ModAccessTransformer!
[23:20:19] [main/INFO] [ModDirector/ForgeLateLoader[Launchwrapper]]: Trying to late load 0 mods
[23:20:19] [main/WARN] [ModDirector/ForgeLateLoader[Launchwrapper]]: Failed to find deobf tweaker, injecting after deobf tweaker at first place
[23:20:19] [main/INFO] [LaunchWrapper]: Calling tweak class net.minecraftforge.fml.relauncher.CoreModManager$FMLPluginWrapper
[23:20:20] [main/INFO] [FML]: Found valid fingerprint for Minecraft Forge. Certificate fingerprint e3c3d50c7c986df74c645c0ac54639741c90a557
[23:20:20] [main/INFO] [LaunchWrapper]: Calling tweak class net.minecraftforge.fml.relauncher.CoreModManager$FMLPluginWrapper
[23:20:20] [main/INFO] [LaunchWrapper]: Calling tweak class net.minecraftforge.fml.relauncher.CoreModManager$FMLPluginWrapper
[23:20:20] [main/INFO] [Aqua Acrobatics Transformer]: Running in obf, thanks for playing with the mod!
[23:20:20] [main/INFO] [LaunchWrapper]: Calling tweak class net.minecraftforge.fml.relauncher.CoreModManager$FMLPluginWrapper
[23:20:20] [main/INFO] [betterbiomeblend]: Found valid Mixin framework! Proceeding to load.
[23:20:20] [main/INFO] [LaunchWrapper]: Calling tweak class net.minecraftforge.fml.relauncher.CoreModManager$FMLPluginWrapper
[23:20:20] [main/INFO] [LaunchWrapper]: Calling tweak class net.minecraftforge.fml.relauncher.CoreModManager$FMLPluginWrapper
[23:20:20] [main/INFO] [LaunchWrapper]: Calling tweak class net.minecraftforge.fml.relauncher.CoreModManager$FMLPluginWrapper
[23:20:20] [main/INFO] [LaunchWrapper]: Calling tweak class net.minecraftforge.fml.relauncher.CoreModManager$FMLPluginWrapper
[23:20:20] [main/INFO] [LaunchWrapper]: Calling tweak class net.minecraftforge.fml.relauncher.CoreModManager$FMLPluginWrapper
[23:20:20] [main/INFO] [LaunchWrapper]: Calling tweak class net.minecraftforge.fml.relauncher.CoreModManager$FMLPluginWrapper
[23:20:20] [main/INFO] [LaunchWrapper]: Calling tweak class net.minecraftforge.fml.relauncher.CoreModManager$FMLPluginWrapper
[23:20:20] [main/INFO] [LaunchWrapper]: Calling tweak class net.minecraftforge.fml.relauncher.CoreModManager$FMLPluginWrapper
[23:20:20] [main/INFO] [LaunchWrapper]: Calling tweak class net.minecraftforge.fml.relauncher.CoreModManager$FMLPluginWrapper
[23:20:20] [main/INFO] [LaunchWrapper]: Calling tweak class net.minecraftforge.fml.relauncher.CoreModManager$FMLPluginWrapper
[23:20:20] [main/INFO] [LaunchWrapper]: Calling tweak class net.minecraftforge.fml.relauncher.CoreModManager$FMLPluginWrapper
[23:20:20] [main/INFO] [LaunchWrapper]: Calling tweak class net.minecraftforge.fml.relauncher.CoreModManager$FMLPluginWrapper
[23:20:20] [main/INFO] [LaunchWrapper]: Calling tweak class net.minecraftforge.fml.relauncher.CoreModManager$FMLPluginWrapper
[23:20:20] [main/INFO] [LaunchWrapper]: Calling tweak class net.minecraftforge.fml.relauncher.CoreModManager$FMLPluginWrapper
[23:20:20] [main/INFO] [LaunchWrapper]: Calling tweak class net.minecraftforge.fml.relauncher.CoreModManager$FMLPluginWrapper
[23:20:20] [main/INFO] [LaunchWrapper]: Calling tweak class net.minecraftforge.fml.relauncher.CoreModManager$FMLPluginWrapper
[23:20:20] [main/INFO] [LaunchWrapper]: Calling tweak class org.spongepowered.asm.launch.MixinTweaker
[23:20:20] [main/INFO] [mixin]: Initialised Mixin FML Remapper Adapter with net.minecraftforge.fml.common.asm.transformers.deobf.FMLDeobfuscatingRemapper@63cd2cd2
[23:20:20] [main/INFO] [MixinBooter]: Grabbing class dev.tr7zw.entityculling.EntityCullingEarlyLoader for its mixins.
[23:20:20] [main/INFO] [MixinBooter]: Adding entityculling.mixins.json mixin configuration.
[23:20:20] [main/INFO] [LaunchWrapper]: Calling tweak class net.minecraftforge.fml.relauncher.CoreModManager$FMLPluginWrapper
[23:20:20] [main/INFO] [CosmicLib/FakeCoreMod]: [i] FakeCoreMod loading ASM helper classes...
[23:20:20] [main/INFO] [LaunchWrapper]: Calling tweak class guichaguri.betterfps.tweaker.BetterFpsTweaker
[23:20:20] [main/INFO] [LaunchWrapper]: Calling tweak class net.minecraftforge.fml.common.launcher.FMLDeobfTweaker
[23:20:21] [main/INFO] [LaunchWrapper]: Calling tweak class net.minecraftforge.fml.relauncher.CoreModManager$FMLPluginWrapper
[23:20:21] [main/INFO] [LaunchWrapper]: Calling tweak class net.minecraftforge.fml.relauncher.CoreModManager$FMLPluginWrapper
[23:20:21] [main/INFO] [BnBGamingCore]: Minecraft version is 1.12.2 and BNBGamingCore accepts versions 1.12, . It will be registered.
[23:20:21] [main/INFO] [BnBGamingCore]: Minecraft version is 1.12.2 and BNBGamingCore accepts versions 1.12, . It will be registered.
[23:20:21] [main/INFO] [LaunchWrapper]: Calling tweak class net.minecraftforge.fml.relauncher.CoreModManager$FMLPluginWrapper
[23:20:21] [main/INFO] [LaunchWrapper]: Calling tweak class net.minecraftforge.fml.relauncher.CoreModManager$FMLPluginWrapper
[23:20:21] [main/INFO] [LaunchWrapper]: Calling tweak class net.minecraftforge.fml.relauncher.CoreModManager$FMLPluginWrapper
[23:20:21] [main/INFO] [LaunchWrapper]: Calling tweak class net.minecraftforge.fml.relauncher.CoreModManager$FMLPluginWrapper
[23:20:21] [main/INFO] [LaunchWrapper]: Calling tweak class net.minecraftforge.fml.relauncher.CoreModManager$FMLPluginWrapper
[23:20:21] [main/INFO] [LaunchWrapper]: Calling tweak class net.minecraftforge.fml.relauncher.CoreModManager$FMLPluginWrapper
[23:20:21] [main/INFO] [LaunchWrapper]: Calling tweak class net.minecraftforge.fml.relauncher.CoreModManager$FMLPluginWrapper
[23:20:21] [main/INFO] [LaunchWrapper]: Calling tweak class net.minecraftforge.fml.relauncher.CoreModManager$FMLPluginWrapper
[23:20:21] [main/INFO] [LaunchWrapper]: Calling tweak class net.minecraftforge.fml.relauncher.CoreModManager$FMLPluginWrapper
[23:20:21] [main/INFO] [LaunchWrapper]: Calling tweak class net.minecraftforge.fml.relauncher.CoreModManager$FMLPluginWrapper
[23:20:21] [main/INFO] [LaunchWrapper]: Calling tweak class net.minecraftforge.fml.relauncher.CoreModManager$FMLPluginWrapper
[23:20:21] [main/INFO] [LaunchWrapper]: Calling tweak class net.minecraftforge.fml.relauncher.CoreModManager$FMLPluginWrapper
[23:20:21] [main/INFO] [LaunchWrapper]: Calling tweak class net.minecraftforge.fml.relauncher.CoreModManager$FMLPluginWrapper
[23:20:21] [main/INFO] [LaunchWrapper]: Calling tweak class net.minecraftforge.fml.relauncher.CoreModManager$FMLPluginWrapper
[23:20:21] [main/INFO] [LaunchWrapper]: Calling tweak class net.minecraftforge.fml.relauncher.CoreModManager$FMLPluginWrapper
[23:20:21] [main/INFO] [net.minecraft]: [farseek] Moving Farseek transformer after Sponge proxy
[23:20:21] [main/INFO] [net.minecraft]: [farseek] Excluding Farseek transformer from Sponge pre-mixin transformations
[23:20:21] [main/WARN] [mixin]: MixinEnvironment::addTransformerExclusion is deprecated!
[23:20:21] [main/INFO] [net.minecraft]: [farseek] Re-enabling transformations on Sponge TrackingUtil
[23:20:22] [main/INFO] [LaunchWrapper]: Calling tweak class net.minecraftforge.fml.relauncher.CoreModManager$FMLPluginWrapper
[23:20:22] [main/INFO] [LaunchWrapper]: Calling tweak class net.minecraftforge.fml.relauncher.CoreModManager$FMLPluginWrapper
[23:20:22] [main/INFO] [LaunchWrapper]: Calling tweak class net.minecraftforge.fml.relauncher.CoreModManager$FMLPluginWrapper
[23:20:22] [main/INFO] [LaunchWrapper]: Loading tweak class name net.jan.moddirector.launchwrapper.forge.AfterDeobfTweaker
[23:20:22] [main/INFO] [LaunchWrapper]: Loading tweak class name net.minecraftforge.fml.common.launcher.TerminalTweaker
[23:20:22] [main/INFO] [LaunchWrapper]: Loading tweak class name org.spongepowered.asm.mixin.EnvironmentStateTweaker
[23:20:22] [main/INFO] [LaunchWrapper]: Calling tweak class net.jan.moddirector.launchwrapper.forge.AfterDeobfTweaker
[23:20:22] [main/INFO] [LaunchWrapper]: Calling tweak class net.minecraftforge.fml.common.launcher.TerminalTweaker
[23:20:22] [main/INFO] [LaunchWrapper]: Calling tweak class org.spongepowered.asm.mixin.EnvironmentStateTweaker
[23:20:22] [main/INFO] [Tickrate Changer]: Applying ASM to Minecraft methods...
[23:20:22] [main/INFO] [STDOUT]: [xaero.common.core.transformer.ClassNodeTransformer:transform:29]: Transforming class net.minecraft.server.MinecraftServer net.minecraft.server.MinecraftServer
[23:20:22] [main/INFO] [STDOUT]: [xaero.map.core.transformer.ClassNodeTransformer:transform:29]: Transforming class net.minecraft.server.MinecraftServer
[23:20:22] [main/WARN] [mixin]: Reference map 'movingworld.mixin.refmap.json' for mixins.movingworld.json could not be read. If this is a development environment you can ignore this message
[23:20:22] [main/WARN] [mixin]: Reference map 'mixins.mixincompat.refmap.json' for mixins.mixincompat.json could not be read. If this is a development environment you can ignore this message
[23:20:22] [main/INFO] [Quark ASM]: Transforming net.minecraft.entity.Entity
[23:20:22] [main/INFO] [Quark ASM]: Applying Transformation to method (Names [move, func_70091_d] Descriptor (Lnet/minecraft/entity/MoverType;DDD)V)
[23:20:22] [main/INFO] [Quark ASM]: Located Method, patching...
[23:20:22] [main/INFO] [Quark ASM]: Patch result: true
[23:20:22] [main/INFO] [Quark ASM]: Located Method, patching...
[23:20:22] [main/INFO] [Quark ASM]: Located patch target node INVOKEVIRTUAL net/minecraft/entity/Entity.func_145775_I ()V
[23:20:22] [main/INFO] [Quark ASM]: Patch result: true
[23:20:22] [main/INFO] [Quark ASM]: Applying Transformation to method (Names [onEntityUpdate, func_70030_z] Descriptor ()V)
[23:20:22] [main/INFO] [Quark ASM]: Located Method, patching...
[23:20:22] [main/INFO] [Quark ASM]: Patch result: true
[23:20:22] [main/INFO] [STDOUT]: [com.pg85.otg.forge.asm.excluded.OTGClassTransformer:transform:91]: OTG-Core transforming: net.minecraftforge.registries.GameData : net/minecraftforge/registries/GameData
[23:20:22] [main/INFO] [Hammer Core [ASM]]: Transforming net.minecraft.entity.item.EntityItem (acl)...
[23:20:22] [main/INFO] [Hammer Core [ASM]]:   -Patching EntityItem
[23:20:22] [main/INFO] [Hammer Core [ASM]]:     -Modified method 'attackEntityFrom': added event call.
[23:20:22] [main/INFO] [org.spongepowered.asm.service.mojang.MixinServiceLaunchWrapper]: A re-entrant transformer '$wrapper.com.zeitheron.hammercore.asm.HammerCoreTransformer' was detected and will no longer process meta class data
[23:20:22] [main/INFO] [STDOUT]: [com.pg85.otg.forge.asm.excluded.OTGClassTransformer:transform:91]: OTG-Core transforming: net.minecraft.entity.item.EntityItem : acl
[23:20:22] [main/INFO] [Quark ASM]: Transforming net.minecraft.entity.item.EntityItem
[23:20:22] [main/INFO] [Quark ASM]: Applying Transformation to method (Names [onUpdate, func_70071_h_] Descriptor ()V)
[23:20:22] [main/INFO] [Quark ASM]: Located Method, patching...
[23:20:22] [main/INFO] [Quark ASM]: Patch result: true
[23:20:22] [main/INFO] [STDOUT]: [com.pg85.otg.forge.asm.excluded.OTGClassTransformer:transform:91]: OTG-Core transforming: net.minecraft.entity.EntityLivingBase : vp
[23:20:22] [main/WARN] [LLibrary Core]: Failed to fetch hierarchy node for net.minecraft.nbt.NBTTagList. This may cause patch issues
[23:20:22] [main/WARN] [LLibrary Core]: Failed to fetch hierarchy node for net.minecraft.entity.player.EntityPlayerMP. This may cause patch issues
[23:20:22] [main/INFO] [org.spongepowered.asm.service.mojang.MixinServiceLaunchWrapper]: A re-entrant transformer '$wrapper.thedarkcolour.futuremc.asm.CoreTransformer' was detected and will no longer process meta class data
[23:20:22] [main/INFO] [STDOUT]: [xaero.common.core.transformer.ClassNodeTransformer:transform:29]: Transforming class aed net.minecraft.entity.player.EntityPlayer
[23:20:22] [main/INFO] [STDOUT]: [xaero.map.core.transformer.ClassNodeTransformer:transform:29]: Transforming class net.minecraft.entity.player.EntityPlayer
[23:20:22] [main/WARN] [LLibrary Core]: Failed to fetch hierarchy node for net.minecraft.entity.EntityLivingBase. This may cause patch issues
[23:20:22] [main/WARN] [LLibrary Core]: Failed to fetch hierarchy node for net.minecraft.entity.Entity. This may cause patch issues
[23:20:22] [main/INFO] [STDOUT]: [pl.asie.foamfix.coremod.FoamFixTransformer:spliceClasses:114]: Spliced in METHOD: net.minecraft.tileentity.TileEntity.func_190559_a
[23:20:22] [main/INFO] [STDOUT]: [pl.asie.foamfix.coremod.FoamFixTransformer:spliceClasses:114]: Spliced in METHOD: net.minecraft.block.properties.PropertyEnum.equals
[23:20:22] [main/INFO] [STDOUT]: [pl.asie.foamfix.coremod.FoamFixTransformer:spliceClasses:114]: Spliced in METHOD: net.minecraft.block.properties.PropertyEnum.hashCode
[23:20:22] [main/INFO] [STDOUT]: [pl.asie.foamfix.coremod.FoamFixTransformer:spliceClasses:165]: Added FIELD: net.minecraft.block.properties.PropertyEnum.foamfix_hashCode
[23:20:22] [main/INFO] [STDOUT]: [pl.asie.foamfix.coremod.FoamFixTransformer:spliceClasses:165]: Added FIELD: net.minecraft.block.properties.PropertyEnum.foamfix_hashCode_calced
[23:20:22] [main/INFO] [STDOUT]: [pl.asie.foamfix.coremod.FoamFixTransformer:spliceClasses:114]: Spliced in METHOD: net.minecraft.block.properties.PropertyInteger.hashCode
[23:20:22] [main/INFO] [STDOUT]: [pl.asie.foamfix.coremod.FoamFixTransformer:spliceClasses:165]: Added FIELD: net.minecraft.block.properties.PropertyInteger.foamfix_hashCode
[23:20:22] [main/INFO] [STDOUT]: [pl.asie.foamfix.coremod.FoamFixTransformer:spliceClasses:165]: Added FIELD: net.minecraft.block.properties.PropertyInteger.foamfix_hashCode_calced
[23:20:22] [main/INFO] [STDOUT]: [com.pg85.otg.forge.asm.excluded.OTGClassTransformer:transform:91]: OTG-Core transforming: net.minecraft.entity.projectile.EntityArrow : aeh
[23:20:22] [main/INFO] [STDOUT]: [com.pg85.otg.forge.asm.excluded.OTGClassTransformer:transform:91]: OTG-Core transforming: net.minecraft.entity.item.EntityBoat : afd
[23:20:22] [main/INFO] [Quark ASM]: Transforming net.minecraft.entity.item.EntityBoat
[23:20:22] [main/INFO] [Quark ASM]: Applying Transformation to method (Names [attackEntityFrom, func_70097_a] Descriptor (Lnet/minecraft/util/DamageSource;F)Z)
[23:20:22] [main/INFO] [Quark ASM]: Located Method, patching...
[23:20:22] [main/INFO] [Quark ASM]: Located patch target node INVOKEVIRTUAL net/minecraft/entity/item/EntityBoat.func_145778_a (Lnet/minecraft/item/Item;IF)Lnet/minecraft/entity/item/EntityItem;
[23:20:22] [main/INFO] [Quark ASM]: Patch result: true
[23:20:22] [main/INFO] [STDOUT]: [xaero.common.core.transformer.ClassNodeTransformer:transform:29]: Transforming class oq net.minecraft.entity.player.EntityPlayerMP
[23:20:22] [main/INFO] [STDOUT]: [xaero.map.core.transformer.ClassNodeTransformer:transform:29]: Transforming class net.minecraft.entity.player.EntityPlayerMP
[23:20:22] [main/INFO] [STDOUT]: [com.pg85.otg.forge.asm.excluded.OTGClassTransformer:transform:91]: OTG-Core transforming: net.minecraft.entity.projectile.EntityThrowable : aev
[23:20:22] [main/INFO] [org.spongepowered.asm.service.mojang.MixinServiceLaunchWrapper]: A re-entrant transformer '$wrapper.meldexun.reachfix.asm.ReachFixClassTransformer' was detected and will no longer process meta class data
[23:20:23] [main/WARN] [LLibrary Core]: Failed to fetch hierarchy node for net.minecraft.util.text.TextComponentTranslation. This may cause patch issues
[23:20:23] [main/WARN] [LLibrary Core]: Failed to fetch hierarchy node for net.minecraft.util.math.BlockPos. This may cause patch issues
[23:20:23] [main/WARN] [LLibrary Core]: Failed to fetch hierarchy node for net.minecraft.tileentity.CommandBlockBaseLogic. This may cause patch issues
[23:20:23] [main/WARN] [LLibrary Core]: Failed to fetch hierarchy node for net.minecraft.item.ItemStack. This may cause patch issues
[23:20:23] [main/INFO] [STDOUT]: [com.pg85.otg.forge.asm.excluded.OTGClassTransformer:transform:91]: OTG-Core transforming: net.minecraft.world.biome.Biome : anh
[23:20:23] [main/WARN] [mixin]: Error loading class: net/minecraft/world/biome/BiomeColorHelper$3 (java.lang.ClassNotFoundException: The specified class 'net.minecraft.world.biome.BiomeColorHelper$3' was not found)
[23:20:23] [main/WARN] [mixin]: @Mixin target net/minecraft/world/biome/BiomeColorHelper$3 was not found META-INF/mixins.aquaacrobatics.json:BiomeColorHelperMixin from mod unknown-owner
[23:20:23] [main/INFO] [BetterFps]: Patching net.minecraft.block.Block... (aow)
[23:20:23] [main/INFO] [org.spongepowered.asm.service.mojang.MixinServiceLaunchWrapper]: A re-entrant transformer 'guichaguri.betterfps.transformers.PatcherTransformer' was detected and will no longer process meta class data
[23:20:23] [main/INFO] [Phosphor Crash Fix]: Patching setBlockStateInjectGenerateSkylightMapVanilla in MixinChunk$Vanilla
[23:20:23] [main/INFO] [Phosphor Crash Fix]: Patching setBlockStatePreventPropagateSkylightOcclusion1 in MixinChunk$Vanilla
[23:20:23] [main/INFO] [Phosphor Crash Fix]: Patching setBlockStatePreventPropagateSkylightOcclusion2 in MixinChunk$Vanilla
[23:20:23] [main/INFO] [STDOUT]: [xaero.common.core.transformer.ClassNodeTransformer:transform:29]: Transforming class axw net.minecraft.world.chunk.Chunk
[23:20:23] [main/INFO] [STDOUT]: [xaero.map.core.transformer.ClassNodeTransformer:transform:29]: Transforming class net.minecraft.world.chunk.Chunk
[23:20:23] [main/INFO] [org.spongepowered.asm.service.mojang.MixinServiceLaunchWrapper]: A re-entrant transformer '$wrapper.sereneseasons.asm.transformer.WorldTransformer' was detected and will no longer process meta class data
[23:20:23] [main/INFO] [org.spongepowered.asm.service.mojang.MixinServiceLaunchWrapper]: A re-entrant transformer '$wrapper.lumien.bloodmoon.asm.ClassTransformer' was detected and will no longer process meta class data
[23:20:23] [main/INFO] [STDOUT]: [pl.asie.foamfix.coremod.FoamFixTransformer:spliceClasses:101]: Added INTERFACE: pl/asie/foamfix/coremod/patches/IFoamFixWorldRemovable
[23:20:23] [main/INFO] [STDOUT]: [pl.asie.foamfix.coremod.FoamFixTransformer:spliceClasses:141]: Added METHOD: net.minecraft.world.World.foamfix_removeUnloadedEntities
[23:20:23] [main/INFO] [Hammer Core [ASM]]: Transforming net.minecraft.world.World (amu)...
[23:20:23] [main/INFO] [Hammer Core [ASM]]:   -Patching World
[23:20:23] [main/INFO] [Hammer Core [ASM]]:     -Modified method 'k', replaced nx.e()V with HC call.
[23:20:23] [main/INFO] [STDOUT]: [pl.asie.foamfix.coremod.FoamFixTransformer:spliceClasses:101]: Added INTERFACE: pl/asie/foamfix/coremod/patches/IFoamFixWorldRemovable
[23:20:23] [main/INFO] [STDOUT]: [pl.asie.foamfix.coremod.FoamFixTransformer:spliceClasses:141]: Added METHOD: net.minecraft.world.World.foamfix_removeUnloadedEntities
[23:20:23] [main/INFO] [MixinExtras|Service]: Initializing MixinExtras via com.llamalad7.mixinextras.service.MixinExtrasServiceImpl(version=0.3.6).
[23:20:23] [main/INFO] [STDOUT]: [pl.asie.foamfix.coremod.patches.WorldServerRemovalPatch:apply:57]: Patched updateEntities in net/minecraft/world/WorldServer func_72939_s
[23:20:23] [main/INFO] [Quark ASM]: Transforming net.minecraft.world.WorldServer
[23:20:23] [main/INFO] [Quark ASM]: Applying Transformation to method (Names [areAllPlayersAsleep, func_73056_e] Descriptor ()Z)
[23:20:23] [main/INFO] [Quark ASM]: Located Method, patching...
[23:20:23] [main/INFO] [Quark ASM]: Patch result: true
[23:20:23] [main/INFO] [Quark ASM]: Applying Transformation to method (Names [wakeAllPlayers, func_73053_d] Descriptor ()V)
[23:20:23] [main/INFO] [Quark ASM]: Located Method, patching...
[23:20:23] [main/INFO] [Quark ASM]: Patch result: true
[23:20:23] [main/INFO] [STDOUT]: [com.pg85.otg.forge.asm.excluded.OTGClassTransformer:transform:91]: OTG-Core transforming: net.minecraft.server.management.PlayerList : pl
[23:20:23] [main/INFO] [STDOUT]: [com.pg85.otg.forge.asm.excluded.OTGClassTransformer:transformPlayerList:999]: OTG-Core transforming PlayerList.transformPlayerListUpdateTimeAndWeather
[23:20:23] [main/INFO] [STDOUT]: [com.pg85.otg.forge.asm.excluded.OTGClassTransformer:transformPlayerList:1001]: OTG-Core transforming PlayerList.setPlayerManager
[23:20:23] [main/INFO] [STDOUT]: [xaero.common.core.transformer.ClassNodeTransformer:transform:29]: Transforming class pl net.minecraft.server.management.PlayerList
[23:20:23] [main/INFO] [STDOUT]: [xaero.map.core.transformer.ClassNodeTransformer:transform:29]: Transforming class net.minecraft.server.management.PlayerList
[23:20:23] [main/INFO] [STDOUT]: [xaero.common.core.transformer.ClassNodeTransformer:transform:29]: Transforming class aed net.minecraft.entity.player.EntityPlayer
[23:20:23] [main/INFO] [STDOUT]: [xaero.map.core.transformer.ClassNodeTransformer:transform:29]: Transforming class net.minecraft.entity.player.EntityPlayer
[23:20:23] [main/INFO] [STDOUT]: [pl.asie.foamfix.coremod.patches.EntityDataManagerPatch:apply:69]: Replaced Maps.newHashMap() in net/minecraft/network/datasync/EntityDataManager <init>
[23:20:23] [main/INFO] [BetterFps]: Patching math utils with "RIVENS_HALF" algorithm
[23:20:23] [main/INFO] [org.spongepowered.asm.service.mojang.MixinServiceLaunchWrapper]: A re-entrant transformer 'guichaguri.betterfps.transformers.MathTransformer' was detected and will no longer process meta class data
[23:20:23] [main/INFO] [EC Core Plugin]: Minecraft <EnchantmentHelper.class> patched!
[23:20:23] [main/INFO] [Quark ASM]: Transforming net.minecraft.enchantment.EnchantmentHelper
[23:20:23] [main/INFO] [Quark ASM]: Applying Transformation to method (Names [getEnchantments, func_82781_a] Descriptor (Lnet/minecraft/item/ItemStack;)Ljava/util/Map;)
[23:20:23] [main/INFO] [Quark ASM]: Located Method, patching...
[23:20:23] [main/INFO] [Quark ASM]: Located patch target node INVOKEVIRTUAL net/minecraft/item/ItemStack.func_77986_q ()Lnet/minecraft/nbt/NBTTagList;
[23:20:23] [main/INFO] [Quark ASM]: Patch result: true
[23:20:23] [main/INFO] [STDOUT]: [com.Shultrea.Rin.Transformer.SMEASM:transform:48]: Patching EnchantmentHelper
[23:20:23] [main/INFO] [Hammer Core [ASM]]: Transforming net.minecraft.entity.EntityLivingBase (vp)...
[23:20:23] [main/INFO] [Hammer Core [ASM]]:   -Patching EntityLivingBase
[23:20:23] [main/INFO] [Hammer Core [ASM]]:     -Modified method 'onItemUseFinish': added event call.
[23:20:23] [main/INFO] [STDOUT]: [com.pg85.otg.forge.asm.excluded.OTGClassTransformer:transform:91]: OTG-Core transforming: net.minecraft.entity.EntityLivingBase : vp
[23:20:23] [main/ERROR] [EC Core Plugin]: Minecraft <ItemStack.class> patch FAILED!
[23:20:24] [main/INFO] [Quark ASM]: Transforming net.minecraft.item.ItemStack
[23:20:24] [main/INFO] [Quark ASM]: Applying Transformation to method (Names [getTextComponent, func_151000_E] Descriptor ()Lnet/minecraft/util/text/ITextComponent;)
[23:20:24] [main/INFO] [Quark ASM]: Located Method, patching...
[23:20:24] [main/INFO] [Quark ASM]: Located patch target node ARETURN
[23:20:24] [main/INFO] [Quark ASM]: Patch result: true
[23:20:24] [main/INFO] [Quark ASM]: Transforming net.minecraft.util.DamageSource
[23:20:24] [main/INFO] [Quark ASM]: Applying Transformation to method (Names [causePlayerDamage, func_76365_a] Descriptor (Lnet/minecraft/entity/player/EntityPlayer;)Lnet/minecraft/util/DamageSource;)
[23:20:24] [main/INFO] [Quark ASM]: Located Method, patching...
[23:20:24] [main/INFO] [Quark ASM]: Patch result: true
[23:20:24] [main/INFO] [Quark ASM]: Transforming net.minecraft.entity.Entity
[23:20:24] [main/INFO] [Quark ASM]: Applying Transformation to method (Names [move, func_70091_d] Descriptor (Lnet/minecraft/entity/MoverType;DDD)V)
[23:20:24] [main/INFO] [Quark ASM]: Located Method, patching...
[23:20:24] [main/INFO] [Quark ASM]: Patch result: true
[23:20:24] [main/INFO] [Quark ASM]: Located Method, patching...
[23:20:24] [main/INFO] [Quark ASM]: Located patch target node INVOKEVIRTUAL net/minecraft/entity/Entity.func_145775_I ()V
[23:20:24] [main/INFO] [Quark ASM]: Patch result: true
[23:20:24] [main/INFO] [Quark ASM]: Applying Transformation to method (Names [onEntityUpdate, func_70030_z] Descriptor ()V)
[23:20:24] [main/INFO] [Quark ASM]: Located Method, patching...
[23:20:24] [main/INFO] [Quark ASM]: Patch result: true
[23:20:24] [main/INFO] [LaunchWrapper]: Launching wrapped minecraft {net.minecraft.server.MinecraftServer}
[23:20:24] [main/INFO] [STDOUT]: [com.pg85.otg.forge.asm.excluded.OTGClassTransformer:transform:91]: OTG-Core transforming: net.minecraftforge.registries.GameData : net/minecraftforge/registries/GameData
[23:20:24] [main/INFO] [BetterFps]: Patching net.minecraft.block.Block... (aow)
[23:20:24] [main/INFO] [STDOUT]: [com.pg85.otg.forge.asm.excluded.OTGClassTransformer:transform:91]: OTG-Core transforming: net.minecraft.world.biome.Biome : anh
[23:20:24] [main/INFO] [EC Core Plugin]: Minecraft <Enchantment.class> patched!
[23:20:24] [main/INFO] [Quark ASM]: Transforming net.minecraft.enchantment.Enchantment
[23:20:24] [main/INFO] [Quark ASM]: Applying Transformation to method (Names [canApply, func_92089_a] Descriptor (Lnet/minecraft/item/ItemStack;)Z)
[23:20:24] [main/INFO] [Quark ASM]: Located Method, patching...
[23:20:24] [main/INFO] [Quark ASM]: Located patch target node IRETURN
[23:20:24] [main/INFO] [Quark ASM]: Patch result: true
[23:20:25] [main/INFO] [Hammer Core [ASM]]: Transforming net.minecraft.entity.item.EntityItem (acl)...
[23:20:25] [main/INFO] [Hammer Core [ASM]]:   -Patching EntityItem
[23:20:25] [main/INFO] [Hammer Core [ASM]]:     -Modified method 'attackEntityFrom': added event call.
[23:20:25] [main/INFO] [STDOUT]: [com.pg85.otg.forge.asm.excluded.OTGClassTransformer:transform:91]: OTG-Core transforming: net.minecraft.entity.item.EntityItem : acl
[23:20:25] [main/INFO] [Quark ASM]: Transforming net.minecraft.entity.item.EntityItem
[23:20:25] [main/INFO] [Quark ASM]: Applying Transformation to method (Names [onUpdate, func_70071_h_] Descriptor ()V)
[23:20:25] [main/INFO] [Quark ASM]: Located Method, patching...
[23:20:25] [main/INFO] [Quark ASM]: Patch result: true
[23:20:25] [main/INFO] [STDOUT]: [com.pg85.otg.forge.asm.excluded.OTGClassTransformer:transform:91]: OTG-Core transforming: net.minecraft.entity.item.EntityXPOrb : vm
[23:20:25] [main/INFO] [STDOUT]: [pl.asie.foamfix.coremod.FoamFixTransformer:spliceClasses:114]: Spliced in METHOD: net.minecraft.block.state.BlockStateContainer.createState
[23:20:25] [main/INFO] [STDOUT]: [pl.asie.foamfix.coremod.FoamFixTransformer:spliceClasses:165]: Added FIELD: net.minecraft.block.state.BlockStateContainer.foamfix_mapper
[23:20:25] [main/INFO] [STDOUT]: [pl.asie.foamfix.coremod.FoamFixTransformer:spliceClasses:114]: Spliced in METHOD: net.minecraft.block.properties.PropertyEnum.equals
[23:20:25] [main/INFO] [STDOUT]: [pl.asie.foamfix.coremod.FoamFixTransformer:spliceClasses:114]: Spliced in METHOD: net.minecraft.block.properties.PropertyEnum.hashCode
[23:20:25] [main/INFO] [STDOUT]: [pl.asie.foamfix.coremod.FoamFixTransformer:spliceClasses:165]: Added FIELD: net.minecraft.block.properties.PropertyEnum.foamfix_hashCode
[23:20:25] [main/INFO] [STDOUT]: [pl.asie.foamfix.coremod.FoamFixTransformer:spliceClasses:165]: Added FIELD: net.minecraft.block.properties.PropertyEnum.foamfix_hashCode_calced
[23:20:25] [main/INFO] [STDOUT]: [pl.asie.foamfix.coremod.FoamFixTransformer:spliceClasses:114]: Spliced in METHOD: net.minecraft.block.properties.PropertyInteger.hashCode
[23:20:25] [main/INFO] [STDOUT]: [pl.asie.foamfix.coremod.FoamFixTransformer:spliceClasses:165]: Added FIELD: net.minecraft.block.properties.PropertyInteger.foamfix_hashCode
[23:20:25] [main/INFO] [STDOUT]: [pl.asie.foamfix.coremod.FoamFixTransformer:spliceClasses:165]: Added FIELD: net.minecraft.block.properties.PropertyInteger.foamfix_hashCode_calced
[23:20:25] [main/INFO] [STDOUT]: [pl.asie.foamfix.coremod.FoamFixTransformer:spliceClasses:114]: Spliced in METHOD: net.minecraft.block.properties.PropertyBool.equals
[23:20:25] [main/INFO] [STDOUT]: [pl.asie.foamfix.coremod.FoamFixTransformer:spliceClasses:114]: Spliced in METHOD: net.minecraft.block.properties.PropertyBool.hashCode
[23:20:25] [main/INFO] [BetterFps]: Patching math utils with "RIVENS_HALF" algorithm
[23:20:25] [main/ERROR] [EC Core Plugin]: Minecraft <ItemStack.class> patch FAILED!
[23:20:25] [main/INFO] [Quark ASM]: Transforming net.minecraft.item.ItemStack
[23:20:25] [main/INFO] [Quark ASM]: Applying Transformation to method (Names [getTextComponent, func_151000_E] Descriptor ()Lnet/minecraft/util/text/ITextComponent;)
[23:20:25] [main/INFO] [Quark ASM]: Located Method, patching...
[23:20:25] [main/INFO] [Quark ASM]: Located patch target node ARETURN
[23:20:25] [main/INFO] [Quark ASM]: Patch result: true
[23:20:25] [main/INFO] [Quark ASM]: Transforming net.minecraft.block.BlockDynamicLiquid
[23:20:25] [main/INFO] [Quark ASM]: Applying Transformation to method (Names [isBlocked, func_176372_g] Descriptor (Lnet/minecraft/world/World;Lnet/minecraft/util/math/BlockPos;Lnet/minecraft/block/state/IBlockState;)Z)
[23:20:25] [main/INFO] [Quark ASM]: Located Method, patching...
[23:20:25] [main/INFO] [Quark ASM]: Located patch target node IRETURN
[23:20:25] [main/INFO] [Quark ASM]: Located patch target node IRETURN
[23:20:25] [main/INFO] [Quark ASM]: Patch result: true
[23:20:25] [main/INFO] [STDOUT]: [pl.asie.foamfix.coremod.FoamFixTransformer:spliceClasses:114]: Spliced in METHOD: net.minecraftforge.common.property.ExtendedBlockState.createState
[23:20:25] [main/INFO] [STDOUT]: [pl.asie.foamfix.coremod.FoamFixTransformer:spliceClasses:165]: Added FIELD: net.minecraftforge.common.property.ExtendedBlockState.foamfix_mapper
[23:20:25] [main/INFO] [STDOUT]: [com.pg85.otg.forge.asm.excluded.OTGClassTransformer:transform:91]: OTG-Core transforming: net.minecraft.entity.item.EntityFallingBlock : ack
[23:20:25] [main/INFO] [STDOUT]: [pl.asie.foamfix.coremod.FoamFixTransformer:spliceClasses:114]: Spliced in METHOD: net.minecraft.tileentity.TileEntity.func_190559_a
[23:20:25] [main/INFO] [STDOUT]: [pl.asie.foamfix.coremod.FoamFixTransformer:spliceClasses:114]: Spliced in METHOD: net.minecraft.block.BlockBed.func_189540_a
[23:20:25] [main/INFO] [Quark ASM]: Transforming net.minecraft.block.BlockPistonBase
[23:20:25] [main/INFO] [Quark ASM]: Applying Transformation to method (Names [canPush, func_185646_a] Descriptor (Lnet/minecraft/block/state/IBlockState;Lnet/minecraft/world/World;Lnet/minecraft/util/math/BlockPos;Lnet/minecraft/util/EnumFacing;ZLnet/minecraft/util/EnumFacing;)Z)
[23:20:25] [main/INFO] [Quark ASM]: Located Method, patching...
[23:20:25] [main/INFO] [Quark ASM]: Located patch target node INVOKEVIRTUAL net/minecraft/block/Block.hasTileEntity (Lnet/minecraft/block/state/IBlockState;)Z
[23:20:25] [main/INFO] [Quark ASM]: Patch result: true
[23:20:25] [main/INFO] [Quark ASM]: Applying Transformation to method (Names [doMove, func_176319_a] Descriptor (Lnet/minecraft/world/World;Lnet/minecraft/util/math/BlockPos;Lnet/minecraft/util/EnumFacing;Z)Z)
[23:20:25] [main/INFO] [Quark ASM]: Located Method, patching...
[23:20:25] [main/INFO] [Quark ASM]: Located patch target node INVOKEVIRTUAL net/minecraft/block/state/BlockPistonStructureHelper.func_177254_c ()Ljava/util/List;
[23:20:25] [main/INFO] [Quark ASM]: Patch result: true
[23:20:25] [main/INFO] [Quark ASM]: Applying Transformation to method (Names [doMove, func_176319_a] Descriptor (Lnet/minecraft/world/World;Lnet/minecraft/util/math/BlockPos;Lnet/minecraft/util/EnumFacing;Z)Z)
[23:20:25] [main/INFO] [Quark ASM]: Located Method, patching...
[23:20:25] [main/INFO] [Quark ASM]: Located patch target node INVOKESPECIAL net/minecraft/block/state/BlockPistonStructureHelper.<init> (Lnet/minecraft/world/World;Lnet/minecraft/util/math/BlockPos;Lnet/minecraft/util/EnumFacing;Z)V
[23:20:25] [main/INFO] [Quark ASM]: Patch result: true
[23:20:25] [main/INFO] [Quark ASM]: Applying Transformation to method (Names [checkForMove, func_176316_e] Descriptor (Lnet/minecraft/world/World;Lnet/minecraft/util/math/BlockPos;Lnet/minecraft/block/state/IBlockState;)V)
[23:20:25] [main/INFO] [Quark ASM]: Located Method, patching...
[23:20:25] [main/INFO] [Quark ASM]: Located patch target node INVOKESPECIAL net/minecraft/block/state/BlockPistonStructureHelper.<init> (Lnet/minecraft/world/World;Lnet/minecraft/util/math/BlockPos;Lnet/minecraft/util/EnumFacing;Z)V
[23:20:25] [main/INFO] [Quark ASM]: Patch result: true
[23:20:25] [main/INFO] [Quark ASM]: Transforming net.minecraft.tileentity.TileEntityPiston
[23:20:25] [main/INFO] [Quark ASM]: Applying Transformation to method (Names [update, func_73660_a] Descriptor ()V)
[23:20:25] [main/INFO] [Quark ASM]: Located Method, patching...
[23:20:25] [main/INFO] [Quark ASM]: Patch result: true
[23:20:25] [main/INFO] [Quark ASM]: Applying Transformation to method (Names [clearPistonTileEntity, func_145866_f] Descriptor ()V)
[23:20:25] [main/INFO] [Quark ASM]: Located Method, patching...
[23:20:25] [main/INFO] [Quark ASM]: Located patch target node INVOKEVIRTUAL net/minecraft/world/World.func_180501_a (Lnet/minecraft/util/math/BlockPos;Lnet/minecraft/block/state/IBlockState;I)Z
[23:20:25] [main/INFO] [Quark ASM]: Patch result: true
[23:20:25] [main/INFO] [Quark ASM]: Applying Transformation to method (Names [update, func_73660_a] Descriptor ()V)
[23:20:25] [main/INFO] [Quark ASM]: Located Method, patching...
[23:20:25] [main/INFO] [Quark ASM]: Located patch target node INVOKEVIRTUAL net/minecraft/world/World.func_180501_a (Lnet/minecraft/util/math/BlockPos;Lnet/minecraft/block/state/IBlockState;I)Z
[23:20:25] [main/INFO] [Quark ASM]: Patch result: true
[23:20:25] [main/INFO] [STDOUT]: [com.pg85.otg.forge.asm.excluded.OTGClassTransformer:transform:91]: OTG-Core transforming: net.minecraft.entity.item.EntityTNTPrimed : acm
[23:20:25] [main/INFO] [STDOUT]: [pl.asie.foamfix.coremod.patches.GhostBusterBlockStateAccessPatch$FFMethodVisitor:visitMethodInsn:93]: Added ghost buster patch (getBlockState call wrapped) in net/minecraft/block/BlockFarmland func_176530_e (net/minecraft/world/World func_180495_p (Lnet/minecraft/util/math/BlockPos;)Lnet/minecraft/block/state/IBlockState;)
[23:20:25] [main/INFO] [BetterFps]: Patching net.minecraft.tileentity.TileEntityBeacon... (avh)
[23:20:25] [main/INFO] [BetterFps]: Patching net.minecraft.block.BlockHopper... (arl)
[23:20:25] [main/INFO] [STDOUT]: [pl.asie.patchy.helpers.ConstructorReplacingTransformer$FFMethodVisitor:visitTypeInsn:73]: Replaced NEW for net/minecraft/tileentity/TileEntityHopper to pl/asie/foamfix/common/TileEntityFasterHopper
[23:20:25] [main/INFO] [STDOUT]: [pl.asie.patchy.helpers.ConstructorReplacingTransformer$FFMethodVisitor:visitMethodInsn:85]: Replaced INVOKESPECIAL for net/minecraft/tileentity/TileEntityHopper to pl/asie/foamfix/common/TileEntityFasterHopper
[23:20:25] [main/INFO] [BetterFps]: Patching net.minecraft.tileentity.TileEntityHopper... (avw)
[23:20:25] [main/INFO] [STDOUT]: [com.Shultrea.Rin.Transformer.SMEASM:transform:54]: Patching EnchantmentProtection
[23:20:25] [main/INFO] [Quark ASM]: Transforming net.minecraft.enchantment.EnchantmentDamage
[23:20:25] [main/INFO] [Quark ASM]: Applying Transformation to method (Names [canApply, func_92089_a] Descriptor (Lnet/minecraft/item/ItemStack;)Z)
[23:20:25] [main/INFO] [Quark ASM]: Located Method, patching...
[23:20:25] [main/INFO] [Quark ASM]: Located patch target node IRETURN
[23:20:25] [main/INFO] [Quark ASM]: Located patch target node IRETURN
[23:20:25] [main/INFO] [Quark ASM]: Patch result: true
[23:20:25] [main/INFO] [STDOUT]: [com.pg85.otg.forge.asm.excluded.OTGClassTransformer:transform:91]: OTG-Core transforming: net.minecraft.entity.projectile.EntityArrow : aeh
[23:20:26] [main/INFO] [STDOUT]: [com.pg85.otg.forge.asm.excluded.OTGClassTransformer:transform:91]: OTG-Core transforming: net.minecraft.entity.item.EntityMinecart : afe
[23:20:26] [main/INFO] [Quark ASM]: Transforming net.minecraft.entity.item.EntityMinecart
[23:20:26] [main/INFO] [Quark ASM]: Applying Transformation to method (Names [killMinecart, func_94095_a] Descriptor (Lnet/minecraft/util/DamageSource;)V)
[23:20:26] [main/INFO] [Quark ASM]: Located Method, patching...
[23:20:26] [main/INFO] [Quark ASM]: Located patch target node INVOKEVIRTUAL net/minecraft/entity/item/EntityMinecart.func_70099_a (Lnet/minecraft/item/ItemStack;F)Lnet/minecraft/entity/item/EntityItem;
[23:20:26] [main/INFO] [Quark ASM]: Patch result: true
[23:20:26] [main/INFO] [STDOUT]: [com.pg85.otg.forge.asm.excluded.OTGClassTransformer:transform:91]: OTG-Core transforming: net.minecraft.entity.projectile.EntityThrowable : aev
[23:20:26] [main/INFO] [STDOUT]: [com.pg85.otg.forge.asm.excluded.OTGClassTransformer:transform:91]: OTG-Core transforming: net.minecraft.entity.item.EntityBoat : afd
[23:20:26] [main/INFO] [Quark ASM]: Transforming net.minecraft.entity.item.EntityBoat
[23:20:26] [main/INFO] [Quark ASM]: Applying Transformation to method (Names [attackEntityFrom, func_70097_a] Descriptor (Lnet/minecraft/util/DamageSource;F)Z)
[23:20:26] [main/INFO] [Quark ASM]: Located Method, patching...
[23:20:26] [main/INFO] [Quark ASM]: Located patch target node INVOKEVIRTUAL net/minecraft/entity/item/EntityBoat.func_145778_a (Lnet/minecraft/item/Item;IF)Lnet/minecraft/entity/item/EntityItem;
[23:20:26] [main/INFO] [Quark ASM]: Patch result: true
[23:20:26] [main/INFO] [STDOUT]: [xaero.common.core.transformer.ClassNodeTransformer:transform:29]: Transforming class oq net.minecraft.entity.player.EntityPlayerMP
[23:20:26] [main/INFO] [STDOUT]: [xaero.map.core.transformer.ClassNodeTransformer:transform:29]: Transforming class net.minecraft.entity.player.EntityPlayerMP
[23:20:26] [main/ERROR] [EC Core Plugin]: Minecraft <ItemEnchantedBook.class> patch FAILED!
[23:20:26] [main/INFO] [Quark ASM]: Transforming net.minecraft.item.ItemBanner
[23:20:26] [main/INFO] [Quark ASM]: Applying Transformation to method (Names [appendHoverTextFromTileEntityTag, func_185054_a] Descriptor (Lnet/minecraft/item/ItemStack;Ljava/util/List;)V)
[23:20:26] [main/INFO] [Quark ASM]: Failed to locate the method!
[23:20:26] [main/INFO] [Quark ASM]: Transforming net.minecraft.entity.ai.EntityAITarget
[23:20:26] [main/INFO] [Quark ASM]: Applying Transformation to method (Names [isSuitableTarget, func_179445_a] Descriptor (Lnet/minecraft/entity/EntityLiving;Lnet/minecraft/entity/EntityLivingBase;ZZ)Z)
[23:20:26] [main/INFO] [Quark ASM]: Located Method, patching...
[23:20:26] [main/INFO] [Quark ASM]: Patch result: true
[23:20:26] [main/INFO] [STDOUT]: [com.pg85.otg.forge.asm.excluded.OTGClassTransformer:transform:91]: OTG-Core transforming: net.minecraft.entity.projectile.EntityShulkerBullet : aer
[23:20:26] [main/INFO] [Quark ASM]: Transforming net.minecraft.entity.ai.EntityAITarget
[23:20:26] [main/INFO] [Quark ASM]: Applying Transformation to method (Names [isSuitableTarget, func_179445_a] Descriptor (Lnet/minecraft/entity/EntityLiving;Lnet/minecraft/entity/EntityLivingBase;ZZ)Z)
[23:20:26] [main/INFO] [Quark ASM]: Located Method, patching...
[23:20:26] [main/INFO] [Quark ASM]: Patch result: true
[23:20:26] [main/INFO] [STDOUT]: [com.pg85.otg.forge.asm.excluded.OTGClassTransformer:transform:91]: OTG-Core transforming: net.minecraft.entity.item.EntityMinecart : afe
[23:20:26] [main/INFO] [Quark ASM]: Transforming net.minecraft.entity.item.EntityMinecart
[23:20:26] [main/INFO] [Quark ASM]: Applying Transformation to method (Names [killMinecart, func_94095_a] Descriptor (Lnet/minecraft/util/DamageSource;)V)
[23:20:26] [main/INFO] [Quark ASM]: Located Method, patching...
[23:20:26] [main/INFO] [Quark ASM]: Located patch target node INVOKEVIRTUAL net/minecraft/entity/item/EntityMinecart.func_70099_a (Lnet/minecraft/item/ItemStack;F)Lnet/minecraft/entity/item/EntityItem;
[23:20:26] [main/INFO] [Quark ASM]: Patch result: true
[23:20:26] [main/INFO] [STDOUT]: [pl.asie.foamfix.coremod.FoamFixTransformer:spliceClasses:101]: Added INTERFACE: pl/asie/foamfix/api/IFoamFixMobSpawnerLogic
[23:20:26] [main/INFO] [STDOUT]: [pl.asie.foamfix.coremod.FoamFixTransformer:spliceClasses:114]: Spliced in METHOD: net.minecraft.tileentity.MobSpawnerBaseLogic.func_98279_f
[23:20:26] [main/INFO] [STDOUT]: [pl.asie.foamfix.coremod.FoamFixTransformer:spliceClasses:165]: Added FIELD: net.minecraft.tileentity.MobSpawnerBaseLogic.foamfix_activatedCache
[23:20:26] [main/INFO] [STDOUT]: [pl.asie.foamfix.coremod.FoamFixTransformer:spliceClasses:165]: Added FIELD: net.minecraft.tileentity.MobSpawnerBaseLogic.foamfix_activatedCachePESize
[23:20:26] [main/INFO] [STDOUT]: [pl.asie.foamfix.coremod.FoamFixTransformer:spliceClasses:165]: Added FIELD: net.minecraft.tileentity.MobSpawnerBaseLogic.foamfix_activatedCacheTime
[23:20:26] [main/INFO] [STDOUT]: [pl.asie.foamfix.coremod.FoamFixTransformer:spliceClasses:165]: Added FIELD: net.minecraft.tileentity.MobSpawnerBaseLogic.foamfix_forcedCache
[23:20:26] [main/INFO] [STDOUT]: [pl.asie.foamfix.coremod.FoamFixTransformer:spliceClasses:165]: Added FIELD: net.minecraft.tileentity.MobSpawnerBaseLogic.foamfix_forcedCacheTime
[23:20:26] [main/INFO] [STDOUT]: [com.pg85.otg.forge.asm.excluded.OTGClassTransformer:transform:91]: OTG-Core transforming: net.minecraft.entity.item.EntityXPOrb : vm
[23:20:26] [main/INFO] [EC Core Plugin]: Minecraft <Enchantment.class> patched!
[23:20:26] [main/INFO] [Quark ASM]: Transforming net.minecraft.enchantment.Enchantment
[23:20:26] [main/INFO] [Quark ASM]: Applying Transformation to method (Names [canApply, func_92089_a] Descriptor (Lnet/minecraft/item/ItemStack;)Z)
[23:20:26] [main/INFO] [Quark ASM]: Located Method, patching...
[23:20:26] [main/INFO] [Quark ASM]: Located patch target node IRETURN
[23:20:26] [main/INFO] [Quark ASM]: Patch result: true
[23:20:26] [main/INFO] [STDOUT]: [com.pg85.otg.forge.asm.excluded.OTGClassTransformer:transform:91]: OTG-Core transforming: net.minecraft.entity.projectile.EntityLlamaSpit : aeo
[23:20:27] [main/INFO] [STDOUT]: [pl.asie.foamfix.coremod.patches.EntityDataManagerPatch:apply:69]: Replaced Maps.newHashMap() in net/minecraft/network/datasync/EntityDataManager <init>
[23:20:27] [main/INFO] [EC Core Plugin]: Minecraft <ListEnchantedBookForEmeralds.class> patched!
[23:20:27] [main/INFO] [Quark ASM]: Transforming net.minecraft.item.crafting.RecipesBanners$RecipeAddPattern
[23:20:27] [main/INFO] [Quark ASM]: Applying Transformation to method (Names [matches, func_77569_a] Descriptor (Lnet/minecraft/inventory/InventoryCrafting;Lnet/minecraft/world/World;)Z)
[23:20:27] [main/INFO] [Quark ASM]: Located Method, patching...
[23:20:27] [main/INFO] [Quark ASM]: Located patch target node INVOKESTATIC net/minecraft/tileentity/TileEntityBanner.func_175113_c (Lnet/minecraft/item/ItemStack;)I
[23:20:27] [main/INFO] [Quark ASM]: Patch result: true
[23:20:27] [main/INFO] [BetterFps]: Patching net.minecraft.server.dedicated.DedicatedServer... (nz)
[23:20:27] [main/INFO] [Quark ASM]: Transforming net.minecraft.inventory.ContainerMerchant
[23:20:27] [main/INFO] [Quark ASM]: Applying Transformation to method (Names [transferStackInSlot, func_82846_b] Descriptor (Lnet/minecraft/entity/player/EntityPlayer;I)Lnet/minecraft/item/ItemStack;)
[23:20:27] [main/INFO] [Quark ASM]: Located Method, patching...
[23:20:27] [main/INFO] [Quark ASM]: Located patch target node INVOKEVIRTUAL net/minecraft/inventory/ContainerMerchant.func_75135_a (Lnet/minecraft/item/ItemStack;IIZ)Z
[23:20:27] [main/INFO] [Quark ASM]: Located patch target node INVOKEVIRTUAL net/minecraft/inventory/ContainerMerchant.func_75135_a (Lnet/minecraft/item/ItemStack;IIZ)Z
[23:20:27] [main/INFO] [Quark ASM]: Located patch target node INVOKEVIRTUAL net/minecraft/inventory/ContainerMerchant.func_75135_a (Lnet/minecraft/item/ItemStack;IIZ)Z
[23:20:27] [main/INFO] [Quark ASM]: Located patch target node INVOKEVIRTUAL net/minecraft/inventory/ContainerMerchant.func_75135_a (Lnet/minecraft/item/ItemStack;IIZ)Z
[23:20:27] [main/INFO] [Quark ASM]: Patch result: true
[23:20:27] [main/INFO] [Hammer Core [ASM]]: Transforming net.minecraft.profiler.Profiler (rl)...
[23:20:27] [main/INFO] [Hammer Core [ASM]]:   -Patched startSection!
[23:20:27] [main/INFO] [Hammer Core [ASM]]:   -Patched endSection!
[23:20:27] [main/INFO] [Hammer Core [ASM]]:   -Patched endStartSection!
[23:20:27] [main/INFO] [EC Core Plugin]: Minecraft <CommandEnchant.class> patched!
[23:20:27] [main/INFO] [STDOUT]: [xaero.common.core.transformer.ClassNodeTransformer:transform:29]: Transforming class bfc net.minecraft.world.storage.SaveFormatOld
[23:20:27] [main/INFO] [STDOUT]: [xaero.map.core.transformer.ClassNodeTransformer:transform:29]: Transforming class net.minecraft.world.storage.SaveFormatOld
[23:20:27] [Server thread/INFO] [net.minecraft.server.dedicated.DedicatedServer]: Starting minecraft server version 1.12.2
[23:20:27] [Server thread/INFO] [FML]: MinecraftForge v14.23.5.2860 Initialized
[23:20:27] [Server thread/INFO] [FML]: Starts to replace vanilla recipe ingredients with ore ingredients.
[23:20:27] [Server thread/INFO] [FML]: Invalid recipe found with multiple oredict ingredients in the same ingredient...
[23:20:28] [Server thread/INFO] [FML]: Replaced 1227 ore ingredients
[23:20:28] [Server thread/INFO] [MixinBooter]: Initializing MixinBooter's Mod Container.
[23:20:28] [Server thread/INFO] [FML]: Searching /workspaces/SRP/servidor_minecraft/./mods for mods
[23:20:28] [Server thread/INFO] [FML]: Searching /workspaces/SRP/servidor_minecraft/./mods/1.12.2 for mods
[23:20:28] [Server thread/INFO] [FML]: Disabling mod advancementplaques it is client side only.
[23:20:28] [Server thread/INFO] [FML]: Disabling mod ambientsounds it is client side only.
[23:20:28] [Server thread/INFO] [FML]: Disabling mod betteradvancements it is client side only.
[23:20:28] [Server thread/INFO] [FML]: Disabling mod betterbiomeblend it is client side only.
[23:20:28] [Server thread/WARN] [FML]: Mod betterbuilderswands is missing the required element 'version' and a version.properties file could not be found. Falling back to metadata version 0.11.1
[23:20:28] [Server thread/WARN] [FML]: Mod bettermineshafts is missing the required element 'version' and a version.properties file could not be found. Falling back to metadata version 1.12.2-2.2.1
[23:20:28] [Server thread/INFO] [FML]: Disabling mod bettertitlescreen it is client side only.
[23:20:28] [Server thread/INFO] [FML]: Disabling mod blockdrops it is client side only.
[23:20:29] [Server thread/INFO] [FML]: Disabling mod controlling it is client side only.
[23:20:29] [Server thread/WARN] [FML]: Mod cookingforblockheads is missing the required element 'version' and a version.properties file could not be found. Falling back to metadata version 6.5.0
[23:20:29] [Server thread/INFO] [FML]: Disabling mod ctgui it is client side only.
[23:20:29] [Server thread/INFO] [FML]: Disabling mod enchdesc it is client side only.
[23:20:29] [Server thread/INFO] [FML]: Disabling mod entityculling it is client side only.
[23:20:29] [Server thread/WARN] [FML]: Mod farseek is missing the required element 'version' and a version.properties file could not be found. Falling back to metadata version 2.5.1
[23:20:30] [Server thread/WARN] [FML]: Mod hermitsarsenal is missing the required element 'version' and a version.properties file could not be found. Falling back to metadata version V1
[23:20:30] [Server thread/INFO] [FML]: Disabling mod highlighter it is client side only.
[23:20:30] [Server thread/WARN] [FML]: Mod ironchest is missing the required element 'version' and a version.properties file could not be found. Falling back to metadata version 1.12.2-7.0.67.844
[23:20:30] [Server thread/INFO] [FML]: Disabling mod jeivillagers it is client side only.
[23:20:30] [Server thread/INFO] [FML]: Disabling mod jehc it is client side only.
[23:20:30] [Server thread/INFO] [FML]: Disabling mod jeresources it is client side only.
[23:20:30] [Server thread/INFO] [FML]: Disabling mod lanserverproperties it is client side only.
[23:20:30] [Server thread/INFO] [FML]: Disabling mod legendarytooltips it is client side only.
[23:20:30] [Server thread/INFO] [FML]: Disabling mod lpb it is client side only.
[23:20:30] [Server thread/WARN] [FML]: Mod mekanismgenerators is missing the required element 'version' and a version.properties file could not be found. Falling back to metadata version 1.12.2-9.8.3.390
[23:20:30] [Server thread/WARN] [FML]: Mod mekanismtools is missing the required element 'version' and a version.properties file could not be found. Falling back to metadata version 1.12.2-9.8.3.390
[23:20:30] [Server thread/INFO] [FML]: Disabling mod messageremover it is client side only.
[23:20:30] [Server thread/INFO] [FML]: Disabling mod mousetweaks it is client side only.
[23:20:30] [Server thread/INFO] [FML]: Disabling mod musicplayer it is client side only.
[23:20:30] [Server thread/WARN] [FML]: Mod nanhealthfixer is missing the required element 'version' and a version.properties file could not be found. Falling back to metadata version 1.12.2-0.0.1
[23:20:30] [Server thread/INFO] [FML]: Disabling mod neat it is client side only.
[23:20:30] [Server thread/WARN] [FML]: Mod nocubesrptweaks is missing the required element 'version' and a version.properties file could not be found. Falling back to metadata version V4.1hf4
[23:20:30] [Server thread/WARN] [FML]: Mod offlineskins is missing the required element 'version' and a version.properties file could not be found. Falling back to metadata version 1.12.2-v6
[23:20:30] [Server thread/INFO] [FML]: Disabling mod overpoweredarmorbar it is client side only.
[23:20:30] [Server thread/INFO] [FML]: Disabling mod particleculling it is client side only.
[23:20:30] [Server thread/WARN] [FML]: Mod patchouli is missing the required element 'version' and a version.properties file could not be found. Falling back to metadata version 1.0-23.6
[23:20:30] [Server thread/WARN] [FML]: Mod reachfix is missing the required element 'version' and a version.properties file could not be found. Falling back to metadata version 1.0.10
[23:20:31] [Server thread/INFO] [FML]: Disabling mod resourceloader it is client side only.
[23:20:31] [Server thread/WARN] [FML]: Mod simple-rpc is missing the required element 'version' and no fallback can be found. Substituting '1.0'.
[23:20:31] [Server thread/INFO] [FML]: Disabling mod soundfilters it is client side only.
[23:20:31] [Server thread/WARN] [FML]: Mod srptweaks is missing the required element 'version' and a version.properties file could not be found. Falling back to metadata version V1
[23:20:31] [Server thread/WARN] [FML]: Mod swparasites is missing the required element 'version' and a version.properties file could not be found. Falling back to metadata version v3.1
[23:20:31] [Server thread/INFO] [FML]: Disabling mod tips it is client side only.
[23:20:31] [Server thread/INFO] [FML]: Disabling mod toughnessbar it is client side only.
[23:20:31] [Server thread/INFO] [FML]: Disabling mod wailaharvestability it is client side only.
[23:20:31] [Server thread/WARN] [FML]: Mod weaponmaster_ydm is missing the required element 'version' and a version.properties file could not be found. Falling back to metadata version 4.2.3
[23:20:31] [Server thread/WARN] [FML]: Mod wings is missing the required element 'version' and a version.properties file could not be found. Falling back to metadata version 1.1.6
[23:20:32] [Server thread/INFO] [FML]: Forge Mod Loader has identified 215 mods to load
[23:20:32] [Server thread/INFO] [FML]: Found mod(s) [futuremc] containing declared API package vazkii.quark.api (owned by quark) without associated API reference
[23:20:32] [Server thread/WARN] [FML]: Missing English translation for FML: assets/fml/lang/en_us.lang
[23:20:32] [Server thread/WARN] [FML]: Missing English translation for supermartijn642corelib: assets/supermartijn642corelib/lang/en_us.lang
[23:20:32] [Server thread/WARN] [FML]: Missing English translation for anvilrestoration: assets/anvilrestoration/lang/en_us.lang
[23:20:32] [Server thread/WARN] [FML]: Missing English translation for appleskin: assets/appleskin/lang/en_us.lang
[23:20:32] [Server thread/WARN] [FML]: Missing English translation for armorcurve: assets/armorcurve/lang/en_us.lang
[23:20:32] [Server thread/WARN] [FML]: Missing English translation for attributefix: assets/attributefix/lang/en_us.lang
[23:20:32] [Server thread/WARN] [FML]: Missing English translation for betterbedrock: assets/betterbedrock/lang/en_us.lang
[23:20:32] [Server thread/WARN] [FML]: Missing English translation for betterburning: assets/betterburning/lang/en_us.lang
[23:20:32] [Server thread/WARN] [FML]: Missing English translation for bettermineshafts: assets/bettermineshafts/lang/en_us.lang
[23:20:32] [Server thread/WARN] [FML]: Missing English translation for biggerpacketsplz: assets/biggerpacketsplz/lang/en_us.lang
[23:20:32] [Server thread/WARN] [FML]: Missing English translation for chunkgenlimit: assets/chunkgenlimit/lang/en_us.lang
[23:20:32] [Server thread/WARN] [FML]: Missing English translation for clumps: assets/clumps/lang/en_us.lang
[23:20:32] [Server thread/WARN] [FML]: Missing English translation for cofhcore: assets/cofhcore/lang/en_us.lang
[23:20:32] [Server thread/WARN] [FML]: Missing English translation for collective: assets/collective/lang/en_us.lang
[23:20:32] [Server thread/WARN] [FML]: Missing English translation for configurablebeacons: assets/configurablebeacons/lang/en_us.lang
[23:20:32] [Server thread/WARN] [FML]: Missing English translation for contenttweaker: assets/contenttweaker/lang/en_us.lang
[23:20:32] [Server thread/WARN] [FML]: Missing English translation for cookiecore: assets/cookiecore/lang/en_us.lang
[23:20:32] [Server thread/WARN] [FML]: Missing English translation for crafttweakerjei: assets/crafttweakerjei/lang/en_us.lang
[23:20:32] [Server thread/WARN] [FML]: Missing English translation for ctintegration: assets/ctintegration/lang/en_us.lang
[23:20:32] [Server thread/WARN] [FML]: Missing English translation for enhancedvisuals: assets/enhancedvisuals/lang/en_us.lang
[23:20:32] [Server thread/WARN] [FML]: Missing English translation for farseek: assets/farseek/lang/en_us.lang
[23:20:32] [Server thread/WARN] [FML]: Missing English translation for fastfurnace: assets/fastfurnace/lang/en_us.lang
[23:20:32] [Server thread/WARN] [FML]: Missing English translation for fastleafdecay: assets/fastleafdecay/lang/en_us.lang
[23:20:32] [Server thread/WARN] [FML]: Missing English translation for foamfix: assets/foamfix/lang/en_us.lang
[23:20:32] [Server thread/WARN] [FML]: Missing English translation for forgelin: assets/forgelin/lang/en_us.lang
[23:20:32] [Server thread/WARN] [FML]: Missing English translation for friendly_chests: assets/friendly_chests/lang/en_us.lang
[23:20:32] [Server thread/WARN] [FML]: Missing English translation for getittogetherdrops: assets/getittogetherdrops/lang/en_us.lang
[23:20:32] [Server thread/WARN] [FML]: Missing English translation for letsencryptcraft: assets/letsencryptcraft/lang/en_us.lang
[23:20:32] [Server thread/WARN] [FML]: Missing English translation for libraryex: assets/libraryex/lang/en_us.lang
[23:20:32] [Server thread/WARN] [FML]: Missing English translation for lieutenant: assets/lieutenant/lang/en_us.lang
[23:20:32] [Server thread/WARN] [FML]: Missing English translation for lttweaker: assets/lttweaker/lang/en_us.lang
[23:20:32] [Server thread/WARN] [FML]: Missing English translation for lostsouls: assets/lostsouls/lang/en_us.lang
[23:20:32] [Server thread/WARN] [FML]: Missing English translation for lunatriuscore: assets/lunatriuscore/lang/en_us.lang
[23:20:32] [Server thread/WARN] [FML]: Missing English translation for mantle: assets/mantle/lang/en_us.lang
[23:20:32] [Server thread/WARN] [FML]: Missing English translation for materialispreload: assets/materialispreload/lang/en_us.lang
[23:20:32] [Server thread/WARN] [FML]: Missing English translation for mcjtylib_ng: assets/mcjtylib_ng/lang/en_us.lang
[23:20:32] [Server thread/WARN] [FML]: Missing English translation for mekanismgenerators: assets/mekanismgenerators/lang/en_us.lang
[23:20:32] [Server thread/WARN] [FML]: Missing English translation for mekanismtools: assets/mekanismtools/lang/en_us.lang
[23:20:32] [Server thread/WARN] [FML]: Missing English translation for minerlore: assets/minerlore/lang/en_us.lang
[23:20:32] [Server thread/WARN] [FML]: Missing English translation for mobstages: assets/mobstages/lang/en_us.lang
[23:20:32] [Server thread/WARN] [FML]: Missing English translation for movingworld: assets/movingworld/lang/en_us.lang
[23:20:32] [Server thread/WARN] [FML]: Missing English translation for mtlib: assets/mtlib/lang/en_us.lang
[23:20:32] [Server thread/WARN] [FML]: Missing English translation for nanhealthfixer: assets/nanhealthfixer/lang/en_us.lang
[23:20:32] [Server thread/WARN] [FML]: Missing English translation for offlineskins: assets/offlineskins/lang/en_us.lang
[23:20:32] [Server thread/WARN] [FML]: Missing English translation for packetapi: assets/packetapi/lang/en_us.lang
[23:20:32] [Server thread/WARN] [FML]: Missing English translation for phosphorcrashfix: assets/phosphorcrashfix/lang/en_us.lang
[23:20:32] [Server thread/WARN] [FML]: Missing English translation for reachfix: assets/reachfix/lang/en_us.lang
[23:20:32] [Server thread/WARN] [FML]: Missing English translation for redstoneflux: assets/redstoneflux/lang/en_us.lang
[23:20:32] [Server thread/WARN] [FML]: Missing English translation for serenetweaks: assets/serenetweaks/lang/en_us.lang
[23:20:32] [Server thread/WARN] [FML]: Missing English translation for simple-rpc: assets/simple-rpc/lang/en_us.lang
[23:20:32] [Server thread/WARN] [FML]: Missing English translation for srptweaks: assets/srptweaks/lang/en_us.lang
[23:20:32] [Server thread/WARN] [FML]: Missing English translation for stg: assets/stg/lang/en_us.lang
[23:20:32] [Server thread/WARN] [FML]: Missing English translation for trashcans: assets/trashcans/lang/en_us.lang
[23:20:32] [Server thread/WARN] [FML]: Missing English translation for tbintegration: assets/tbintegration/lang/en_us.lang
[23:20:32] [Server thread/WARN] [FML]: Missing English translation for mowzies_wings: assets/mowzies_wings/lang/en_us.lang
[23:20:32] [Server thread/WARN] [FML]: Missing English translation for bauble_wings: assets/bauble_wings/lang/en_us.lang
[23:20:32] [Server thread/WARN] [FML]: Mod mobends_wings has been disabled through configuration
[23:20:32] [Server thread/WARN] [FML]: Missing English translation for phosphor-lighting: assets/phosphor-lighting/lang/en_us.lang
[23:20:32] [Server thread/INFO] [FML]: FML has found a non-mod file AdvancementPlaques-1.12.2-1.4.10.jar in your mods directory. It will now be injected into your classpath. This could severe stability issues, it should be removed if possible.
[23:20:32] [Server thread/INFO] [FML]: FML has found a non-mod file AmbientSounds_v3.1.7_mc1.12.2.jar in your mods directory. It will now be injected into your classpath. This could severe stability issues, it should be removed if possible.
[23:20:32] [Server thread/INFO] [FML]: FML has found a non-mod file BetterAdvancements-1.12.2-0.1.0.77.jar in your mods directory. It will now be injected into your classpath. This could severe stability issues, it should be removed if possible.
[23:20:32] [Server thread/INFO] [FML]: FML has found a non-mod file betterbiomeblend-1.12.2-1.1.7-forge.jar in your mods directory. It will now be injected into your classpath. This could severe stability issues, it should be removed if possible.
[23:20:32] [Server thread/INFO] [FML]: FML has found a non-mod file BetterTitleScreen-1.12.2-1.4b.jar in your mods directory. It will now be injected into your classpath. This could severe stability issues, it should be removed if possible.
[23:20:32] [Server thread/INFO] [FML]: FML has found a non-mod file blockdrops-1.12.2-1.4.0.jar in your mods directory. It will now be injected into your classpath. This could severe stability issues, it should be removed if possible.
[23:20:32] [Server thread/INFO] [FML]: FML has found a non-mod file Born In A Barn 1.8-1.12-1.2.jar in your mods directory. It will now be injected into your classpath. This could severe stability issues, it should be removed if possible.
[23:20:32] [Server thread/INFO] [FML]: FML has found a non-mod file Controlling-3.0.12.4.jar in your mods directory. It will now be injected into your classpath. This could severe stability issues, it should be removed if possible.
[23:20:32] [Server thread/INFO] [FML]: FML has found a non-mod file EnchantmentDescriptions-1.12.2-1.1.15.jar in your mods directory. It will now be injected into your classpath. This could severe stability issues, it should be removed if possible.
[23:20:32] [Server thread/INFO] [FML]: FML has found a non-mod file entityculling-1.12.2-1.6.3.jar in your mods directory. It will now be injected into your classpath. This could severe stability issues, it should be removed if possible.
[23:20:32] [Server thread/INFO] [FML]: FML has found a non-mod file Highlighter-1.12.2-forge-1.1.7.jar in your mods directory. It will now be injected into your classpath. This could severe stability issues, it should be removed if possible.
[23:20:32] [Server thread/INFO] [FML]: FML has found a non-mod file jeivillagers-1.12-1.0.2.jar in your mods directory. It will now be injected into your classpath. This could severe stability issues, it should be removed if possible.
[23:20:32] [Server thread/INFO] [FML]: FML has found a non-mod file just-enough-harvestcraft-1.12.2-1.7.2.jar in your mods directory. It will now be injected into your classpath. This could severe stability issues, it should be removed if possible.
[23:20:32] [Server thread/INFO] [FML]: FML has found a non-mod file JustEnoughResources-1.12.2-0.9.2.60.jar in your mods directory. It will now be injected into your classpath. This could severe stability issues, it should be removed if possible.
[23:20:32] [Server thread/INFO] [FML]: FML has found a non-mod file lanserverproperties-1.0.jar in your mods directory. It will now be injected into your classpath. This could severe stability issues, it should be removed if possible.
[23:20:32] [Server thread/INFO] [FML]: FML has found a non-mod file LegendaryTooltips-1.12.2-1.1.11.jar in your mods directory. It will now be injected into your classpath. This could severe stability issues, it should be removed if possible.
[23:20:32] [Server thread/INFO] [FML]: FML has found a non-mod file Loading-Progress-Bar-v1.0-mc[1.8-1.12.2].jar in your mods directory. It will now be injected into your classpath. This could severe stability issues, it should be removed if possible.
[23:20:32] [Server thread/INFO] [FML]: FML has found a non-mod file MessageRemover-1.0.0.jar in your mods directory. It will now be injected into your classpath. This could severe stability issues, it should be removed if possible.
[23:20:32] [Server thread/INFO] [FML]: FML has found a non-mod file MouseTweaks-2.10-mc1.12.2.jar in your mods directory. It will now be injected into your classpath. This could severe stability issues, it should be removed if possible.
[23:20:32] [Server thread/INFO] [FML]: FML has found a non-mod file music_player-forge-1.12.2-2.1.1.285.jar in your mods directory. It will now be injected into your classpath. This could severe stability issues, it should be removed if possible.
[23:20:32] [Server thread/INFO] [FML]: FML has found a non-mod file Neat 1.4-17.jar in your mods directory. It will now be injected into your classpath. This could severe stability issues, it should be removed if possible.
[23:20:32] [Server thread/INFO] [FML]: FML has found a non-mod file overloadedarmorbar-1.0.4g.jar in your mods directory. It will now be injected into your classpath. This could severe stability issues, it should be removed if possible.
[23:20:32] [Server thread/INFO] [FML]: FML has found a non-mod file particleculling-1.12.2-v1.4.3.jar in your mods directory. It will now be injected into your classpath. This could severe stability issues, it should be removed if possible.
[23:20:32] [Server thread/INFO] [FML]: FML has found a non-mod file ResourceLoader-MC1.12.1-1.5.3.jar in your mods directory. It will now be injected into your classpath. This could severe stability issues, it should be removed if possible.
[23:20:32] [Server thread/INFO] [FML]: FML has found a non-mod file SoundFilters-0.12.1_for_1.12.jar in your mods directory. It will now be injected into your classpath. This could severe stability issues, it should be removed if possible.
[23:20:32] [Server thread/INFO] [FML]: FML has found a non-mod file Tips-1.12.2-1.0.9.jar in your mods directory. It will now be injected into your classpath. This could severe stability issues, it should be removed if possible.
[23:20:32] [Server thread/INFO] [FML]: FML has found a non-mod file toughnessbar-2.4.jar in your mods directory. It will now be injected into your classpath. This could severe stability issues, it should be removed if possible.
[23:20:32] [Server thread/INFO] [FML]: FML has found a non-mod file WailaHarvestability-mc1.12-1.1.12.jar in your mods directory. It will now be injected into your classpath. This could severe stability issues, it should be removed if possible.
[23:20:32] [Server thread/INFO] [FML]: FML has found a non-mod file core-3.6.0.jar in your mods directory. It will now be injected into your classpath. This could severe stability issues, it should be removed if possible.
[23:20:32] [Server thread/INFO] [FML]: FML has found a non-mod file json-3.6.0.jar in your mods directory. It will now be injected into your classpath. This could severe stability issues, it should be removed if possible.
[23:20:32] [Server thread/INFO] [MixinBooter]: Instantiating @MixinLoader annotated class: class com.fuzs.aquaacrobatics.core.ModCompatMixinHandler
[23:20:32] [Server thread/INFO] [Aqua Acrobatics Transformer]: Aqua Acrobatics is loading mod compatibility mixins
[23:20:32] [Server thread/WARN] [mixin]: Error loading class: com/existingeevee/nocubesrptweaks/entities/EntityWormToothKnifeReplacement$Renderer (net.minecraftforge.fml.common.asm.ASMTransformerWrapper$TransformerException: Exception in class transformer net.minecraftforge.fml.common.asm.transformers.SideTransformer@b9a77c8 from coremod FMLCorePlugin)
[23:20:34] [Server thread/INFO] [FML]: Attempting connection with missing mods [minecraft, mcp, FML, forge, creativecoredummy, ivtoolkit, otgcore, xaerominimap_core, xaeroworldmap_core, mixinbooter, com.elytradev.movingworld.common.asm.coremod, bnbgamingcore, foamfixcore, obfuscate, configurablebeaconscore, bspkrscore, supermartijn642corelib, additions, anvilrestoration, appleskin, appliedenergistics2, aquaacrobatics, armorcurve, athenaeum, atlaslib, attributefix, autoreglib, base, baubles, bhc, bedfix, mujmajnkraftsbettersurvival, betteranimalsplus, betterbedrock, betterbuilderswands, betterburning, betterinvisibility, bettermineshafts, betterquesting, bettertabs, biggerpacketsplz, biomesoplenty, bloodmoon, bnbgaminglib, bookshelf, boptools, bountifulbaubles, bq_gs, bq_msi, bqtweaker, carryon, chargers, chesttransporter, chunkgenlimit, clumps, cofhcore, collective, conarm, configurablebeacons, contenttweaker, cookiecore, cookingforblockheads, cosmiclib, craftable_ender_pearls, crafttweaker, crafttweakerjei, creativecore, ctintegration, cucumber, davincisvessels, defaultworldgenerator-port, diamondglass, dimstages, dsurround, eplus, enchcontrol, enhancedvisuals, extratan, farseek, fastfurnace, fastleafdecay, fluidlogged_api, foamfix, forgelin, friendly_chests, futuremc, futurefireproof, gamestages, geckolib3, getittogetherdrops, gravekeeper, gbook, cgm, hammercore, hermitsarsenal, waila, illagers_plus, improvableskills, ee, ironchest, ironfurnaces, jei, jjweaponconf, jee, letsencryptcraft, libraryex, lieutenant, lootoverhaul, lttweaker, loottweaker, lostcities, lostsouls, lunatriuscore, mantle, materialispreload, materialis, mcjtylib_ng, mcwdoors, mcwfences, mcwfurnitures, mcwlights, mcwtrpdoors, mekanism, mekanismgenerators, mekanismtools, mekores, minerlore, mobstages, movingworld, mowziesmobs, mtlib, multimob, mysticallib, mysticalworld, nanhealthfixer, nether_api, netherex, netherportalfix, nocubessrparmory, nocubessrpnests, nocubessrpsurvival, nocubesrptweaks, extra_slabs, offlineskins, omlib, openmodularturrets, oresabovediamonds, overlast, p455w0rdslib, packetapi, harvestcraft, patchouli, phosphorcrashfix, playerplates, primitivemobs, progressivebosses, quark, rbm2, reachfix, reborncore, reccomplex, redstoneflux, additionalstructures, roguelike, sereneseasons, serenetweaks, simple-rpc, simpleplanes, somanyenchantments, spartannetherite, spartanshields, spartanweaponry, spawnercraft, srmonstress, srparasites, srpmeshi, srptweaks, stackie, bq_standard, stg, mo, swparasites, tconstruct, hordes, theimpossiblelibrary, tickratechanger, tcomplement, tinkersjei, tinkertoolleveling, toolbelt, toughasnails, tanaddons, trashcans, travelersbackpack, tbintegration, xat, uteamcore, uniquebase, uniquee, villagenames, vtt, weaponmaster_ydm, mowzies_wings, bauble_wings, wings, wolfarmor, xaerominimap, xaeroworldmap, xplosives, recipehandler, llibrary, phosphor-lighting, orelib, immersiveengineering] at CLIENT
[23:20:34] [Server thread/INFO] [FML]: Attempting connection with missing mods [minecraft, mcp, FML, forge, creativecoredummy, ivtoolkit, otgcore, xaerominimap_core, xaeroworldmap_core, mixinbooter, com.elytradev.movingworld.common.asm.coremod, bnbgamingcore, foamfixcore, obfuscate, configurablebeaconscore, bspkrscore, supermartijn642corelib, additions, anvilrestoration, appleskin, appliedenergistics2, aquaacrobatics, armorcurve, athenaeum, atlaslib, attributefix, autoreglib, base, baubles, bhc, bedfix, mujmajnkraftsbettersurvival, betteranimalsplus, betterbedrock, betterbuilderswands, betterburning, betterinvisibility, bettermineshafts, betterquesting, bettertabs, biggerpacketsplz, biomesoplenty, bloodmoon, bnbgaminglib, bookshelf, boptools, bountifulbaubles, bq_gs, bq_msi, bqtweaker, carryon, chargers, chesttransporter, chunkgenlimit, clumps, cofhcore, collective, conarm, configurablebeacons, contenttweaker, cookiecore, cookingforblockheads, cosmiclib, craftable_ender_pearls, crafttweaker, crafttweakerjei, creativecore, ctintegration, cucumber, davincisvessels, defaultworldgenerator-port, diamondglass, dimstages, dsurround, eplus, enchcontrol, enhancedvisuals, extratan, farseek, fastfurnace, fastleafdecay, fluidlogged_api, foamfix, forgelin, friendly_chests, futuremc, futurefireproof, gamestages, geckolib3, getittogetherdrops, gravekeeper, gbook, cgm, hammercore, hermitsarsenal, waila, illagers_plus, improvableskills, ee, ironchest, ironfurnaces, jei, jjweaponconf, jee, letsencryptcraft, libraryex, lieutenant, lootoverhaul, lttweaker, loottweaker, lostcities, lostsouls, lunatriuscore, mantle, materialispreload, materialis, mcjtylib_ng, mcwdoors, mcwfences, mcwfurnitures, mcwlights, mcwtrpdoors, mekanism, mekanismgenerators, mekanismtools, mekores, minerlore, mobstages, movingworld, mowziesmobs, mtlib, multimob, mysticallib, mysticalworld, nanhealthfixer, nether_api, netherex, netherportalfix, nocubessrparmory, nocubessrpnests, nocubessrpsurvival, nocubesrptweaks, extra_slabs, offlineskins, omlib, openmodularturrets, oresabovediamonds, overlast, p455w0rdslib, packetapi, harvestcraft, patchouli, phosphorcrashfix, playerplates, primitivemobs, progressivebosses, quark, rbm2, reachfix, reborncore, reccomplex, redstoneflux, additionalstructures, roguelike, sereneseasons, serenetweaks, simple-rpc, simpleplanes, somanyenchantments, spartannetherite, spartanshields, spartanweaponry, spawnercraft, srmonstress, srparasites, srpmeshi, srptweaks, stackie, bq_standard, stg, mo, swparasites, tconstruct, hordes, theimpossiblelibrary, tickratechanger, tcomplement, tinkersjei, tinkertoolleveling, toolbelt, toughasnails, tanaddons, trashcans, travelersbackpack, tbintegration, xat, uteamcore, uniquebase, uniquee, villagenames, vtt, weaponmaster_ydm, mowzies_wings, bauble_wings, wings, wolfarmor, xaerominimap, xaeroworldmap, xplosives, recipehandler, llibrary, phosphor-lighting, orelib, immersiveengineering] at SERVER
[23:20:34] [Server thread/INFO] [biggerpacketsplz.ClassTransformer]: Transforming class 'gy', alias 'net.minecraft.network.PacketBuffer'
[23:20:34] [Server thread/INFO] [biggerpacketsplz.ClassTransformer]: Scanning method 'j()Lfy;'
[23:20:34] [Server thread/INFO] [biggerpacketsplz.ClassTransformer]: Patching constant (java.lang.Long) 2097152
[23:20:34] [Server thread/INFO] [STDOUT]: [pl.asie.foamfix.coremod.FoamFixTransformer:spliceClasses:114]: Spliced in METHOD: net.minecraft.network.PacketBuffer.func_180714_a
[23:20:35] [Server thread/INFO] [Quark ASM]: Transforming net.minecraft.util.DamageSource
[23:20:35] [Server thread/INFO] [Quark ASM]: Applying Transformation to method (Names [causePlayerDamage, func_76365_a] Descriptor (Lnet/minecraft/entity/player/EntityPlayer;)Lnet/minecraft/util/DamageSource;)
[23:20:35] [Server thread/INFO] [Quark ASM]: Located Method, patching...
[23:20:35] [Server thread/INFO] [Quark ASM]: Patch result: true
[23:20:35] [Server thread/ERROR] [FML]: The mod appliedenergistics2 is expecting signature dfa4d3ac143316c6f32aa1a1beda1e34d42132e5 for source appliedenergistics2-rv6-stable-7.jar, however there is no signature matching that description
[23:20:36] [Server thread/ERROR] [FML]: The mod redstoneflux is expecting signature 8a6abf2cb9e141b866580d369ba6548732eff25f for source RedstoneFlux-1.12-2.1.1.1-universal.jar, however there is no signature matching that description
[23:20:36] [Server thread/INFO] [STDOUT]: [pl.asie.foamfix.coremod.patches.GhostBusterDefinitionPatch:apply:136]: Added ghost buster patch (radius = 4) in net/minecraftforge/fluids/BlockFluidClassic func_180650_b
[23:20:36] [Server thread/INFO] [Pulsar-tconstruct]: Skipping Pulse chiselIntegration; missing dependency: chisel
[23:20:36] [Server thread/INFO] [Pulsar-tconstruct]: Skipping Pulse chiselsandbitsIntegration; missing dependency: chiselsandbits
[23:20:36] [Server thread/INFO] [Pulsar-tconstruct]: Skipping Pulse craftingtweaksIntegration; missing dependency: craftingtweaks
[23:20:36] [Server thread/INFO] [Pulsar-tconstruct]: Skipping Pulse theoneprobeIntegration; missing dependency: theoneprobe
[23:20:36] [Server thread/INFO] [tconstruct]: Preparing to take over the world
[23:20:36] [Server thread/ERROR] [FML]: The mod biggerpacketsplz is expecting signature 266588b191a3e2974a4a577f282858a3bc07da42 for source biggerpacketsplz-since1.8-1.2.jar, however there is no signature matching that description
[23:20:37] [Server thread/ERROR] [FML]: The mod carryon is expecting signature fd21553434f4905f2f73ea7838147ac4ea07bd88 for source carryon-1.12.2-1.12.7.23.jar, however there is no signature matching that description
[23:20:37] [Server thread/INFO] [Enchantments Control]: Loading configuration...
[23:20:37] [Server thread/INFO] [Enchantments Control]: External config up-to-date!
[23:20:37] [Server thread/INFO] [Enchantments Control]: Loading data...
[23:20:37] [Server thread/INFO] [STDOUT]: [xaero.common.core.transformer.ClassNodeTransformer:transform:29]: Transforming class axw net.minecraft.world.chunk.Chunk
[23:20:37] [Server thread/INFO] [STDOUT]: [xaero.map.core.transformer.ClassNodeTransformer:transform:29]: Transforming class net.minecraft.world.chunk.Chunk
[23:20:37] [Server thread/WARN] [mixin]: Static binding violation: PRIVATE @Overwrite method func_76615_h in mixins.phosphor.json:common.MixinChunk from mod unknown-owner cannot reduce visibiliy of PUBLIC target method, visibility will be upgraded.
[23:20:39] [Server thread/INFO] [HammerLib]: Applied @SimplyRegister to com.zeitheron.hammercore.internal.init.ItemsHC, which belongs to hammercore (HammerLib)
[23:20:39] [Server thread/INFO] [HammerLib]: Applied @SimplyRegister to com.zeitheron.hammercore.internal.init.BlocksHC, which belongs to hammercore (HammerLib)
[23:20:39] [Server thread/INFO] [HammerLib]: Applied @SimplyRegister to org.zeith.hammerlib.core.init.SourceTypesHL, which belongs to hammercore (HammerLib)
[23:20:39] [Server thread/INFO] [letsencryptcraft]: Not running as Java version is at least Java 8u101.
[23:20:39] [Server thread/INFO] [Quark ASM]: Transforming net.minecraft.inventory.ContainerWorkbench
[23:20:39] [Server thread/INFO] [Quark ASM]: Applying Transformation to method (Names [transferStackInSlot, func_82846_b] Descriptor (Lnet/minecraft/entity/player/EntityPlayer;I)Lnet/minecraft/item/ItemStack;)
[23:20:39] [Server thread/INFO] [Quark ASM]: Located Method, patching...
[23:20:39] [Server thread/INFO] [Quark ASM]: Located patch target node INVOKEVIRTUAL net/minecraft/inventory/ContainerWorkbench.func_75135_a (Lnet/minecraft/item/ItemStack;IIZ)Z
[23:20:39] [Server thread/INFO] [Quark ASM]: Located patch target node INVOKEVIRTUAL net/minecraft/inventory/ContainerWorkbench.func_75135_a (Lnet/minecraft/item/ItemStack;IIZ)Z
[23:20:39] [Server thread/INFO] [Quark ASM]: Located patch target node INVOKEVIRTUAL net/minecraft/inventory/ContainerWorkbench.func_75135_a (Lnet/minecraft/item/ItemStack;IIZ)Z
[23:20:39] [Server thread/INFO] [Quark ASM]: Located patch target node INVOKEVIRTUAL net/minecraft/inventory/ContainerWorkbench.func_75135_a (Lnet/minecraft/item/ItemStack;IIZ)Z
[23:20:39] [Server thread/INFO] [Quark ASM]: Patch result: true
[23:20:39] [Server thread/INFO] [EC Core Plugin]: Minecraft <ContainerRepair.class> patched!
[23:20:40] [Server thread/ERROR] [FML]: The mod reborncore is expecting signature 8727a3141c8ec7f173b87aa78b9b9807867c4e6b for source RebornCore-1.12.2-3.19.5-universal.jar, however there is no signature matching that description
[23:20:40] [Server thread/ERROR] [reborncore]: Invalid fingerprint detected for RebornCore!
[23:20:41] [Server thread/INFO] [Pulsar-tcomplement]: Skipping Pulse CeramicsPlugin; missing dependency: ceramics
[23:20:41] [Server thread/INFO] [Pulsar-tcomplement]: Skipping Pulse ChiselPlugin; missing dependency: chisel
[23:20:41] [Server thread/INFO] [Pulsar-tcomplement]: Skipping Pulse ExNihiloPlugin; missing dependency: exnihilocreatio
[23:20:42] [Server thread/ERROR] [FML]: The mod weaponmaster_ydm appears to have an invalid event annotation EventHandler. This annotation can only apply to methods with recognized event arguments - it will not be called
[23:20:42] [Server thread/ERROR] [FML]: The mod immersiveengineering is expecting signature 4cb49fcde3b43048c9889e0a3d083225da926334 for source ImmersiveEngineering-0.12-98.jar, however there is no signature matching that description
[23:20:42] [Server thread/INFO] [STDOUT]: [blusunrize.immersiveengineering.ImmersiveEngineering:wrongSignature:175]: [Immersive Engineering/Error] THIS IS NOT AN OFFICIAL BUILD OF IMMERSIVE ENGINEERING! Found these fingerprints: []
[23:20:42] [Server thread/INFO] [HammerLib]: Creating new Forge Registries.
[23:20:42] [Server thread/INFO] [FML]: Processing ObjectHolder annotations
[23:20:43] [Server thread/INFO] [FML]: Found 2065 ObjectHolder annotations
[23:20:43] [Server thread/INFO] [FML]: Identifying ItemStackHolder annotations
[23:20:43] [Server thread/INFO] [FML]: Found 1 ItemStackHolder annotations
[23:20:43] [Server thread/INFO] [FML]: Configured a dormant chunk cache size of 0
[23:20:43] [Forge Version Check/INFO] [forge.VersionCheck]: [betterbedrock] Starting version check at https://raw.githubusercontent.com/karjah/BetterBedrockPublic/master/version.json
[23:20:43] [Server thread/INFO] [Obfuscate]: Successfully injected SyncedPlayerData capability
[23:20:43] [Forge Version Check/INFO] [forge.VersionCheck]: [betterbedrock] Found status: OUTDATED Target: 5.1.11
[23:20:43] [Forge Version Check/INFO] [forge.VersionCheck]: [gamestages] Starting version check at https://updates.blamejared.com/get?n=gamestages&gv=1.12.2
[23:20:44] [Forge Version Check/INFO] [forge.VersionCheck]: [gamestages] Found status: BETA Target: null
[23:20:44] [Forge Version Check/INFO] [forge.VersionCheck]: [orelib] Starting version check at https://raw.githubusercontent.com/OreCruncher/OreLib/master/version.json
[23:20:44] [Forge Version Check/INFO] [forge.VersionCheck]: [orelib] Found status: UP_TO_DATE Target: null
[23:20:44] [Forge Version Check/INFO] [forge.VersionCheck]: [improvableskills] Starting version check at http://dccg.herokuapp.com/api/fmluc/252902
[23:20:44] [Forge Version Check/INFO] [forge.VersionCheck]: [crafttweaker] Starting version check at https://updates.blamejared.com/get?n=crafttweaker&gv=1.12.2
[23:20:44] [Forge Version Check/INFO] [forge.VersionCheck]: [crafttweaker] Found status: BETA Target: null
[23:20:44] [Forge Version Check/INFO] [forge.VersionCheck]: [cofhcore] Starting version check at https://raw.github.com/cofh/version/master/cofhcore_update.json
[23:20:44] [Forge Version Check/INFO] [forge.VersionCheck]: [cofhcore] Found status: UP_TO_DATE Target: null
[23:20:44] [Forge Version Check/INFO] [forge.VersionCheck]: [biggerpacketsplz] Starting version check at http://mods.mc.elnounch.net/biggerpacketsplz.json
[23:20:44] [Server thread/INFO] [hordes]: Trying to load config
[23:20:44] [Forge Version Check/INFO] [forge.VersionCheck]: [biggerpacketsplz] Found status: UP_TO_DATE Target: null
[23:20:44] [Forge Version Check/INFO] [forge.VersionCheck]: [xat] Starting version check at https://raw.githubusercontent.com/XzeroAir/Trinkets-1.12.2/master/update.json
[23:20:44] [Forge Version Check/INFO] [forge.VersionCheck]: [xat] Found status: OUTDATED Target: 0.33.1
[23:20:44] [Forge Version Check/INFO] [forge.VersionCheck]: [jjweaponconf] Starting version check at https://raw.githubusercontent.com/JdiJack/JJ-Weapon-Config/master/update.json
[23:20:44] [Forge Version Check/INFO] [forge.VersionCheck]: [jjweaponconf] Found status: UP_TO_DATE Target: null
[23:20:44] [Forge Version Check/INFO] [forge.VersionCheck]: [llibrary] Starting version check at https://gist.githubusercontent.com/Gegy/a6639456aeb8edd92cbf7cbfcf9d65d9/raw/llibrary_updates.json
[23:20:44] [Forge Version Check/INFO] [forge.VersionCheck]: [llibrary] Found status: UP_TO_DATE Target: null
[23:20:44] [Forge Version Check/INFO] [forge.VersionCheck]: [hammercore] Starting version check at https://api.modrinth.com/updates/PlkSuVtM/forge_updates.json
[23:20:44] [Forge Version Check/INFO] [forge.VersionCheck]: [hammercore] Found status: OUTDATED Target: 12.2.66
[23:20:44] [Forge Version Check/INFO] [forge.VersionCheck]: [enchcontrol] Starting version check at https://raw.githubusercontent.com/AustereTony-MCMods/Enchantments-Control/info/mod_versions_forge.json
[23:20:44] [Forge Version Check/INFO] [forge.VersionCheck]: [enchcontrol] Found status: UP_TO_DATE Target: null
[23:20:44] [Forge Version Check/INFO] [forge.VersionCheck]: [uteamcore] Starting version check at https://api.u-team.info/update/uteamcore.json
[23:20:45] [Server thread/INFO] [AE2:S]: Pre Initialization ( started )
[23:20:45] [Forge Version Check/INFO] [forge.VersionCheck]: [uteamcore] Found status: OUTDATED Target: 2.2.5.375
[23:20:45] [Forge Version Check/INFO] [forge.VersionCheck]: [immersiveengineering] Starting version check at https://raw.githubusercontent.com/BluSunrize/ImmersiveEngineering/master/changelog.json
[23:20:45] [Forge Version Check/INFO] [forge.VersionCheck]: [immersiveengineering] Found status: AHEAD Target: null
[23:20:45] [Forge Version Check/INFO] [forge.VersionCheck]: [carryon] Starting version check at https://gist.githubusercontent.com/Tschipp/dccadee7c90d7a34e6e76a35d9d6fa2e/raw/
[23:20:45] [Forge Version Check/INFO] [forge.VersionCheck]: [travelersbackpack] Starting version check at https://gist.githubusercontent.com/Tiviacz1337/906937677aa472285dff9d6c2a189d5e/raw
[23:20:45] [Forge Version Check/INFO] [forge.VersionCheck]: [travelersbackpack] Found status: AHEAD Target: null
[23:20:45] [Forge Version Check/INFO] [forge.VersionCheck]: [vtt] Starting version check at https://raw.githubusercontent.com/crazysnailboy/VillagerTrades/master/update.json
[23:20:45] [Forge Version Check/INFO] [forge.VersionCheck]: [vtt] Found status: OUTDATED Target: 0.6.4
[23:20:45] [Forge Version Check/INFO] [forge.VersionCheck]: [dsurround] Starting version check at https://raw.githubusercontent.com/OreCruncher/DynamicSurroundings/master/version.json
[23:20:45] [Forge Version Check/INFO] [forge.VersionCheck]: [tbintegration] Starting version check at https://gist.githubusercontent.com/Tiviacz1337/48466aa9fc9b7cc9b7311b46b36b43f5/raw
[23:20:45] [Forge Version Check/INFO] [forge.VersionCheck]: [tbintegration] Found status: AHEAD Target: null
[23:20:45] [Forge Version Check/INFO] [forge.VersionCheck]: [gbook] Starting version check at https://raw.githubusercontent.com/gigaherz/guidebook/master/update.json
[23:20:45] [Forge Version Check/INFO] [forge.VersionCheck]: [gbook] Found status: AHEAD Target: null
[23:20:45] [Forge Version Check/INFO] [forge.VersionCheck]: [bhc] Starting version check at https://raw.githubusercontent.com/EmoKiba/Baubley-Heart-Canisters/master/versions.json
[23:20:45] [Forge Version Check/INFO] [forge.VersionCheck]: [forge] Starting version check at http://files.minecraftforge.net/maven/net/minecraftforge/forge/promotions_slim.json
[23:20:45] [Server thread/INFO] [STDOUT]: [pl.asie.foamfix.coremod.FoamFixTransformer:spliceClasses:114]: Spliced in METHOD: net.minecraft.client.renderer.block.model.ModelResourceLocation.<init>
[23:20:45] [Forge Version Check/INFO] [forge.VersionCheck]: [forge] Found status: OUTDATED Target: 14.23.5.2864
[23:20:45] [Forge Version Check/INFO] [forge.VersionCheck]: [fastleafdecay] Starting version check at http://www.olafkeijsers.net/fastleafdecay-update.json
[23:20:46] [Server thread/INFO] [AE2:S]: Starting AE2 VersionChecker
[23:20:46] [Server thread/INFO] [AE2:S]: Pre Initialization ( ended after 1627ms )
[23:20:46] [AE2 VersionChecker/INFO] [AE2:S]: Last check was just recently.
[23:20:46] [AE2 VersionChecker/INFO] [AE2:S]: Stopping AE2 VersionChecker
[23:20:47] [Server thread/INFO] [Quark]: 'Food tooltip' is forcefully disabled as it's incompatible with the following loaded mods: [appleskin]
[23:20:47] [Server thread/INFO] [Quark]: 'Greener grass' is forcefully disabled as it's incompatible with the following loaded mods: [sereneseasons]
[23:20:47] [Server thread/INFO] [Quark]: 'Charcoal block' is forcefully disabled as it's incompatible with the following loaded mods: [mekanism]
[23:20:47] [Server thread/INFO] [Quark]: Module experimental is enabled
[23:20:47] [Server thread/INFO] [Quark]: Module world is enabled
[23:20:47] [Server thread/INFO] [Quark]: Module client is enabled
[23:20:47] [Server thread/INFO] [Quark]: Module misc is enabled
[23:20:47] [Server thread/INFO] [Quark]: Module tweaks is enabled
[23:20:47] [Server thread/INFO] [Quark]: Module vanity is enabled
[23:20:47] [Server thread/INFO] [Quark]: Module decoration is enabled
[23:20:47] [Server thread/INFO] [Quark]: Module management is enabled
[23:20:47] [Server thread/INFO] [Quark]: Module building is enabled
[23:20:47] [Server thread/INFO] [Quark]: Module automation is enabled
[23:20:47] [Server thread/INFO] [EC Core Plugin]: Minecraft <EnchantRandomly.class> patched!
[23:20:47] [Server thread/INFO] [base]: Module Tool has successfully loaded
[23:20:47] [Server thread/FATAL] [base]: Module JourneyMap did not load due to issue: Mod with modid: journeymap was not found
[23:20:48] [Server thread/INFO] [STDOUT]: [pl.asie.foamfix.coremod.patches.GhostBusterDefinitionPatch:apply:136]: Added ghost buster patch (radius = 3) in biomesoplenty/common/block/BlockBOPGrass spreadGrass
[23:20:48] [Server thread/INFO] [STDOUT]: [pl.asie.foamfix.coremod.patches.GhostBusterDefinitionPatch:apply:136]: Added ghost buster patch (radius = 1) in net/minecraftforge/fluids/BlockFluidFinite func_180650_b
[23:20:48] [Server thread/INFO] [STDOUT]: [com.pg85.otg.forge.asm.excluded.OTGClassTransformer:transform:91]: OTG-Core transforming: net.minecraftforge.common.DimensionManager : net/minecraftforge/common/DimensionManager
[23:20:49] [Server thread/INFO] [boptools]: Tinkers Construct is installed, loading Tinkers Construct integration
[23:20:49] [Server thread/WARN] [FML]: Potentially Dangerous alternative prefix `tconstruct` for name `enderference`, expected `boptools`. This could be a intended override, but in most cases indicates a broken mod.
[23:20:49] [Server thread/WARN] [FML]: Potentially Dangerous alternative prefix `tconstruct` for name `insatiable`, expected `boptools`. This could be a intended override, but in most cases indicates a broken mod.
[23:20:49] [Server thread/WARN] [FML]: Potentially Dangerous alternative prefix `tconstruct` for name `magnetic`, expected `boptools`. This could be a intended override, but in most cases indicates a broken mod.
[23:20:49] [Server thread/WARN] [FML]: Potentially Dangerous alternative prefix `tconstruct` for name `momentum`, expected `boptools`. This could be a intended override, but in most cases indicates a broken mod.
[23:20:49] [Server thread/WARN] [FML]: Potentially Dangerous alternative prefix `tconstruct` for name `dot`, expected `boptools`. This could be a intended override, but in most cases indicates a broken mod.
[23:20:49] [Server thread/WARN] [FML]: Potentially Dangerous alternative prefix `tconstruct` for name `splinter`, expected `boptools`. This could be a intended override, but in most cases indicates a broken mod.
[23:20:49] [Server thread/INFO] [boptools]: Finished loading of Tinkers Construct integration successfully
[23:20:49] [Server thread/WARN] [FML]: Potentially Dangerous alternative prefix `materialis` for name `fairy_ingot`, expected `materialispreload`. This could be a intended override, but in most cases indicates a broken mod.
[23:20:49] [Server thread/WARN] [FML]: Potentially Dangerous alternative prefix `materialis` for name `fairy_nugget`, expected `materialispreload`. This could be a intended override, but in most cases indicates a broken mod.
[23:20:49] [Server thread/WARN] [FML]: Potentially Dangerous alternative prefix `materialis` for name `fairy_block`, expected `materialispreload`. This could be a intended override, but in most cases indicates a broken mod.
[23:20:49] [Server thread/WARN] [FML]: Potentially Dangerous alternative prefix `materialis` for name `pokefennium_ingot`, expected `materialispreload`. This could be a intended override, but in most cases indicates a broken mod.
[23:20:49] [Server thread/WARN] [FML]: Potentially Dangerous alternative prefix `materialis` for name `pokefennium_nugget`, expected `materialispreload`. This could be a intended override, but in most cases indicates a broken mod.
[23:20:49] [Server thread/WARN] [FML]: Potentially Dangerous alternative prefix `materialis` for name `pokefennium_block`, expected `materialispreload`. This could be a intended override, but in most cases indicates a broken mod.
[23:20:49] [Server thread/WARN] [FML]: Potentially Dangerous alternative prefix `materialis` for name `red_aurum_ingot`, expected `materialispreload`. This could be a intended override, but in most cases indicates a broken mod.
[23:20:49] [Server thread/WARN] [FML]: Potentially Dangerous alternative prefix `materialis` for name `red_aurum_nugget`, expected `materialispreload`. This could be a intended override, but in most cases indicates a broken mod.
[23:20:49] [Server thread/WARN] [FML]: Potentially Dangerous alternative prefix `materialis` for name `red_aurum_block`, expected `materialispreload`. This could be a intended override, but in most cases indicates a broken mod.
[23:20:49] [Server thread/WARN] [FML]: Potentially Dangerous alternative prefix `materialis` for name `drulloy_ingot`, expected `materialispreload`. This could be a intended override, but in most cases indicates a broken mod.
[23:20:49] [Server thread/WARN] [FML]: Potentially Dangerous alternative prefix `materialis` for name `drulloy_nugget`, expected `materialispreload`. This could be a intended override, but in most cases indicates a broken mod.
[23:20:49] [Server thread/WARN] [FML]: Potentially Dangerous alternative prefix `materialis` for name `drulloy_block`, expected `materialispreload`. This could be a intended override, but in most cases indicates a broken mod.
[23:20:49] [Server thread/WARN] [FML]: Potentially Dangerous alternative prefix `materialis` for name `alumite_ingot`, expected `materialispreload`. This could be a intended override, but in most cases indicates a broken mod.
[23:20:49] [Server thread/WARN] [FML]: Potentially Dangerous alternative prefix `materialis` for name `alumite_nugget`, expected `materialispreload`. This could be a intended override, but in most cases indicates a broken mod.
[23:20:49] [Server thread/WARN] [FML]: Potentially Dangerous alternative prefix `materialis` for name `alumite_block`, expected `materialispreload`. This could be a intended override, but in most cases indicates a broken mod.
[23:20:49] [Server thread/INFO] [bhc]: Pre-Initialization finished.
[23:20:49] [Server thread/INFO] [Rin's So Many Enchantments?]: PreInitializing Rin's So Many Enchantments?...
[23:20:50] [Server thread/INFO] [betterbuilderswands]: Access transform success createStackedBlock (func_180643_i).
[23:20:50] [Server thread/INFO] [gamestages]: Reloading fakeplayers stage data from gameStagesFakePlayerData.json.
[23:20:50] [Server thread/ERROR] [reccomplex]: Failed finding key (separated by ':') in '''
[23:20:50] [Server thread/WARN] [FML]: Potentially Dangerous alternative prefix `minecraft` for name `rcstructuregenerator`, expected `reccomplex`. This could be a intended override, but in most cases indicates a broken mod.
[23:20:50] [Server thread/WARN] [FML]: Potentially Dangerous alternative prefix `minecraft` for name `rcmazegenerator`, expected `reccomplex`. This could be a intended override, but in most cases indicates a broken mod.
[23:20:50] [Server thread/WARN] [FML]: Potentially Dangerous alternative prefix `minecraft` for name `rcspawncommand`, expected `reccomplex`. This could be a intended override, but in most cases indicates a broken mod.
[23:20:50] [Server thread/WARN] [FML]: Potentially Dangerous alternative prefix `minecraft` for name `rcspawnscript`, expected `reccomplex`. This could be a intended override, but in most cases indicates a broken mod.
[23:20:51] [Server thread/INFO] [contenttweaker]: Module Vanilla CraftTweaker has successfully loaded
[23:20:51] [Server thread/FATAL] [contenttweaker]: Module Chickens did not load due to issue: Mod with modid: chickens was not found
[23:20:51] [Server thread/INFO] [contenttweaker]: Module Materials has successfully loaded
[23:20:51] [Server thread/INFO] [contenttweaker]: Module Tinkers has successfully loaded
[23:20:51] [Server thread/INFO] [cookiecore]: Syncing config fields from mod configurablebeacons (Configurable Beacons)
[23:20:51] [Server thread/WARN] [FML]: Potentially Dangerous alternative prefix `minecraft` for name `season_sensor`, expected `sereneseasons`. This could be a intended override, but in most cases indicates a broken mod.
[23:20:51] [Server thread/INFO] [orelib]: Loading language resources [orelib:en_us]
[23:20:51] [Server thread/WARN] [orelib]: Unable to locate field [org.orecruncher.dsurround.ModOptions$profiles::PATH]
[23:20:51] [Server thread/WARN] [orelib]: Unable to locate field [org.orecruncher.dsurround.ModOptions$commands::PATH]
[23:20:51] [Server thread/WARN] [orelib]: Unable to locate field [org.orecruncher.dsurround.ModOptions$commands$calc::PATH]
[23:20:51] [Server thread/WARN] [orelib]: Unable to locate field [org.orecruncher.dsurround.ModOptions$commands$ds::PATH]
[23:20:51] [Server thread/WARN] [orelib]: Unable to locate field [org.orecruncher.dsurround.ModOptions$speechbubbles::PATH]
[23:20:51] [Server thread/WARN] [orelib]: Unable to locate field [org.orecruncher.dsurround.ModOptions$player::PATH]
[23:20:51] [Server thread/WARN] [orelib]: Unable to locate field [org.orecruncher.dsurround.ModOptions$sound::PATH]
[23:20:51] [Server thread/WARN] [orelib]: Unable to locate field [org.orecruncher.dsurround.ModOptions$effects::PATH]
[23:20:51] [Server thread/WARN] [orelib]: Unable to locate field [org.orecruncher.dsurround.ModOptions$biomes::PATH]
[23:20:51] [Server thread/WARN] [orelib]: Unable to locate field [org.orecruncher.dsurround.ModOptions$aurora::PATH]
[23:20:51] [Server thread/WARN] [orelib]: Unable to locate field [org.orecruncher.dsurround.ModOptions$general::PATH]
[23:20:51] [Server thread/WARN] [orelib]: Unable to locate field [org.orecruncher.dsurround.ModOptions$fog::PATH]
[23:20:51] [Server thread/WARN] [orelib]: Unable to locate field [org.orecruncher.dsurround.ModOptions$rain::PATH]
[23:20:51] [Server thread/WARN] [orelib]: Unable to locate field [org.orecruncher.dsurround.ModOptions$logging::PATH]
[23:20:51] [Server thread/WARN] [orelib]: Unable to locate field [org.orecruncher.dsurround.ModOptions$asm::PATH]
[23:20:51] [Server thread/INFO] [orelib]: Loading language resources [dsurround:en_us]
[23:20:51] [Server thread/INFO] [Enchantments Control]: Initialized enchantment <minecraft:protection> with config settings.
[23:20:51] [Server thread/INFO] [Enchantments Control]: Initialized enchantment <minecraft:fire_protection> with config settings.
[23:20:51] [Server thread/INFO] [Enchantments Control]: Initialized enchantment <minecraft:feather_falling> with config settings.
[23:20:51] [Server thread/INFO] [Enchantments Control]: Initialized enchantment <minecraft:blast_protection> with config settings.
[23:20:51] [Server thread/INFO] [Enchantments Control]: Initialized enchantment <minecraft:projectile_protection> with config settings.
[23:20:51] [Server thread/INFO] [Enchantments Control]: Initialized enchantment <minecraft:respiration> with config settings.
[23:20:51] [Server thread/INFO] [Enchantments Control]: Initialized enchantment <minecraft:aqua_affinity> with config settings.
[23:20:51] [Server thread/INFO] [Enchantments Control]: Initialized enchantment <minecraft:thorns> with config settings.
[23:20:51] [Server thread/INFO] [Enchantments Control]: Initialized enchantment <minecraft:depth_strider> with config settings.
[23:20:51] [Server thread/INFO] [Enchantments Control]: Initialized enchantment <minecraft:frost_walker> with config settings.
[23:20:51] [Server thread/INFO] [Enchantments Control]: Initialized enchantment <minecraft:binding_curse> with config settings.
[23:20:51] [Server thread/INFO] [Enchantments Control]: Initialized enchantment <minecraft:sharpness> with config settings.
[23:20:51] [Server thread/INFO] [Enchantments Control]: Initialized enchantment <minecraft:smite> with config settings.
[23:20:51] [Server thread/INFO] [Enchantments Control]: Initialized enchantment <minecraft:bane_of_arthropods> with config settings.
[23:20:51] [Server thread/INFO] [Enchantments Control]: Initialized enchantment <minecraft:knockback> with config settings.
[23:20:51] [Server thread/INFO] [Enchantments Control]: Initialized enchantment <minecraft:fire_aspect> with config settings.
[23:20:51] [Server thread/INFO] [Enchantments Control]: Initialized enchantment <minecraft:looting> with config settings.
[23:20:51] [Server thread/INFO] [Enchantments Control]: Initialized enchantment <minecraft:sweeping> with config settings.
[23:20:51] [Server thread/INFO] [Enchantments Control]: Initialized enchantment <minecraft:efficiency> with config settings.
[23:20:51] [Server thread/INFO] [Enchantments Control]: Initialized enchantment <minecraft:silk_touch> with config settings.
[23:20:51] [Server thread/INFO] [Enchantments Control]: Initialized enchantment <minecraft:unbreaking> with config settings.
[23:20:51] [Server thread/INFO] [Enchantments Control]: Initialized enchantment <minecraft:fortune> with config settings.
[23:20:51] [Server thread/INFO] [Enchantments Control]: Initialized enchantment <minecraft:power> with config settings.
[23:20:51] [Server thread/INFO] [Enchantments Control]: Initialized enchantment <minecraft:punch> with config settings.
[23:20:51] [Server thread/INFO] [Enchantments Control]: Initialized enchantment <minecraft:flame> with config settings.
[23:20:51] [Server thread/INFO] [Enchantments Control]: Initialized enchantment <minecraft:infinity> with config settings.
[23:20:51] [Server thread/INFO] [Enchantments Control]: Initialized enchantment <minecraft:luck_of_the_sea> with config settings.
[23:20:51] [Server thread/INFO] [Enchantments Control]: Initialized enchantment <minecraft:lure> with config settings.
[23:20:51] [Server thread/INFO] [Enchantments Control]: Initialized enchantment <minecraft:mending> with config settings.
[23:20:51] [Server thread/INFO] [Enchantments Control]: Initialized enchantment <minecraft:vanishing_curse> with config settings.
[23:20:51] [Server thread/INFO] [STDOUT]: [lieutenant.core.Lieutenant:preInit:25]: lieutenant is pre-loading!
[23:20:51] [Server thread/WARN] [FML]: Potentially Dangerous alternative prefix `minecraft` for name `temperature_spread`, expected `toughasnails`. This could be a intended override, but in most cases indicates a broken mod.
[23:20:51] [Server thread/INFO] [STDOUT]: [extratan.core.ExtraTAN:preInit:59]: extratan is pre-loading!
[23:20:51] [Server thread/WARN] [FML]: Potentially Dangerous alternative prefix `minecraft` for name `furnace`, expected `fastfurnace`. This could be a intended override, but in most cases indicates a broken mod.
[23:20:52] [Server thread/INFO] [foamfix]: Removing LaunchWrapper package manifest map...
[23:20:52] [Server thread/INFO] [Future Fireproof]: Starting Future Fireproof
[23:20:52] [Server thread/INFO] [gravekeeper]: Skipping compatibility for non-loaded mod aether_legacy
[23:20:52] [Server thread/INFO] [gravekeeper]: Skipping compatibility for non-loaded mod cosmeticarmorreworked
[23:20:52] [Server thread/INFO] [gravekeeper]: Skipping compatibility for non-loaded mod galacticraftcore
[23:20:52] [Server thread/INFO] [gravekeeper]: Skipping compatibility for non-loaded mod techguns
[23:20:52] [Server thread/WARN] [net.minecraft.network.datasync.EntityDataManager]: defineId called for: class net.minecraft.entity.player.EntityPlayer from class com.mrcrayfish.guns.event.CommonEvents
[23:20:52] [Server thread/WARN] [net.minecraft.network.datasync.EntityDataManager]: defineId called for: class net.minecraft.entity.player.EntityPlayer from class com.mrcrayfish.guns.event.CommonEvents
[23:20:52] [Server thread/INFO] [HammerLib]: Added "com.zeitheron.hammercore.cfg.HammerCoreConfigs" to HammerLib Simple Configs.
[23:20:52] [Server thread/INFO] [HammerLib]: Added "org.zeith.improvableskills.cfg.ConfigsIS" to HammerLib Simple Configs.
[23:20:52] [Server thread/INFO] [HammerLib]: Added "com.zeitheron.hammercore.specials.Zeitheron.ZeitheronGlobEvents@443fab0" to MCF Event Bus.
[23:20:52] [Server thread/INFO] [HammerLib]: Added "org.zeith.improvableskills.SkillEvents@5f78b5bb" to MCF Event Bus.
[23:20:52] [Server thread/INFO] [HammerLib]: Added "com.zeitheron.hammercore.world.gen.WorldRetroGen@652f3873" to MCF Event Bus.
[23:20:52] [Server thread/INFO] [HammerLib]: Added "com.zeitheron.hammercore.HammerCore@666666" to MCF Event Bus.
[23:20:52] [Server thread/INFO] [HammerLib]: Added 4 object to MCF Event Bus.
[23:20:53] [Server thread/INFO] [jjweaponconf]: preinit
[23:20:53] [Server thread/INFO] [LootTweaker]: Successfully installed network checker
[23:20:53] [Server thread/WARN] [FML]: Potentially Dangerous alternative prefix `conarm` for name `superhotpotion`, expected `materialis`. This could be a intended override, but in most cases indicates a broken mod.
[23:20:53] [Server thread/INFO] [Mekanism]: Didn't detect MCMP, ignoring compatibility package
[23:20:54] [Server thread/INFO] [Tickrate Changer]: Applying ASM to Minecraft methods...
[23:20:54] [Server thread/INFO] [STDOUT]: [xaero.common.core.transformer.ClassNodeTransformer:transform:29]: Transforming class net.minecraft.server.MinecraftServer net.minecraft.server.MinecraftServer
[23:20:54] [Server thread/INFO] [STDOUT]: [xaero.map.core.transformer.ClassNodeTransformer:transform:29]: Transforming class net.minecraft.server.MinecraftServer
[23:20:54] [Server thread/INFO] [STDOUT]: [pl.asie.foamfix.coremod.patches.WorldServerRemovalPatch:apply:57]: Patched updateEntities in net/minecraft/world/WorldServer func_72939_s
[23:20:54] [Server thread/INFO] [Quark ASM]: Transforming net.minecraft.world.WorldServer
[23:20:54] [Server thread/INFO] [Quark ASM]: Applying Transformation to method (Names [areAllPlayersAsleep, func_73056_e] Descriptor ()Z)
[23:20:54] [Server thread/INFO] [Quark ASM]: Located Method, patching...
[23:20:54] [Server thread/INFO] [Quark ASM]: Patch result: true
[23:20:54] [Server thread/INFO] [Quark ASM]: Applying Transformation to method (Names [wakeAllPlayers, func_73053_d] Descriptor ()V)
[23:20:54] [Server thread/INFO] [Quark ASM]: Located Method, patching...
[23:20:54] [Server thread/INFO] [Quark ASM]: Patch result: true
[23:20:54] [Server thread/INFO] [omlib]: Found the following mods: 
[23:20:55] [Server thread/INFO] [openmodularturrets]: Mur omsimu, plz. (Found Mekanism)
[23:20:55] [Server thread/INFO] [srparasites]: [MOD COMPATIBILITY] Checked for 2 mods that may be in the list that need patches or alternative code
[23:20:55] [Server thread/INFO] [reborncore]: Pre loaded registries in 27ms
[23:20:55] [Server thread/INFO] [reborncore]: Loaded registrys for reborncore.common.registration.RegistryConstructionEvent in 30ms
[23:20:55] [Server thread/INFO] [reborncore]: Loaded power manager from: ForgePowerManager
[23:20:55] [Server thread/INFO] [reborncore]: Loaded registrys for net.minecraftforge.fml.common.event.FMLPreInitializationEvent in 4ms
[23:20:55] [Server thread/INFO] [STDOUT]: [xxrexraptorxx.additionalstructures.proxy.CommonProxy:preInit:34]: Mystcraft not found - integration not active
[23:20:56] [Server thread/INFO] [Spartan Shields]: Starting up Spartan Shields!
[23:20:56] [Server thread/INFO] [XAT]: Setting Up Races
[23:20:56] [Server thread/INFO] [XAT]: Setting Up Blocks
[23:20:56] [Server thread/INFO] [XAT]: Instantiating Flowers
[23:20:56] [Server thread/INFO] [XAT]: Instantiating Placeables
[23:20:56] [Server thread/INFO] [XAT]: Setting Up Items
[23:20:56] [Server thread/INFO] [XAT]: Setting Up Capabilities
[23:20:56] [Server thread/INFO] [XAT]: Setting Up Networking
[23:20:56] [Server thread/INFO] [XAT]: Pre-init
[23:20:56] [Server thread/INFO] [Spartan Weaponry]: Starting up Spartan Weaponry!
[23:20:56] [Server thread/INFO] [Spartan Weaponry]: API: Loaded internal method handler. API functionality should work now!
[23:20:56] [Server thread/INFO] [Spartan Weaponry]: Defined config version: 2.0 - Loaded config version: 2.0
[23:20:56] [Server thread/INFO] [spartannetherite]: Starting Spartan Netherite.
[23:20:56] [Server thread/INFO] [spawnercraft]: ConfigHandler initialized.
[23:20:56] [Server thread/INFO] [spawnercraft]: Blocks initialized.
[23:20:56] [Server thread/INFO] [spawnercraft]: Items initialized.
[23:20:56] [Server thread/INFO] [spawnercraft]: preInit finished.
[23:20:56] [Server thread/INFO] [travelersbackpack]: Registered the class com.tiviacz.travelersbackpack.fluids.effects.EffectWater as a FluidEffect for water with the ID 0
[23:20:56] [Server thread/INFO] [travelersbackpack]: Registered the class com.tiviacz.travelersbackpack.fluids.effects.EffectLava as a FluidEffect for lava with the ID 1
[23:20:56] [Server thread/INFO] [travelersbackpack]: Registered the class com.tiviacz.travelersbackpack.fluids.effects.EffectMilk as a FluidEffect for milk with the ID 2
[23:20:56] [Server thread/INFO] [travelersbackpack]: Registered the class com.tiviacz.travelersbackpack.fluids.effects.EffectPotion as a FluidEffect for potion with the ID 3
[23:20:56] [Server thread/INFO] [travelersbackpack]: Starting the Integration Handler.
[23:20:56] [Server thread/INFO] [travelersbackpack]: Found 2 possible mod integration(s)!
[23:20:58] [Server thread/INFO] [Village Names]: Registered new Village generator
[23:20:58] [Server thread/INFO] [STDOUT]: [com.minecraftserverzone.weaponmaster.setup.configs.ConfigHelper:initConfig:50]: weaponmaster_ydm config path = /workspaces/SRP/servidor_minecraft/config/weaponmaster_ydm.cfg
[23:20:58] [Server thread/INFO] [STDOUT]: [com.minecraftserverzone.weaponmaster.setup.configs.ConfigHelper:initConfig:51]: Config file exists = true
[23:20:58] [Server thread/INFO] [wolfarmor]: Registered new provider SophisticatedWolvesProvider for mod sophisticatedwolves
[23:20:58] [Server thread/INFO] [wolfarmor]: Registered new provider LetSleepingDogsLieProvider for mod dogslie
[23:20:58] [Server thread/INFO] [wolfarmor]: Registered new provider WizardryProvider for mod ebwizardry
[23:20:58] [Server thread/INFO] [wolfarmor]: Registered new provider MoBendsProvider for mod mobends
[23:20:59] [Server thread/WARN] [FML]: Potentially Dangerous alternative prefix `minecraft` for name `tileentitydetonator`, expected `xplosives`. This could be a intended override, but in most cases indicates a broken mod.
[23:20:59] [Immersive Engineering Contributors Thread/INFO] [immersiveengineering]: Attempting to download special revolvers from GitHub
[23:21:00] [Server thread/INFO] [additions]: Loading addon files from location ./addons/lucky_block
[23:21:00] [Server thread/INFO] [additions]: Loading addon files from location ./addons/Additions
[23:21:00] [Server thread/INFO] [additions]: Loaded addon 'srpcustom'
[23:21:00] [Server thread/INFO] [additions]: Loading addon files from location ./mods
[23:21:00] [Server thread/INFO] [additions]: Preinitializing addons.
[23:21:00] [Server thread/INFO] [additions]: Loading addon sound events.
[23:21:00] [Server thread/INFO] [additions]: Loading addon blocks.
[23:21:00] [Server thread/INFO] [additions]: Loading addon items.
[23:21:00] [Server thread/INFO] [additions]: Loading addon item materials.
[23:21:00] [Server thread/WARN] [FML]: Potentially Dangerous alternative prefix `minecraft` for name `tconstruct.table`, expected `tconstruct`. This could be a intended override, but in most cases indicates a broken mod.
[23:21:00] [Server thread/WARN] [FML]: Potentially Dangerous alternative prefix `minecraft` for name `tconstruct.craftingstation`, expected `tconstruct`. This could be a intended override, but in most cases indicates a broken mod.
[23:21:00] [Server thread/WARN] [FML]: Potentially Dangerous alternative prefix `minecraft` for name `tconstruct.stenciltable`, expected `tconstruct`. This could be a intended override, but in most cases indicates a broken mod.
[23:21:00] [Server thread/WARN] [FML]: Potentially Dangerous alternative prefix `minecraft` for name `tconstruct.partbuilder`, expected `tconstruct`. This could be a intended override, but in most cases indicates a broken mod.
[23:21:00] [Server thread/WARN] [FML]: Potentially Dangerous alternative prefix `minecraft` for name `tconstruct.patternchest`, expected `tconstruct`. This could be a intended override, but in most cases indicates a broken mod.
[23:21:00] [Server thread/WARN] [FML]: Potentially Dangerous alternative prefix `minecraft` for name `tconstruct.partchest`, expected `tconstruct`. This could be a intended override, but in most cases indicates a broken mod.
[23:21:00] [Server thread/WARN] [FML]: Potentially Dangerous alternative prefix `minecraft` for name `tconstruct.toolstation`, expected `tconstruct`. This could be a intended override, but in most cases indicates a broken mod.
[23:21:00] [Server thread/WARN] [FML]: Potentially Dangerous alternative prefix `minecraft` for name `tconstruct.toolforge`, expected `tconstruct`. This could be a intended override, but in most cases indicates a broken mod.
[23:21:00] [Server thread/WARN] [FML]: Potentially Dangerous alternative prefix `minecraft` for name `tconstruct.smeltery_controller`, expected `tconstruct`. This could be a intended override, but in most cases indicates a broken mod.
[23:21:00] [Server thread/WARN] [FML]: Potentially Dangerous alternative prefix `minecraft` for name `tconstruct.smeltery_component`, expected `tconstruct`. This could be a intended override, but in most cases indicates a broken mod.
[23:21:00] [Server thread/WARN] [FML]: Potentially Dangerous alternative prefix `minecraft` for name `tconstruct.tank`, expected `tconstruct`. This could be a intended override, but in most cases indicates a broken mod.
[23:21:00] [Server thread/WARN] [FML]: Potentially Dangerous alternative prefix `minecraft` for name `tconstruct.faucet`, expected `tconstruct`. This could be a intended override, but in most cases indicates a broken mod.
[23:21:00] [Server thread/WARN] [FML]: Potentially Dangerous alternative prefix `minecraft` for name `tconstruct.channel`, expected `tconstruct`. This could be a intended override, but in most cases indicates a broken mod.
[23:21:00] [Server thread/WARN] [FML]: Potentially Dangerous alternative prefix `minecraft` for name `tconstruct.casting_table`, expected `tconstruct`. This could be a intended override, but in most cases indicates a broken mod.
[23:21:00] [Server thread/WARN] [FML]: Potentially Dangerous alternative prefix `minecraft` for name `tconstruct.casting_basin`, expected `tconstruct`. This could be a intended override, but in most cases indicates a broken mod.
[23:21:00] [Server thread/WARN] [FML]: Potentially Dangerous alternative prefix `minecraft` for name `tconstruct.smeltery_drain`, expected `tconstruct`. This could be a intended override, but in most cases indicates a broken mod.
[23:21:00] [Server thread/WARN] [FML]: Potentially Dangerous alternative prefix `minecraft` for name `tconstruct.seared_furnace`, expected `tconstruct`. This could be a intended override, but in most cases indicates a broken mod.
[23:21:00] [Server thread/WARN] [FML]: Potentially Dangerous alternative prefix `minecraft` for name `tconstruct.tinker_tank`, expected `tconstruct`. This could be a intended override, but in most cases indicates a broken mod.
[23:21:00] [Server thread/WARN] [FML]: Potentially Dangerous alternative prefix `minecraft` for name `tconstruct.item_rack`, expected `tconstruct`. This could be a intended override, but in most cases indicates a broken mod.
[23:21:00] [Server thread/WARN] [FML]: Potentially Dangerous alternative prefix `minecraft` for name `tconstruct.drying_rack`, expected `tconstruct`. This could be a intended override, but in most cases indicates a broken mod.
[23:21:00] [Server thread/WARN] [FML]: Potentially Dangerous alternative prefix `minecraft` for name `tconstruct.wooden_hopper`, expected `tconstruct`. This could be a intended override, but in most cases indicates a broken mod.
[23:21:00] [Server thread/WARN] [FML]: Potentially Dangerous alternative prefix `minecraft` for name `tconstruct.slime_channel`, expected `tconstruct`. This could be a intended override, but in most cases indicates a broken mod.
[23:21:00] [Server thread/WARN] [FML]: Potentially Dangerous alternative prefix `minecraft` for name `eplus.advanced.table`, expected `eplus`. This could be a intended override, but in most cases indicates a broken mod.
[23:21:00] [Server thread/WARN] [FML]: Potentially Dangerous alternative prefix `minecraft` for name `eplus.decorative.book`, expected `eplus`. This could be a intended override, but in most cases indicates a broken mod.
[23:21:00] [Server thread/INFO] [STDOUT]: [lieutenant.registry.RegisterHandler:registerBlocks:60]: [lieutenant 1.4] Blocks are registering
[23:21:00] [Server thread/WARN] [FML]: Potentially Dangerous alternative prefix `minecraft` for name `ironchest.iron`, expected `ironchest`. This could be a intended override, but in most cases indicates a broken mod.
[23:21:00] [Server thread/WARN] [FML]: Potentially Dangerous alternative prefix `minecraft` for name `ironchest.gold`, expected `ironchest`. This could be a intended override, but in most cases indicates a broken mod.
[23:21:00] [Server thread/WARN] [FML]: Potentially Dangerous alternative prefix `minecraft` for name `ironchest.diamond`, expected `ironchest`. This could be a intended override, but in most cases indicates a broken mod.
[23:21:00] [Server thread/WARN] [FML]: Potentially Dangerous alternative prefix `minecraft` for name `ironchest.copper`, expected `ironchest`. This could be a intended override, but in most cases indicates a broken mod.
[23:21:00] [Server thread/WARN] [FML]: Potentially Dangerous alternative prefix `minecraft` for name `ironchest.silver`, expected `ironchest`. This could be a intended override, but in most cases indicates a broken mod.
[23:21:00] [Server thread/WARN] [FML]: Potentially Dangerous alternative prefix `minecraft` for name `ironchest.crystal`, expected `ironchest`. This could be a intended override, but in most cases indicates a broken mod.
[23:21:00] [Server thread/WARN] [FML]: Potentially Dangerous alternative prefix `minecraft` for name `ironchest.obsidian`, expected `ironchest`. This could be a intended override, but in most cases indicates a broken mod.
[23:21:00] [Server thread/WARN] [FML]: Potentially Dangerous alternative prefix `minecraft` for name `ironchest.dirtchest9000`, expected `ironchest`. This could be a intended override, but in most cases indicates a broken mod.
[23:21:00] [Server thread/WARN] [FML]: Potentially Dangerous alternative prefix `minecraft` for name `ironshulkerbox.iron`, expected `ironchest`. This could be a intended override, but in most cases indicates a broken mod.
[23:21:00] [Server thread/WARN] [FML]: Potentially Dangerous alternative prefix `minecraft` for name `ironshulkerbox.gold`, expected `ironchest`. This could be a intended override, but in most cases indicates a broken mod.
[23:21:00] [Server thread/WARN] [FML]: Potentially Dangerous alternative prefix `minecraft` for name `ironshulkerbox.diamond`, expected `ironchest`. This could be a intended override, but in most cases indicates a broken mod.
[23:21:00] [Server thread/WARN] [FML]: Potentially Dangerous alternative prefix `minecraft` for name `ironshulkerbox.copper`, expected `ironchest`. This could be a intended override, but in most cases indicates a broken mod.
[23:21:00] [Server thread/WARN] [FML]: Potentially Dangerous alternative prefix `minecraft` for name `ironshulkerbox.silver`, expected `ironchest`. This could be a intended override, but in most cases indicates a broken mod.
[23:21:00] [Server thread/WARN] [FML]: Potentially Dangerous alternative prefix `minecraft` for name `ironshulkerbox.crystal`, expected `ironchest`. This could be a intended override, but in most cases indicates a broken mod.
[23:21:00] [Server thread/WARN] [FML]: Potentially Dangerous alternative prefix `minecraft` for name `ironshulkerbox.obsidian`, expected `ironchest`. This could be a intended override, but in most cases indicates a broken mod.
[23:21:01] [Server thread/WARN] [FML]: Potentially Dangerous alternative prefix `minecraft` for name `portal`, expected `mekanism`. This could be a intended override, but in most cases indicates a broken mod.
[23:21:01] [Server thread/INFO] [STDOUT]: [serenetweaks.init.ModBlocks$RegistrationHandler:registerBlocks:25]: registered blocks!!!!!!!!!!!!!!!!!!!!!!!!!!!!
[23:21:01] [Server thread/INFO] [XAT]: Registering Flower Blocks
[23:21:01] [Server thread/INFO] [XAT]: Registering Placeable Blocks
[23:21:01] [Server thread/WARN] [FML]: Potentially Dangerous alternative prefix `minecraft` for name `furnace`, expected `fastfurnace`. This could be a intended override, but in most cases indicates a broken mod.
[23:21:01] [Server thread/WARN] [FML]: Potentially Dangerous alternative prefix `minecraft` for name `lit_furnace`, expected `fastfurnace`. This could be a intended override, but in most cases indicates a broken mod.
[23:21:02] [Server thread/INFO] [FML]: Applying holder lookups
[23:21:02] [Server thread/INFO] [FML]: Holder lookups applied
[23:21:02] [Server thread/INFO] [bhc]: Registering Items to the OreDictionary...
[23:21:02] [Server thread/INFO] [STDOUT]: [lieutenant.registry.RegisterHandler:registerItems:69]: [lieutenant 1.4] Items are registering
[23:21:02] [Server thread/INFO] [STDOUT]: [xaero.common.core.transformer.ClassNodeTransformer:transform:29]: Transforming class brs net.minecraft.client.model.ModelRenderer
[23:21:03] [Server thread/INFO] [Spartan Shields]: Items Registered!
[23:21:03] [Server thread/INFO] [XAT]: Registering Crafting
[23:21:03] [Server thread/INFO] [XAT]: Registering Foods
[23:21:03] [Server thread/INFO] [XAT]: Registering Misc
[23:21:03] [Server thread/INFO] [XAT]: Registering Baubles
[23:21:03] [Server thread/INFO] [Spartan Weaponry]: Registering 10 modded material based weapons
[23:21:03] [Server thread/INFO] [Spartan Weaponry]: Adding weapons for materials: Copper, Tin, Bronze, Steel, Silver, Invar, Platinum, Electrum, Nickel, Lead
[23:21:03] [Server thread/INFO] [Spartan Weaponry]: Items Registered!
[23:21:03] [Server thread/WARN] [FML]: Potentially Dangerous alternative prefix `minecraft` for name `furnace`, expected `fastfurnace`. This could be a intended override, but in most cases indicates a broken mod.
[23:21:03] [Server thread/WARN] [FML]: Potentially Dangerous alternative prefix `srparasites` for name `coth`, expected `srpmeshi`. This could be a intended override, but in most cases indicates a broken mod.
[23:21:03] [Server thread/WARN] [FML]: Potentially Dangerous alternative prefix `srparasites` for name `fear`, expected `srpmeshi`. This could be a intended override, but in most cases indicates a broken mod.
[23:21:03] [Server thread/WARN] [FML]: Potentially Dangerous alternative prefix `srparasites` for name `antimall`, expected `srpmeshi`. This could be a intended override, but in most cases indicates a broken mod.
[23:21:03] [Server thread/WARN] [FML]: Potentially Dangerous alternative prefix `srparasites` for name `bleed`, expected `srpmeshi`. This could be a intended override, but in most cases indicates a broken mod.
[23:21:03] [Server thread/WARN] [FML]: Potentially Dangerous alternative prefix `srparasites` for name `corrosive`, expected `srpmeshi`. This could be a intended override, but in most cases indicates a broken mod.
[23:21:03] [Server thread/WARN] [FML]: Potentially Dangerous alternative prefix `srparasites` for name `viral`, expected `srpmeshi`. This could be a intended override, but in most cases indicates a broken mod.
[23:21:03] [Server thread/WARN] [FML]: Potentially Dangerous alternative prefix `srparasites` for name `rage`, expected `srpmeshi`. This could be a intended override, but in most cases indicates a broken mod.
[23:21:03] [Server thread/WARN] [FML]: Potentially Dangerous alternative prefix `srparasites` for name `repel`, expected `srpmeshi`. This could be a intended override, but in most cases indicates a broken mod.
[23:21:03] [Server thread/WARN] [FML]: Potentially Dangerous alternative prefix `srparasites` for name `senses`, expected `srpmeshi`. This could be a intended override, but in most cases indicates a broken mod.
[23:21:03] [Server thread/WARN] [FML]: Potentially Dangerous alternative prefix `srparasites` for name `prey`, expected `srpmeshi`. This could be a intended override, but in most cases indicates a broken mod.
[23:21:03] [Server thread/WARN] [FML]: Potentially Dangerous alternative prefix `srparasites` for name `debar`, expected `srpmeshi`. This could be a intended override, but in most cases indicates a broken mod.
[23:21:03] [Server thread/WARN] [FML]: Potentially Dangerous alternative prefix `srparasites` for name `needler`, expected `srpmeshi`. This could be a intended override, but in most cases indicates a broken mod.
[23:21:03] [Server thread/WARN] [FML]: Potentially Dangerous alternative prefix `srparasites` for name `foster`, expected `srpmeshi`. This could be a intended override, but in most cases indicates a broken mod.
[23:21:03] [Server thread/WARN] [FML]: Potentially Dangerous alternative prefix `srparasites` for name `link`, expected `srpmeshi`. This could be a intended override, but in most cases indicates a broken mod.
[23:21:03] [Server thread/WARN] [FML]: Potentially Dangerous alternative prefix `srparasites` for name `pivot`, expected `srpmeshi`. This could be a intended override, but in most cases indicates a broken mod.
[23:21:03] [Server thread/WARN] [FML]: Potentially Dangerous alternative prefix `srparasites` for name `coth`, expected `srpmeshi`. This could be a intended override, but in most cases indicates a broken mod.
[23:21:03] [Server thread/WARN] [FML]: Potentially Dangerous alternative prefix `srparasites` for name `fear`, expected `srpmeshi`. This could be a intended override, but in most cases indicates a broken mod.
[23:21:03] [Server thread/WARN] [FML]: Potentially Dangerous alternative prefix `srparasites` for name `res`, expected `srpmeshi`. This could be a intended override, but in most cases indicates a broken mod.
[23:21:03] [Server thread/WARN] [FML]: Potentially Dangerous alternative prefix `srparasites` for name `corro`, expected `srpmeshi`. This could be a intended override, but in most cases indicates a broken mod.
[23:21:03] [Server thread/WARN] [FML]: Potentially Dangerous alternative prefix `srparasites` for name `vira`, expected `srpmeshi`. This could be a intended override, but in most cases indicates a broken mod.
[23:21:03] [Server thread/WARN] [FML]: Potentially Dangerous alternative prefix `srparasites` for name `rage`, expected `srpmeshi`. This could be a intended override, but in most cases indicates a broken mod.
[23:21:03] [Server thread/WARN] [FML]: Potentially Dangerous alternative prefix `srparasites` for name `repel`, expected `srpmeshi`. This could be a intended override, but in most cases indicates a broken mod.
[23:21:03] [Server thread/WARN] [FML]: Potentially Dangerous alternative prefix `srparasites` for name `senses`, expected `srpmeshi`. This could be a intended override, but in most cases indicates a broken mod.
[23:21:03] [Server thread/WARN] [FML]: Potentially Dangerous alternative prefix `srparasites` for name `debar`, expected `srpmeshi`. This could be a intended override, but in most cases indicates a broken mod.
[23:21:03] [Server thread/WARN] [FML]: Potentially Dangerous alternative prefix `srparasites` for name `foster`, expected `srpmeshi`. This could be a intended override, but in most cases indicates a broken mod.
[23:21:03] [Server thread/WARN] [FML]: Potentially Dangerous alternative prefix `srparasites` for name `link`, expected `srpmeshi`. This could be a intended override, but in most cases indicates a broken mod.
[23:21:03] [Server thread/WARN] [FML]: Potentially Dangerous alternative prefix `srparasites` for name `pivot`, expected `srpmeshi`. This could be a intended override, but in most cases indicates a broken mod.
[23:21:03] [Server thread/INFO] [FML]: Applying holder lookups
[23:21:03] [Server thread/INFO] [FML]: Holder lookups applied
[23:21:03] [Server thread/INFO] [improvableskills]: RegistryEvent.Register<PlayerAbilityBase>
[23:21:03] [Server thread/INFO] [improvableskills]: RegistryEvent.Register<PlayerSkillBase>
[23:21:03] [Server thread/INFO] [improvableskills]: Checking state for improvableskills:accelerated_furnace: false
[23:21:03] [Server thread/INFO] [improvableskills]: Checking state for improvableskills:leaper: false
[23:21:03] [Server thread/INFO] [improvableskills]: Checking state for improvableskills:ladder_king: true
[23:21:03] [Server thread/INFO] [improvableskills]:   -Registering
[23:21:03] [Server thread/INFO] [improvableskills]: Checking state for improvableskills:soft_landing: false
[23:21:03] [Server thread/INFO] [improvableskills]: Checking state for improvableskills:attack_speed: true
[23:21:03] [Server thread/INFO] [improvableskills]:   -Registering
[23:21:03] [Server thread/INFO] [improvableskills]: Checking state for improvableskills:mining: true
[23:21:03] [Server thread/INFO] [improvableskills]:   -Registering
[23:21:03] [Server thread/INFO] [improvableskills]: Checking state for improvableskills:digging: true
[23:21:03] [Server thread/INFO] [improvableskills]:   -Registering
[23:21:03] [Server thread/INFO] [improvableskills]: Checking state for improvableskills:cutting: true
[23:21:03] [Server thread/INFO] [improvableskills]:   -Registering
[23:21:03] [Server thread/INFO] [improvableskills]: Checking state for improvableskills:obsidian_skin: true
[23:21:03] [Server thread/INFO] [improvableskills]:   -Registering
[23:21:03] [Server thread/INFO] [improvableskills]: Checking state for improvableskills:luck_of_the_sea: false
[23:21:03] [Server thread/INFO] [improvableskills]: Checking state for improvableskills:health: true
[23:21:03] [Server thread/INFO] [improvableskills]:   -Registering
[23:21:03] [Server thread/INFO] [improvableskills]: Checking state for improvableskills:growth: true
[23:21:03] [Server thread/INFO] [improvableskills]:   -Registering
[23:21:03] [Server thread/INFO] [improvableskills]: Checking state for improvableskills:alchemist: true
[23:21:03] [Server thread/INFO] [improvableskills]:   -Registering
[23:21:03] [Server thread/INFO] [improvableskills]: Checking state for improvableskills:generic_protection: true
[23:21:03] [Server thread/INFO] [improvableskills]:   -Registering
[23:21:03] [Server thread/INFO] [improvableskills]: Checking state for improvableskills:treasure_sands: true
[23:21:03] [Server thread/INFO] [improvableskills]:   -Registering
[23:21:03] [Server thread/INFO] [improvableskills]: Checking state for improvableskills:atkdmg_melee: false
[23:21:03] [Server thread/INFO] [improvableskills]: Checking state for improvableskills:atkdmg_ranged: true
[23:21:03] [Server thread/INFO] [improvableskills]:   -Registering
[23:21:03] [Server thread/INFO] [improvableskills]: Checking state for improvableskills:pvp: false
[23:21:03] [Server thread/INFO] [improvableskills]: Checking state for improvableskills:enchanter: true
[23:21:03] [Server thread/INFO] [improvableskills]:   -Registering
[23:21:03] [Server thread/INFO] [improvableskills]: Checking state for improvableskills:ender_manipulator: true
[23:21:03] [Server thread/INFO] [improvableskills]:   -Registering
[23:21:03] [Server thread/INFO] [improvableskills]: Checking state for improvableskills:xp+: false
[23:21:03] [Server thread/INFO] [Spartan Weaponry]: Registering Enchantments!
[23:21:04] [Server thread/INFO] [Spartan Weaponry]: Registering entities!
[23:21:04] [Server thread/INFO] [improvableskills]: RegistryEvent.Register<SoundEvent>
[23:21:04] [Server thread/INFO] [FML]: Applying holder lookups
[23:21:04] [Server thread/INFO] [FML]: Holder lookups applied
[23:21:04] [Server thread/INFO] [FML]: Applying holder lookups
[23:21:04] [Server thread/INFO] [FML]: Holder lookups applied
[23:21:04] [Server thread/INFO] [FML]: Injecting itemstacks
[23:21:04] [Server thread/INFO] [FML]: Itemstack injection complete
[23:21:04] [Server thread/INFO] [net.minecraft.server.dedicated.DedicatedServer]: Loading properties
[23:21:04] [Server thread/INFO] [net.minecraft.server.dedicated.DedicatedServer]: Default game type: SURVIVAL
[23:21:04] [Server thread/INFO] [net.minecraft.server.dedicated.DedicatedServer]: Generating keypair
[23:21:04] [Server thread/INFO] [net.minecraft.server.dedicated.DedicatedServer]: Starting Minecraft server on *:25565
[23:21:04] [Server thread/INFO] [net.minecraft.network.NetworkSystem]: Using epoll channel type
[23:21:05] [Server thread/WARN] [net.minecraft.server.dedicated.DedicatedServer]: **** SERVER IS RUNNING IN OFFLINE/INSECURE MODE!
[23:21:05] [Server thread/WARN] [net.minecraft.server.dedicated.DedicatedServer]: The server will make no attempt to authenticate usernames. Beware.
[23:21:05] [Server thread/WARN] [net.minecraft.server.dedicated.DedicatedServer]: While this makes the game possible to play without internet access, it also opens up the ability for hackers to connect with any username they choose.
[23:21:05] [Server thread/WARN] [net.minecraft.server.dedicated.DedicatedServer]: To change this, set "online-mode" to "true" in the server.properties file.
[23:21:05] [Server thread/ERROR] [FML]: Parsing error loading recipe harvestcraft:minecraft_pumpkinseeds
com.google.gson.JsonSyntaxException: Unknown item 'harvestcraft:harvestpumpkinitem'
	at net.minecraftforge.common.crafting.CraftingHelper.getItemStackBasic(CraftingHelper.java:262) ~[CraftingHelper.class:?]
	at net.minecraftforge.common.crafting.CraftingHelper.lambda$init$16(CraftingHelper.java:544) ~[CraftingHelper.class:?]
	at net.minecraftforge.common.crafting.CraftingHelper.getIngredient(CraftingHelper.java:204) ~[CraftingHelper.class:?]
	at net.minecraftforge.common.crafting.CraftingHelper.lambda$init$15(CraftingHelper.java:531) ~[CraftingHelper.class:?]
	at net.minecraftforge.common.crafting.CraftingHelper.getRecipe(CraftingHelper.java:416) ~[CraftingHelper.class:?]
	at net.minecraftforge.common.crafting.CraftingHelper.lambda$loadRecipes$22(CraftingHelper.java:723) ~[CraftingHelper.class:?]
	at net.minecraftforge.common.crafting.CraftingHelper.findFiles(CraftingHelper.java:833) ~[CraftingHelper.class:?]
	at net.minecraftforge.common.crafting.CraftingHelper.loadRecipes(CraftingHelper.java:688) ~[CraftingHelper.class:?]
	at java.util.ArrayList.forEach(ArrayList.java:1259) [?:1.8.0_492]
	at net.minecraftforge.common.crafting.CraftingHelper.loadRecipes(CraftingHelper.java:633) [CraftingHelper.class:?]
	at net.minecraftforge.fml.common.Loader.initializeMods(Loader.java:747) [Loader.class:?]
	at net.minecraftforge.fml.server.FMLServerHandler.finishServerLoading(FMLServerHandler.java:108) [FMLServerHandler.class:?]
	at net.minecraftforge.fml.common.FMLCommonHandler.onServerStarted(FMLCommonHandler.java:338) [FMLCommonHandler.class:?]
	at net.minecraft.server.dedicated.DedicatedServer.func_71197_b(DedicatedServer.java:219) [nz.class:?]
	at net.minecraft.server.MinecraftServer.run(MinecraftServer.java:486) [MinecraftServer.class:?]
	at java.lang.Thread.run(Thread.java:750) [?:1.8.0_492]
[23:21:05] [Server thread/ERROR] [FML]: Parsing error loading recipe harvestcraft:minecraft_pumpkinblocks
com.google.gson.JsonSyntaxException: Unknown item 'harvestcraft:harvestpumpkinitem'
	at net.minecraftforge.common.crafting.CraftingHelper.getItemStackBasic(CraftingHelper.java:262) ~[CraftingHelper.class:?]
	at net.minecraftforge.common.crafting.CraftingHelper.lambda$init$16(CraftingHelper.java:544) ~[CraftingHelper.class:?]
	at net.minecraftforge.common.crafting.CraftingHelper.getIngredient(CraftingHelper.java:204) ~[CraftingHelper.class:?]
	at net.minecraftforge.common.crafting.CraftingHelper.lambda$init$15(CraftingHelper.java:531) ~[CraftingHelper.class:?]
	at net.minecraftforge.common.crafting.CraftingHelper.getRecipe(CraftingHelper.java:416) ~[CraftingHelper.class:?]
	at net.minecraftforge.common.crafting.CraftingHelper.lambda$loadRecipes$22(CraftingHelper.java:723) ~[CraftingHelper.class:?]
	at net.minecraftforge.common.crafting.CraftingHelper.findFiles(CraftingHelper.java:833) ~[CraftingHelper.class:?]
	at net.minecraftforge.common.crafting.CraftingHelper.loadRecipes(CraftingHelper.java:688) ~[CraftingHelper.class:?]
	at java.util.ArrayList.forEach(ArrayList.java:1259) [?:1.8.0_492]
	at net.minecraftforge.common.crafting.CraftingHelper.loadRecipes(CraftingHelper.java:633) [CraftingHelper.class:?]
	at net.minecraftforge.fml.common.Loader.initializeMods(Loader.java:747) [Loader.class:?]
	at net.minecraftforge.fml.server.FMLServerHandler.finishServerLoading(FMLServerHandler.java:108) [FMLServerHandler.class:?]
	at net.minecraftforge.fml.common.FMLCommonHandler.onServerStarted(FMLCommonHandler.java:338) [FMLCommonHandler.class:?]
	at net.minecraft.server.dedicated.DedicatedServer.func_71197_b(DedicatedServer.java:219) [nz.class:?]
	at net.minecraft.server.MinecraftServer.run(MinecraftServer.java:486) [MinecraftServer.class:?]
	at java.lang.Thread.run(Thread.java:750) [?:1.8.0_492]
[23:21:05] [Server thread/ERROR] [FML]: Parsing error loading recipe harvestcraft:harvestpumpkinitem
com.google.gson.JsonSyntaxException: Unknown item 'harvestcraft:harvestpumpkinitem'
	at net.minecraftforge.common.crafting.CraftingHelper.getItemStack(CraftingHelper.java:214) ~[CraftingHelper.class:?]
	at net.minecraftforge.common.crafting.CraftingHelper.lambda$init$15(CraftingHelper.java:538) ~[CraftingHelper.class:?]
	at net.minecraftforge.common.crafting.CraftingHelper.getRecipe(CraftingHelper.java:416) ~[CraftingHelper.class:?]
	at net.minecraftforge.common.crafting.CraftingHelper.lambda$loadRecipes$22(CraftingHelper.java:723) ~[CraftingHelper.class:?]
	at net.minecraftforge.common.crafting.CraftingHelper.findFiles(CraftingHelper.java:833) ~[CraftingHelper.class:?]
	at net.minecraftforge.common.crafting.CraftingHelper.loadRecipes(CraftingHelper.java:688) ~[CraftingHelper.class:?]
	at java.util.ArrayList.forEach(ArrayList.java:1259) [?:1.8.0_492]
	at net.minecraftforge.common.crafting.CraftingHelper.loadRecipes(CraftingHelper.java:633) [CraftingHelper.class:?]
	at net.minecraftforge.fml.common.Loader.initializeMods(Loader.java:747) [Loader.class:?]
	at net.minecraftforge.fml.server.FMLServerHandler.finishServerLoading(FMLServerHandler.java:108) [FMLServerHandler.class:?]
	at net.minecraftforge.fml.common.FMLCommonHandler.onServerStarted(FMLCommonHandler.java:338) [FMLCommonHandler.class:?]
	at net.minecraft.server.dedicated.DedicatedServer.func_71197_b(DedicatedServer.java:219) [nz.class:?]
	at net.minecraft.server.MinecraftServer.run(MinecraftServer.java:486) [MinecraftServer.class:?]
	at java.lang.Thread.run(Thread.java:750) [?:1.8.0_492]
[23:21:05] [Server thread/ERROR] [FML]: Parsing error loading recipe extratan:temperedsuperhotdrink2
com.google.gson.JsonSyntaxException: Unknown item 'extratan:tempered_flask_with_hot_water'
	at net.minecraftforge.common.crafting.CraftingHelper.getItemStackBasic(CraftingHelper.java:262) ~[CraftingHelper.class:?]
	at net.minecraftforge.common.crafting.CraftingHelper.lambda$init$16(CraftingHelper.java:544) ~[CraftingHelper.class:?]
	at net.minecraftforge.common.crafting.CraftingHelper.getIngredient(CraftingHelper.java:204) ~[CraftingHelper.class:?]
	at net.minecraftforge.common.crafting.CraftingHelper.lambda$init$15(CraftingHelper.java:531) ~[CraftingHelper.class:?]
	at net.minecraftforge.common.crafting.CraftingHelper.getRecipe(CraftingHelper.java:416) ~[CraftingHelper.class:?]
	at net.minecraftforge.common.crafting.CraftingHelper.lambda$loadRecipes$22(CraftingHelper.java:723) ~[CraftingHelper.class:?]
	at net.minecraftforge.common.crafting.CraftingHelper.findFiles(CraftingHelper.java:833) ~[CraftingHelper.class:?]
	at net.minecraftforge.common.crafting.CraftingHelper.loadRecipes(CraftingHelper.java:688) ~[CraftingHelper.class:?]
	at java.util.ArrayList.forEach(ArrayList.java:1259) [?:1.8.0_492]
	at net.minecraftforge.common.crafting.CraftingHelper.loadRecipes(CraftingHelper.java:633) [CraftingHelper.class:?]
	at net.minecraftforge.fml.common.Loader.initializeMods(Loader.java:747) [Loader.class:?]
	at net.minecraftforge.fml.server.FMLServerHandler.finishServerLoading(FMLServerHandler.java:108) [FMLServerHandler.class:?]
	at net.minecraftforge.fml.common.FMLCommonHandler.onServerStarted(FMLCommonHandler.java:338) [FMLCommonHandler.class:?]
	at net.minecraft.server.dedicated.DedicatedServer.func_71197_b(DedicatedServer.java:219) [nz.class:?]
	at net.minecraft.server.MinecraftServer.run(MinecraftServer.java:486) [MinecraftServer.class:?]
	at java.lang.Thread.run(Thread.java:750) [?:1.8.0_492]
[23:21:05] [Server thread/ERROR] [FML]: Parsing error loading recipe extratan:temperedsuperhotdrink
com.google.gson.JsonSyntaxException: Unknown item 'extratan:water_filled_tempered_flask'
	at net.minecraftforge.common.crafting.CraftingHelper.getItemStackBasic(CraftingHelper.java:262) ~[CraftingHelper.class:?]
	at net.minecraftforge.common.crafting.CraftingHelper.lambda$init$16(CraftingHelper.java:544) ~[CraftingHelper.class:?]
	at net.minecraftforge.common.crafting.CraftingHelper.getIngredient(CraftingHelper.java:204) ~[CraftingHelper.class:?]
	at net.minecraftforge.common.crafting.CraftingHelper.lambda$init$15(CraftingHelper.java:531) ~[CraftingHelper.class:?]
	at net.minecraftforge.common.crafting.CraftingHelper.getRecipe(CraftingHelper.java:416) ~[CraftingHelper.class:?]
	at net.minecraftforge.common.crafting.CraftingHelper.lambda$loadRecipes$22(CraftingHelper.java:723) ~[CraftingHelper.class:?]
	at net.minecraftforge.common.crafting.CraftingHelper.findFiles(CraftingHelper.java:833) ~[CraftingHelper.class:?]
	at net.minecraftforge.common.crafting.CraftingHelper.loadRecipes(CraftingHelper.java:688) ~[CraftingHelper.class:?]
	at java.util.ArrayList.forEach(ArrayList.java:1259) [?:1.8.0_492]
	at net.minecraftforge.common.crafting.CraftingHelper.loadRecipes(CraftingHelper.java:633) [CraftingHelper.class:?]
	at net.minecraftforge.fml.common.Loader.initializeMods(Loader.java:747) [Loader.class:?]
	at net.minecraftforge.fml.server.FMLServerHandler.finishServerLoading(FMLServerHandler.java:108) [FMLServerHandler.class:?]
	at net.minecraftforge.fml.common.FMLCommonHandler.onServerStarted(FMLCommonHandler.java:338) [FMLCommonHandler.class:?]
	at net.minecraft.server.dedicated.DedicatedServer.func_71197_b(DedicatedServer.java:219) [nz.class:?]
	at net.minecraft.server.MinecraftServer.run(MinecraftServer.java:486) [MinecraftServer.class:?]
	at java.lang.Thread.run(Thread.java:750) [?:1.8.0_492]
[23:21:05] [Server thread/ERROR] [FML]: Parsing error loading recipe extratan:temperedsupercolddrink2
com.google.gson.JsonSyntaxException: Unknown item 'extratan:tempered_flask_with_cold_water'
	at net.minecraftforge.common.crafting.CraftingHelper.getItemStackBasic(CraftingHelper.java:262) ~[CraftingHelper.class:?]
	at net.minecraftforge.common.crafting.CraftingHelper.lambda$init$16(CraftingHelper.java:544) ~[CraftingHelper.class:?]
	at net.minecraftforge.common.crafting.CraftingHelper.getIngredient(CraftingHelper.java:204) ~[CraftingHelper.class:?]
	at net.minecraftforge.common.crafting.CraftingHelper.lambda$init$15(CraftingHelper.java:531) ~[CraftingHelper.class:?]
	at net.minecraftforge.common.crafting.CraftingHelper.getRecipe(CraftingHelper.java:416) ~[CraftingHelper.class:?]
	at net.minecraftforge.common.crafting.CraftingHelper.lambda$loadRecipes$22(CraftingHelper.java:723) ~[CraftingHelper.class:?]
	at net.minecraftforge.common.crafting.CraftingHelper.findFiles(CraftingHelper.java:833) ~[CraftingHelper.class:?]
	at net.minecraftforge.common.crafting.CraftingHelper.loadRecipes(CraftingHelper.java:688) ~[CraftingHelper.class:?]
	at java.util.ArrayList.forEach(ArrayList.java:1259) [?:1.8.0_492]
	at net.minecraftforge.common.crafting.CraftingHelper.loadRecipes(CraftingHelper.java:633) [CraftingHelper.class:?]
	at net.minecraftforge.fml.common.Loader.initializeMods(Loader.java:747) [Loader.class:?]
	at net.minecraftforge.fml.server.FMLServerHandler.finishServerLoading(FMLServerHandler.java:108) [FMLServerHandler.class:?]
	at net.minecraftforge.fml.common.FMLCommonHandler.onServerStarted(FMLCommonHandler.java:338) [FMLCommonHandler.class:?]
	at net.minecraft.server.dedicated.DedicatedServer.func_71197_b(DedicatedServer.java:219) [nz.class:?]
	at net.minecraft.server.MinecraftServer.run(MinecraftServer.java:486) [MinecraftServer.class:?]
	at java.lang.Thread.run(Thread.java:750) [?:1.8.0_492]
[23:21:05] [Server thread/ERROR] [FML]: Parsing error loading recipe extratan:temperedsupercolddrink
com.google.gson.JsonSyntaxException: Unknown item 'extratan:water_filled_tempered_flask'
	at net.minecraftforge.common.crafting.CraftingHelper.getItemStackBasic(CraftingHelper.java:262) ~[CraftingHelper.class:?]
	at net.minecraftforge.common.crafting.CraftingHelper.lambda$init$16(CraftingHelper.java:544) ~[CraftingHelper.class:?]
	at net.minecraftforge.common.crafting.CraftingHelper.getIngredient(CraftingHelper.java:204) ~[CraftingHelper.class:?]
	at net.minecraftforge.common.crafting.CraftingHelper.lambda$init$15(CraftingHelper.java:531) ~[CraftingHelper.class:?]
	at net.minecraftforge.common.crafting.CraftingHelper.getRecipe(CraftingHelper.java:416) ~[CraftingHelper.class:?]
	at net.minecraftforge.common.crafting.CraftingHelper.lambda$loadRecipes$22(CraftingHelper.java:723) ~[CraftingHelper.class:?]
	at net.minecraftforge.common.crafting.CraftingHelper.findFiles(CraftingHelper.java:833) ~[CraftingHelper.class:?]
	at net.minecraftforge.common.crafting.CraftingHelper.loadRecipes(CraftingHelper.java:688) ~[CraftingHelper.class:?]
	at java.util.ArrayList.forEach(ArrayList.java:1259) [?:1.8.0_492]
	at net.minecraftforge.common.crafting.CraftingHelper.loadRecipes(CraftingHelper.java:633) [CraftingHelper.class:?]
	at net.minecraftforge.fml.common.Loader.initializeMods(Loader.java:747) [Loader.class:?]
	at net.minecraftforge.fml.server.FMLServerHandler.finishServerLoading(FMLServerHandler.java:108) [FMLServerHandler.class:?]
	at net.minecraftforge.fml.common.FMLCommonHandler.onServerStarted(FMLCommonHandler.java:338) [FMLCommonHandler.class:?]
	at net.minecraft.server.dedicated.DedicatedServer.func_71197_b(DedicatedServer.java:219) [nz.class:?]
	at net.minecraft.server.MinecraftServer.run(MinecraftServer.java:486) [MinecraftServer.class:?]
	at java.lang.Thread.run(Thread.java:750) [?:1.8.0_492]
[23:21:05] [Server thread/ERROR] [FML]: Parsing error loading recipe extratan:temperedhotdrink
com.google.gson.JsonSyntaxException: Unknown item 'extratan:water_filled_tempered_flask'
	at net.minecraftforge.common.crafting.CraftingHelper.getItemStackBasic(CraftingHelper.java:262) ~[CraftingHelper.class:?]
	at net.minecraftforge.common.crafting.CraftingHelper.lambda$init$16(CraftingHelper.java:544) ~[CraftingHelper.class:?]
	at net.minecraftforge.common.crafting.CraftingHelper.getIngredient(CraftingHelper.java:204) ~[CraftingHelper.class:?]
	at net.minecraftforge.common.crafting.CraftingHelper.lambda$init$15(CraftingHelper.java:531) ~[CraftingHelper.class:?]
	at net.minecraftforge.common.crafting.CraftingHelper.getRecipe(CraftingHelper.java:416) ~[CraftingHelper.class:?]
	at net.minecraftforge.common.crafting.CraftingHelper.lambda$loadRecipes$22(CraftingHelper.java:723) ~[CraftingHelper.class:?]
	at net.minecraftforge.common.crafting.CraftingHelper.findFiles(CraftingHelper.java:833) ~[CraftingHelper.class:?]
	at net.minecraftforge.common.crafting.CraftingHelper.loadRecipes(CraftingHelper.java:688) ~[CraftingHelper.class:?]
	at java.util.ArrayList.forEach(ArrayList.java:1259) [?:1.8.0_492]
	at net.minecraftforge.common.crafting.CraftingHelper.loadRecipes(CraftingHelper.java:633) [CraftingHelper.class:?]
	at net.minecraftforge.fml.common.Loader.initializeMods(Loader.java:747) [Loader.class:?]
	at net.minecraftforge.fml.server.FMLServerHandler.finishServerLoading(FMLServerHandler.java:108) [FMLServerHandler.class:?]
	at net.minecraftforge.fml.common.FMLCommonHandler.onServerStarted(FMLCommonHandler.java:338) [FMLCommonHandler.class:?]
	at net.minecraft.server.dedicated.DedicatedServer.func_71197_b(DedicatedServer.java:219) [nz.class:?]
	at net.minecraft.server.MinecraftServer.run(MinecraftServer.java:486) [MinecraftServer.class:?]
	at java.lang.Thread.run(Thread.java:750) [?:1.8.0_492]
[23:21:05] [Server thread/ERROR] [FML]: Parsing error loading recipe extratan:temperedglassflask
com.google.gson.JsonSyntaxException: Unknown item 'extratan:empty_flask'
	at net.minecraftforge.common.crafting.CraftingHelper.getItemStackBasic(CraftingHelper.java:262) ~[CraftingHelper.class:?]
	at net.minecraftforge.common.crafting.CraftingHelper.lambda$init$16(CraftingHelper.java:544) ~[CraftingHelper.class:?]
	at net.minecraftforge.common.crafting.CraftingHelper.getIngredient(CraftingHelper.java:204) ~[CraftingHelper.class:?]
	at net.minecraftforge.common.crafting.CraftingHelper.lambda$init$15(CraftingHelper.java:531) ~[CraftingHelper.class:?]
	at net.minecraftforge.common.crafting.CraftingHelper.getRecipe(CraftingHelper.java:416) ~[CraftingHelper.class:?]
	at net.minecraftforge.common.crafting.CraftingHelper.lambda$loadRecipes$22(CraftingHelper.java:723) ~[CraftingHelper.class:?]
	at net.minecraftforge.common.crafting.CraftingHelper.findFiles(CraftingHelper.java:833) ~[CraftingHelper.class:?]
	at net.minecraftforge.common.crafting.CraftingHelper.loadRecipes(CraftingHelper.java:688) ~[CraftingHelper.class:?]
	at java.util.ArrayList.forEach(ArrayList.java:1259) [?:1.8.0_492]
	at net.minecraftforge.common.crafting.CraftingHelper.loadRecipes(CraftingHelper.java:633) [CraftingHelper.class:?]
	at net.minecraftforge.fml.common.Loader.initializeMods(Loader.java:747) [Loader.class:?]
	at net.minecraftforge.fml.server.FMLServerHandler.finishServerLoading(FMLServerHandler.java:108) [FMLServerHandler.class:?]
	at net.minecraftforge.fml.common.FMLCommonHandler.onServerStarted(FMLCommonHandler.java:338) [FMLCommonHandler.class:?]
	at net.minecraft.server.dedicated.DedicatedServer.func_71197_b(DedicatedServer.java:219) [nz.class:?]
	at net.minecraft.server.MinecraftServer.run(MinecraftServer.java:486) [MinecraftServer.class:?]
	at java.lang.Thread.run(Thread.java:750) [?:1.8.0_492]
[23:21:05] [Server thread/ERROR] [FML]: Parsing error loading recipe extratan:temperedglass
com.google.gson.JsonSyntaxException: Unknown item 'extratan:tempered_glass_block'
	at net.minecraftforge.common.crafting.CraftingHelper.getItemStack(CraftingHelper.java:214) ~[CraftingHelper.class:?]
	at net.minecraftforge.common.crafting.CraftingHelper.lambda$init$15(CraftingHelper.java:538) ~[CraftingHelper.class:?]
	at net.minecraftforge.common.crafting.CraftingHelper.getRecipe(CraftingHelper.java:416) ~[CraftingHelper.class:?]
	at net.minecraftforge.common.crafting.CraftingHelper.lambda$loadRecipes$22(CraftingHelper.java:723) ~[CraftingHelper.class:?]
	at net.minecraftforge.common.crafting.CraftingHelper.findFiles(CraftingHelper.java:833) ~[CraftingHelper.class:?]
	at net.minecraftforge.common.crafting.CraftingHelper.loadRecipes(CraftingHelper.java:688) ~[CraftingHelper.class:?]
	at java.util.ArrayList.forEach(ArrayList.java:1259) [?:1.8.0_492]
	at net.minecraftforge.common.crafting.CraftingHelper.loadRecipes(CraftingHelper.java:633) [CraftingHelper.class:?]
	at net.minecraftforge.fml.common.Loader.initializeMods(Loader.java:747) [Loader.class:?]
	at net.minecraftforge.fml.server.FMLServerHandler.finishServerLoading(FMLServerHandler.java:108) [FMLServerHandler.class:?]
	at net.minecraftforge.fml.common.FMLCommonHandler.onServerStarted(FMLCommonHandler.java:338) [FMLCommonHandler.class:?]
	at net.minecraft.server.dedicated.DedicatedServer.func_71197_b(DedicatedServer.java:219) [nz.class:?]
	at net.minecraft.server.MinecraftServer.run(MinecraftServer.java:486) [MinecraftServer.class:?]
	at java.lang.Thread.run(Thread.java:750) [?:1.8.0_492]
[23:21:05] [Server thread/ERROR] [FML]: Parsing error loading recipe extratan:temperedcolddrink
com.google.gson.JsonSyntaxException: Unknown item 'extratan:water_filled_tempered_flask'
	at net.minecraftforge.common.crafting.CraftingHelper.getItemStackBasic(CraftingHelper.java:262) ~[CraftingHelper.class:?]
	at net.minecraftforge.common.crafting.CraftingHelper.lambda$init$16(CraftingHelper.java:544) ~[CraftingHelper.class:?]
	at net.minecraftforge.common.crafting.CraftingHelper.getIngredient(CraftingHelper.java:204) ~[CraftingHelper.class:?]
	at net.minecraftforge.common.crafting.CraftingHelper.lambda$init$15(CraftingHelper.java:531) ~[CraftingHelper.class:?]
	at net.minecraftforge.common.crafting.CraftingHelper.getRecipe(CraftingHelper.java:416) ~[CraftingHelper.class:?]
	at net.minecraftforge.common.crafting.CraftingHelper.lambda$loadRecipes$22(CraftingHelper.java:723) ~[CraftingHelper.class:?]
	at net.minecraftforge.common.crafting.CraftingHelper.findFiles(CraftingHelper.java:833) ~[CraftingHelper.class:?]
	at net.minecraftforge.common.crafting.CraftingHelper.loadRecipes(CraftingHelper.java:688) ~[CraftingHelper.class:?]
	at java.util.ArrayList.forEach(ArrayList.java:1259) [?:1.8.0_492]
	at net.minecraftforge.common.crafting.CraftingHelper.loadRecipes(CraftingHelper.java:633) [CraftingHelper.class:?]
	at net.minecraftforge.fml.common.Loader.initializeMods(Loader.java:747) [Loader.class:?]
	at net.minecraftforge.fml.server.FMLServerHandler.finishServerLoading(FMLServerHandler.java:108) [FMLServerHandler.class:?]
	at net.minecraftforge.fml.common.FMLCommonHandler.onServerStarted(FMLCommonHandler.java:338) [FMLCommonHandler.class:?]
	at net.minecraft.server.dedicated.DedicatedServer.func_71197_b(DedicatedServer.java:219) [nz.class:?]
	at net.minecraft.server.MinecraftServer.run(MinecraftServer.java:486) [MinecraftServer.class:?]
	at java.lang.Thread.run(Thread.java:750) [?:1.8.0_492]
[23:21:05] [Server thread/ERROR] [FML]: Parsing error loading recipe extratan:superhotdrink2
com.google.gson.JsonSyntaxException: Unknown item 'extratan:flask_with_hot_water'
	at net.minecraftforge.common.crafting.CraftingHelper.getItemStackBasic(CraftingHelper.java:262) ~[CraftingHelper.class:?]
	at net.minecraftforge.common.crafting.CraftingHelper.lambda$init$16(CraftingHelper.java:544) ~[CraftingHelper.class:?]
	at net.minecraftforge.common.crafting.CraftingHelper.getIngredient(CraftingHelper.java:204) ~[CraftingHelper.class:?]
	at net.minecraftforge.common.crafting.CraftingHelper.lambda$init$15(CraftingHelper.java:531) ~[CraftingHelper.class:?]
	at net.minecraftforge.common.crafting.CraftingHelper.getRecipe(CraftingHelper.java:416) ~[CraftingHelper.class:?]
	at net.minecraftforge.common.crafting.CraftingHelper.lambda$loadRecipes$22(CraftingHelper.java:723) ~[CraftingHelper.class:?]
	at net.minecraftforge.common.crafting.CraftingHelper.findFiles(CraftingHelper.java:833) ~[CraftingHelper.class:?]
	at net.minecraftforge.common.crafting.CraftingHelper.loadRecipes(CraftingHelper.java:688) ~[CraftingHelper.class:?]
	at java.util.ArrayList.forEach(ArrayList.java:1259) [?:1.8.0_492]
	at net.minecraftforge.common.crafting.CraftingHelper.loadRecipes(CraftingHelper.java:633) [CraftingHelper.class:?]
	at net.minecraftforge.fml.common.Loader.initializeMods(Loader.java:747) [Loader.class:?]
	at net.minecraftforge.fml.server.FMLServerHandler.finishServerLoading(FMLServerHandler.java:108) [FMLServerHandler.class:?]
	at net.minecraftforge.fml.common.FMLCommonHandler.onServerStarted(FMLCommonHandler.java:338) [FMLCommonHandler.class:?]
	at net.minecraft.server.dedicated.DedicatedServer.func_71197_b(DedicatedServer.java:219) [nz.class:?]
	at net.minecraft.server.MinecraftServer.run(MinecraftServer.java:486) [MinecraftServer.class:?]
	at java.lang.Thread.run(Thread.java:750) [?:1.8.0_492]
[23:21:05] [Server thread/ERROR] [FML]: Parsing error loading recipe extratan:superhotdrink
com.google.gson.JsonSyntaxException: Unknown item 'extratan:water_filled_flask'
	at net.minecraftforge.common.crafting.CraftingHelper.getItemStackBasic(CraftingHelper.java:262) ~[CraftingHelper.class:?]
	at net.minecraftforge.common.crafting.CraftingHelper.lambda$init$16(CraftingHelper.java:544) ~[CraftingHelper.class:?]
	at net.minecraftforge.common.crafting.CraftingHelper.getIngredient(CraftingHelper.java:204) ~[CraftingHelper.class:?]
	at net.minecraftforge.common.crafting.CraftingHelper.lambda$init$15(CraftingHelper.java:531) ~[CraftingHelper.class:?]
	at net.minecraftforge.common.crafting.CraftingHelper.getRecipe(CraftingHelper.java:416) ~[CraftingHelper.class:?]
	at net.minecraftforge.common.crafting.CraftingHelper.lambda$loadRecipes$22(CraftingHelper.java:723) ~[CraftingHelper.class:?]
	at net.minecraftforge.common.crafting.CraftingHelper.findFiles(CraftingHelper.java:833) ~[CraftingHelper.class:?]
	at net.minecraftforge.common.crafting.CraftingHelper.loadRecipes(CraftingHelper.java:688) ~[CraftingHelper.class:?]
	at java.util.ArrayList.forEach(ArrayList.java:1259) [?:1.8.0_492]
	at net.minecraftforge.common.crafting.CraftingHelper.loadRecipes(CraftingHelper.java:633) [CraftingHelper.class:?]
	at net.minecraftforge.fml.common.Loader.initializeMods(Loader.java:747) [Loader.class:?]
	at net.minecraftforge.fml.server.FMLServerHandler.finishServerLoading(FMLServerHandler.java:108) [FMLServerHandler.class:?]
	at net.minecraftforge.fml.common.FMLCommonHandler.onServerStarted(FMLCommonHandler.java:338) [FMLCommonHandler.class:?]
	at net.minecraft.server.dedicated.DedicatedServer.func_71197_b(DedicatedServer.java:219) [nz.class:?]
	at net.minecraft.server.MinecraftServer.run(MinecraftServer.java:486) [MinecraftServer.class:?]
	at java.lang.Thread.run(Thread.java:750) [?:1.8.0_492]
[23:21:05] [Server thread/ERROR] [FML]: Parsing error loading recipe extratan:supercolddrink2
com.google.gson.JsonSyntaxException: Unknown item 'extratan:water_filled_flask'
	at net.minecraftforge.common.crafting.CraftingHelper.getItemStackBasic(CraftingHelper.java:262) ~[CraftingHelper.class:?]
	at net.minecraftforge.common.crafting.CraftingHelper.lambda$init$16(CraftingHelper.java:544) ~[CraftingHelper.class:?]
	at net.minecraftforge.common.crafting.CraftingHelper.getIngredient(CraftingHelper.java:204) ~[CraftingHelper.class:?]
	at net.minecraftforge.common.crafting.CraftingHelper.lambda$init$15(CraftingHelper.java:531) ~[CraftingHelper.class:?]
	at net.minecraftforge.common.crafting.CraftingHelper.getRecipe(CraftingHelper.java:416) ~[CraftingHelper.class:?]
	at net.minecraftforge.common.crafting.CraftingHelper.lambda$loadRecipes$22(CraftingHelper.java:723) ~[CraftingHelper.class:?]
	at net.minecraftforge.common.crafting.CraftingHelper.findFiles(CraftingHelper.java:833) ~[CraftingHelper.class:?]
	at net.minecraftforge.common.crafting.CraftingHelper.loadRecipes(CraftingHelper.java:688) ~[CraftingHelper.class:?]
	at java.util.ArrayList.forEach(ArrayList.java:1259) [?:1.8.0_492]
	at net.minecraftforge.common.crafting.CraftingHelper.loadRecipes(CraftingHelper.java:633) [CraftingHelper.class:?]
	at net.minecraftforge.fml.common.Loader.initializeMods(Loader.java:747) [Loader.class:?]
	at net.minecraftforge.fml.server.FMLServerHandler.finishServerLoading(FMLServerHandler.java:108) [FMLServerHandler.class:?]
	at net.minecraftforge.fml.common.FMLCommonHandler.onServerStarted(FMLCommonHandler.java:338) [FMLCommonHandler.class:?]
	at net.minecraft.server.dedicated.DedicatedServer.func_71197_b(DedicatedServer.java:219) [nz.class:?]
	at net.minecraft.server.MinecraftServer.run(MinecraftServer.java:486) [MinecraftServer.class:?]
	at java.lang.Thread.run(Thread.java:750) [?:1.8.0_492]
[23:21:05] [Server thread/ERROR] [FML]: Parsing error loading recipe extratan:supercolddrink
com.google.gson.JsonSyntaxException: Unknown item 'extratan:flask_with_cold_water'
	at net.minecraftforge.common.crafting.CraftingHelper.getItemStackBasic(CraftingHelper.java:262) ~[CraftingHelper.class:?]
	at net.minecraftforge.common.crafting.CraftingHelper.lambda$init$16(CraftingHelper.java:544) ~[CraftingHelper.class:?]
	at net.minecraftforge.common.crafting.CraftingHelper.getIngredient(CraftingHelper.java:204) ~[CraftingHelper.class:?]
	at net.minecraftforge.common.crafting.CraftingHelper.lambda$init$15(CraftingHelper.java:531) ~[CraftingHelper.class:?]
	at net.minecraftforge.common.crafting.CraftingHelper.getRecipe(CraftingHelper.java:416) ~[CraftingHelper.class:?]
	at net.minecraftforge.common.crafting.CraftingHelper.lambda$loadRecipes$22(CraftingHelper.java:723) ~[CraftingHelper.class:?]
	at net.minecraftforge.common.crafting.CraftingHelper.findFiles(CraftingHelper.java:833) ~[CraftingHelper.class:?]
	at net.minecraftforge.common.crafting.CraftingHelper.loadRecipes(CraftingHelper.java:688) ~[CraftingHelper.class:?]
	at java.util.ArrayList.forEach(ArrayList.java:1259) [?:1.8.0_492]
	at net.minecraftforge.common.crafting.CraftingHelper.loadRecipes(CraftingHelper.java:633) [CraftingHelper.class:?]
	at net.minecraftforge.fml.common.Loader.initializeMods(Loader.java:747) [Loader.class:?]
	at net.minecraftforge.fml.server.FMLServerHandler.finishServerLoading(FMLServerHandler.java:108) [FMLServerHandler.class:?]
	at net.minecraftforge.fml.common.FMLCommonHandler.onServerStarted(FMLCommonHandler.java:338) [FMLCommonHandler.class:?]
	at net.minecraft.server.dedicated.DedicatedServer.func_71197_b(DedicatedServer.java:219) [nz.class:?]
	at net.minecraft.server.MinecraftServer.run(MinecraftServer.java:486) [MinecraftServer.class:?]
	at java.lang.Thread.run(Thread.java:750) [?:1.8.0_492]
[23:21:05] [Server thread/ERROR] [FML]: Parsing error loading recipe extratan:normaltempereddrink3
com.google.gson.JsonSyntaxException: Unknown item 'extratan:tempered_flask_with_cold_water'
	at net.minecraftforge.common.crafting.CraftingHelper.getItemStackBasic(CraftingHelper.java:262) ~[CraftingHelper.class:?]
	at net.minecraftforge.common.crafting.CraftingHelper.lambda$init$16(CraftingHelper.java:544) ~[CraftingHelper.class:?]
	at net.minecraftforge.common.crafting.CraftingHelper.getIngredient(CraftingHelper.java:204) ~[CraftingHelper.class:?]
	at net.minecraftforge.common.crafting.CraftingHelper.lambda$init$15(CraftingHelper.java:531) ~[CraftingHelper.class:?]
	at net.minecraftforge.common.crafting.CraftingHelper.getRecipe(CraftingHelper.java:416) ~[CraftingHelper.class:?]
	at net.minecraftforge.common.crafting.CraftingHelper.lambda$loadRecipes$22(CraftingHelper.java:723) ~[CraftingHelper.class:?]
	at net.minecraftforge.common.crafting.CraftingHelper.findFiles(CraftingHelper.java:833) ~[CraftingHelper.class:?]
	at net.minecraftforge.common.crafting.CraftingHelper.loadRecipes(CraftingHelper.java:688) ~[CraftingHelper.class:?]
	at java.util.ArrayList.forEach(ArrayList.java:1259) [?:1.8.0_492]
	at net.minecraftforge.common.crafting.CraftingHelper.loadRecipes(CraftingHelper.java:633) [CraftingHelper.class:?]
	at net.minecraftforge.fml.common.Loader.initializeMods(Loader.java:747) [Loader.class:?]
	at net.minecraftforge.fml.server.FMLServerHandler.finishServerLoading(FMLServerHandler.java:108) [FMLServerHandler.class:?]
	at net.minecraftforge.fml.common.FMLCommonHandler.onServerStarted(FMLCommonHandler.java:338) [FMLCommonHandler.class:?]
	at net.minecraft.server.dedicated.DedicatedServer.func_71197_b(DedicatedServer.java:219) [nz.class:?]
	at net.minecraft.server.MinecraftServer.run(MinecraftServer.java:486) [MinecraftServer.class:?]
	at java.lang.Thread.run(Thread.java:750) [?:1.8.0_492]
[23:21:05] [Server thread/ERROR] [FML]: Parsing error loading recipe extratan:normaltempereddrink2
com.google.gson.JsonSyntaxException: Unknown item 'extratan:empty_tempered_flask'
	at net.minecraftforge.common.crafting.CraftingHelper.getItemStackBasic(CraftingHelper.java:262) ~[CraftingHelper.class:?]
	at net.minecraftforge.common.crafting.CraftingHelper.lambda$init$16(CraftingHelper.java:544) ~[CraftingHelper.class:?]
	at net.minecraftforge.common.crafting.CraftingHelper.getIngredient(CraftingHelper.java:204) ~[CraftingHelper.class:?]
	at net.minecraftforge.common.crafting.CraftingHelper.lambda$init$15(CraftingHelper.java:531) ~[CraftingHelper.class:?]
	at net.minecraftforge.common.crafting.CraftingHelper.getRecipe(CraftingHelper.java:416) ~[CraftingHelper.class:?]
	at net.minecraftforge.common.crafting.CraftingHelper.lambda$loadRecipes$22(CraftingHelper.java:723) ~[CraftingHelper.class:?]
	at net.minecraftforge.common.crafting.CraftingHelper.findFiles(CraftingHelper.java:833) ~[CraftingHelper.class:?]
	at net.minecraftforge.common.crafting.CraftingHelper.loadRecipes(CraftingHelper.java:688) ~[CraftingHelper.class:?]
	at java.util.ArrayList.forEach(ArrayList.java:1259) [?:1.8.0_492]
	at net.minecraftforge.common.crafting.CraftingHelper.loadRecipes(CraftingHelper.java:633) [CraftingHelper.class:?]
	at net.minecraftforge.fml.common.Loader.initializeMods(Loader.java:747) [Loader.class:?]
	at net.minecraftforge.fml.server.FMLServerHandler.finishServerLoading(FMLServerHandler.java:108) [FMLServerHandler.class:?]
	at net.minecraftforge.fml.common.FMLCommonHandler.onServerStarted(FMLCommonHandler.java:338) [FMLCommonHandler.class:?]
	at net.minecraft.server.dedicated.DedicatedServer.func_71197_b(DedicatedServer.java:219) [nz.class:?]
	at net.minecraft.server.MinecraftServer.run(MinecraftServer.java:486) [MinecraftServer.class:?]
	at java.lang.Thread.run(Thread.java:750) [?:1.8.0_492]
[23:21:05] [Server thread/ERROR] [FML]: Parsing error loading recipe extratan:normaltempereddrink1
com.google.gson.JsonSyntaxException: Unknown item 'extratan:tempered_flask_with_hot_water'
	at net.minecraftforge.common.crafting.CraftingHelper.getItemStackBasic(CraftingHelper.java:262) ~[CraftingHelper.class:?]
	at net.minecraftforge.common.crafting.CraftingHelper.lambda$init$16(CraftingHelper.java:544) ~[CraftingHelper.class:?]
	at net.minecraftforge.common.crafting.CraftingHelper.getIngredient(CraftingHelper.java:204) ~[CraftingHelper.class:?]
	at net.minecraftforge.common.crafting.CraftingHelper.lambda$init$15(CraftingHelper.java:531) ~[CraftingHelper.class:?]
	at net.minecraftforge.common.crafting.CraftingHelper.getRecipe(CraftingHelper.java:416) ~[CraftingHelper.class:?]
	at net.minecraftforge.common.crafting.CraftingHelper.lambda$loadRecipes$22(CraftingHelper.java:723) ~[CraftingHelper.class:?]
	at net.minecraftforge.common.crafting.CraftingHelper.findFiles(CraftingHelper.java:833) ~[CraftingHelper.class:?]
	at net.minecraftforge.common.crafting.CraftingHelper.loadRecipes(CraftingHelper.java:688) ~[CraftingHelper.class:?]
	at java.util.ArrayList.forEach(ArrayList.java:1259) [?:1.8.0_492]
	at net.minecraftforge.common.crafting.CraftingHelper.loadRecipes(CraftingHelper.java:633) [CraftingHelper.class:?]
	at net.minecraftforge.fml.common.Loader.initializeMods(Loader.java:747) [Loader.class:?]
	at net.minecraftforge.fml.server.FMLServerHandler.finishServerLoading(FMLServerHandler.java:108) [FMLServerHandler.class:?]
	at net.minecraftforge.fml.common.FMLCommonHandler.onServerStarted(FMLCommonHandler.java:338) [FMLCommonHandler.class:?]
	at net.minecraft.server.dedicated.DedicatedServer.func_71197_b(DedicatedServer.java:219) [nz.class:?]
	at net.minecraft.server.MinecraftServer.run(MinecraftServer.java:486) [MinecraftServer.class:?]
	at java.lang.Thread.run(Thread.java:750) [?:1.8.0_492]
[23:21:05] [Server thread/ERROR] [FML]: Parsing error loading recipe extratan:normaltempereddrink
com.google.gson.JsonSyntaxException: Unknown item 'extratan:empty_tempered_flask'
	at net.minecraftforge.common.crafting.CraftingHelper.getItemStackBasic(CraftingHelper.java:262) ~[CraftingHelper.class:?]
	at net.minecraftforge.common.crafting.CraftingHelper.lambda$init$16(CraftingHelper.java:544) ~[CraftingHelper.class:?]
	at net.minecraftforge.common.crafting.CraftingHelper.getIngredient(CraftingHelper.java:204) ~[CraftingHelper.class:?]
	at net.minecraftforge.common.crafting.CraftingHelper.lambda$init$15(CraftingHelper.java:531) ~[CraftingHelper.class:?]
	at net.minecraftforge.common.crafting.CraftingHelper.getRecipe(CraftingHelper.java:416) ~[CraftingHelper.class:?]
	at net.minecraftforge.common.crafting.CraftingHelper.lambda$loadRecipes$22(CraftingHelper.java:723) ~[CraftingHelper.class:?]
	at net.minecraftforge.common.crafting.CraftingHelper.findFiles(CraftingHelper.java:833) ~[CraftingHelper.class:?]
	at net.minecraftforge.common.crafting.CraftingHelper.loadRecipes(CraftingHelper.java:688) ~[CraftingHelper.class:?]
	at java.util.ArrayList.forEach(ArrayList.java:1259) [?:1.8.0_492]
	at net.minecraftforge.common.crafting.CraftingHelper.loadRecipes(CraftingHelper.java:633) [CraftingHelper.class:?]
	at net.minecraftforge.fml.common.Loader.initializeMods(Loader.java:747) [Loader.class:?]
	at net.minecraftforge.fml.server.FMLServerHandler.finishServerLoading(FMLServerHandler.java:108) [FMLServerHandler.class:?]
	at net.minecraftforge.fml.common.FMLCommonHandler.onServerStarted(FMLCommonHandler.java:338) [FMLCommonHandler.class:?]
	at net.minecraft.server.dedicated.DedicatedServer.func_71197_b(DedicatedServer.java:219) [nz.class:?]
	at net.minecraft.server.MinecraftServer.run(MinecraftServer.java:486) [MinecraftServer.class:?]
	at java.lang.Thread.run(Thread.java:750) [?:1.8.0_492]
[23:21:05] [Server thread/ERROR] [FML]: Parsing error loading recipe extratan:normaldrink4
com.google.gson.JsonSyntaxException: Unknown item 'extratan:empty_flask'
	at net.minecraftforge.common.crafting.CraftingHelper.getItemStackBasic(CraftingHelper.java:262) ~[CraftingHelper.class:?]
	at net.minecraftforge.common.crafting.CraftingHelper.lambda$init$16(CraftingHelper.java:544) ~[CraftingHelper.class:?]
	at net.minecraftforge.common.crafting.CraftingHelper.getIngredient(CraftingHelper.java:204) ~[CraftingHelper.class:?]
	at net.minecraftforge.common.crafting.CraftingHelper.lambda$init$15(CraftingHelper.java:531) ~[CraftingHelper.class:?]
	at net.minecraftforge.common.crafting.CraftingHelper.getRecipe(CraftingHelper.java:416) ~[CraftingHelper.class:?]
	at net.minecraftforge.common.crafting.CraftingHelper.lambda$loadRecipes$22(CraftingHelper.java:723) ~[CraftingHelper.class:?]
	at net.minecraftforge.common.crafting.CraftingHelper.findFiles(CraftingHelper.java:833) ~[CraftingHelper.class:?]
	at net.minecraftforge.common.crafting.CraftingHelper.loadRecipes(CraftingHelper.java:688) ~[CraftingHelper.class:?]
	at java.util.ArrayList.forEach(ArrayList.java:1259) [?:1.8.0_492]
	at net.minecraftforge.common.crafting.CraftingHelper.loadRecipes(CraftingHelper.java:633) [CraftingHelper.class:?]
	at net.minecraftforge.fml.common.Loader.initializeMods(Loader.java:747) [Loader.class:?]
	at net.minecraftforge.fml.server.FMLServerHandler.finishServerLoading(FMLServerHandler.java:108) [FMLServerHandler.class:?]
	at net.minecraftforge.fml.common.FMLCommonHandler.onServerStarted(FMLCommonHandler.java:338) [FMLCommonHandler.class:?]
	at net.minecraft.server.dedicated.DedicatedServer.func_71197_b(DedicatedServer.java:219) [nz.class:?]
	at net.minecraft.server.MinecraftServer.run(MinecraftServer.java:486) [MinecraftServer.class:?]
	at java.lang.Thread.run(Thread.java:750) [?:1.8.0_492]
[23:21:05] [Server thread/ERROR] [FML]: Parsing error loading recipe extratan:normaldrink3
com.google.gson.JsonSyntaxException: Unknown item 'extratan:empty_flask'
	at net.minecraftforge.common.crafting.CraftingHelper.getItemStackBasic(CraftingHelper.java:262) ~[CraftingHelper.class:?]
	at net.minecraftforge.common.crafting.CraftingHelper.lambda$init$16(CraftingHelper.java:544) ~[CraftingHelper.class:?]
	at net.minecraftforge.common.crafting.CraftingHelper.getIngredient(CraftingHelper.java:204) ~[CraftingHelper.class:?]
	at net.minecraftforge.common.crafting.CraftingHelper.lambda$init$15(CraftingHelper.java:531) ~[CraftingHelper.class:?]
	at net.minecraftforge.common.crafting.CraftingHelper.getRecipe(CraftingHelper.java:416) ~[CraftingHelper.class:?]
	at net.minecraftforge.common.crafting.CraftingHelper.lambda$loadRecipes$22(CraftingHelper.java:723) ~[CraftingHelper.class:?]
	at net.minecraftforge.common.crafting.CraftingHelper.findFiles(CraftingHelper.java:833) ~[CraftingHelper.class:?]
	at net.minecraftforge.common.crafting.CraftingHelper.loadRecipes(CraftingHelper.java:688) ~[CraftingHelper.class:?]
	at java.util.ArrayList.forEach(ArrayList.java:1259) [?:1.8.0_492]
	at net.minecraftforge.common.crafting.CraftingHelper.loadRecipes(CraftingHelper.java:633) [CraftingHelper.class:?]
	at net.minecraftforge.fml.common.Loader.initializeMods(Loader.java:747) [Loader.class:?]
	at net.minecraftforge.fml.server.FMLServerHandler.finishServerLoading(FMLServerHandler.java:108) [FMLServerHandler.class:?]
	at net.minecraftforge.fml.common.FMLCommonHandler.onServerStarted(FMLCommonHandler.java:338) [FMLCommonHandler.class:?]
	at net.minecraft.server.dedicated.DedicatedServer.func_71197_b(DedicatedServer.java:219) [nz.class:?]
	at net.minecraft.server.MinecraftServer.run(MinecraftServer.java:486) [MinecraftServer.class:?]
	at java.lang.Thread.run(Thread.java:750) [?:1.8.0_492]
[23:21:05] [Server thread/ERROR] [FML]: Parsing error loading recipe extratan:normaldrink2
com.google.gson.JsonSyntaxException: Unknown item 'extratan:flask_with_cold_water'
	at net.minecraftforge.common.crafting.CraftingHelper.getItemStackBasic(CraftingHelper.java:262) ~[CraftingHelper.class:?]
	at net.minecraftforge.common.crafting.CraftingHelper.lambda$init$16(CraftingHelper.java:544) ~[CraftingHelper.class:?]
	at net.minecraftforge.common.crafting.CraftingHelper.getIngredient(CraftingHelper.java:204) ~[CraftingHelper.class:?]
	at net.minecraftforge.common.crafting.CraftingHelper.lambda$init$15(CraftingHelper.java:531) ~[CraftingHelper.class:?]
	at net.minecraftforge.common.crafting.CraftingHelper.getRecipe(CraftingHelper.java:416) ~[CraftingHelper.class:?]
	at net.minecraftforge.common.crafting.CraftingHelper.lambda$loadRecipes$22(CraftingHelper.java:723) ~[CraftingHelper.class:?]
	at net.minecraftforge.common.crafting.CraftingHelper.findFiles(CraftingHelper.java:833) ~[CraftingHelper.class:?]
	at net.minecraftforge.common.crafting.CraftingHelper.loadRecipes(CraftingHelper.java:688) ~[CraftingHelper.class:?]
	at java.util.ArrayList.forEach(ArrayList.java:1259) [?:1.8.0_492]
	at net.minecraftforge.common.crafting.CraftingHelper.loadRecipes(CraftingHelper.java:633) [CraftingHelper.class:?]
	at net.minecraftforge.fml.common.Loader.initializeMods(Loader.java:747) [Loader.class:?]
	at net.minecraftforge.fml.server.FMLServerHandler.finishServerLoading(FMLServerHandler.java:108) [FMLServerHandler.class:?]
	at net.minecraftforge.fml.common.FMLCommonHandler.onServerStarted(FMLCommonHandler.java:338) [FMLCommonHandler.class:?]
	at net.minecraft.server.dedicated.DedicatedServer.func_71197_b(DedicatedServer.java:219) [nz.class:?]
	at net.minecraft.server.MinecraftServer.run(MinecraftServer.java:486) [MinecraftServer.class:?]
	at java.lang.Thread.run(Thread.java:750) [?:1.8.0_492]
[23:21:05] [Server thread/ERROR] [FML]: Parsing error loading recipe extratan:normaldrink
com.google.gson.JsonSyntaxException: Unknown item 'extratan:flask_with_hot_water'
	at net.minecraftforge.common.crafting.CraftingHelper.getItemStackBasic(CraftingHelper.java:262) ~[CraftingHelper.class:?]
	at net.minecraftforge.common.crafting.CraftingHelper.lambda$init$16(CraftingHelper.java:544) ~[CraftingHelper.class:?]
	at net.minecraftforge.common.crafting.CraftingHelper.getIngredient(CraftingHelper.java:204) ~[CraftingHelper.class:?]
	at net.minecraftforge.common.crafting.CraftingHelper.lambda$init$15(CraftingHelper.java:531) ~[CraftingHelper.class:?]
	at net.minecraftforge.common.crafting.CraftingHelper.getRecipe(CraftingHelper.java:416) ~[CraftingHelper.class:?]
	at net.minecraftforge.common.crafting.CraftingHelper.lambda$loadRecipes$22(CraftingHelper.java:723) ~[CraftingHelper.class:?]
	at net.minecraftforge.common.crafting.CraftingHelper.findFiles(CraftingHelper.java:833) ~[CraftingHelper.class:?]
	at net.minecraftforge.common.crafting.CraftingHelper.loadRecipes(CraftingHelper.java:688) ~[CraftingHelper.class:?]
	at java.util.ArrayList.forEach(ArrayList.java:1259) [?:1.8.0_492]
	at net.minecraftforge.common.crafting.CraftingHelper.loadRecipes(CraftingHelper.java:633) [CraftingHelper.class:?]
	at net.minecraftforge.fml.common.Loader.initializeMods(Loader.java:747) [Loader.class:?]
	at net.minecraftforge.fml.server.FMLServerHandler.finishServerLoading(FMLServerHandler.java:108) [FMLServerHandler.class:?]
	at net.minecraftforge.fml.common.FMLCommonHandler.onServerStarted(FMLCommonHandler.java:338) [FMLCommonHandler.class:?]
	at net.minecraft.server.dedicated.DedicatedServer.func_71197_b(DedicatedServer.java:219) [nz.class:?]
	at net.minecraft.server.MinecraftServer.run(MinecraftServer.java:486) [MinecraftServer.class:?]
	at java.lang.Thread.run(Thread.java:750) [?:1.8.0_492]
[23:21:05] [Server thread/ERROR] [FML]: Parsing error loading recipe extratan:hotdrink
com.google.gson.JsonSyntaxException: Unknown item 'extratan:filled_flask'
	at net.minecraftforge.common.crafting.CraftingHelper.getItemStackBasic(CraftingHelper.java:262) ~[CraftingHelper.class:?]
	at net.minecraftforge.common.crafting.CraftingHelper.lambda$init$16(CraftingHelper.java:544) ~[CraftingHelper.class:?]
	at net.minecraftforge.common.crafting.CraftingHelper.getIngredient(CraftingHelper.java:204) ~[CraftingHelper.class:?]
	at net.minecraftforge.common.crafting.CraftingHelper.lambda$init$15(CraftingHelper.java:531) ~[CraftingHelper.class:?]
	at net.minecraftforge.common.crafting.CraftingHelper.getRecipe(CraftingHelper.java:416) ~[CraftingHelper.class:?]
	at net.minecraftforge.common.crafting.CraftingHelper.lambda$loadRecipes$22(CraftingHelper.java:723) ~[CraftingHelper.class:?]
	at net.minecraftforge.common.crafting.CraftingHelper.findFiles(CraftingHelper.java:833) ~[CraftingHelper.class:?]
	at net.minecraftforge.common.crafting.CraftingHelper.loadRecipes(CraftingHelper.java:688) ~[CraftingHelper.class:?]
	at java.util.ArrayList.forEach(ArrayList.java:1259) [?:1.8.0_492]
	at net.minecraftforge.common.crafting.CraftingHelper.loadRecipes(CraftingHelper.java:633) [CraftingHelper.class:?]
	at net.minecraftforge.fml.common.Loader.initializeMods(Loader.java:747) [Loader.class:?]
	at net.minecraftforge.fml.server.FMLServerHandler.finishServerLoading(FMLServerHandler.java:108) [FMLServerHandler.class:?]
	at net.minecraftforge.fml.common.FMLCommonHandler.onServerStarted(FMLCommonHandler.java:338) [FMLCommonHandler.class:?]
	at net.minecraft.server.dedicated.DedicatedServer.func_71197_b(DedicatedServer.java:219) [nz.class:?]
	at net.minecraft.server.MinecraftServer.run(MinecraftServer.java:486) [MinecraftServer.class:?]
	at java.lang.Thread.run(Thread.java:750) [?:1.8.0_492]
[23:21:05] [Server thread/ERROR] [FML]: Parsing error loading recipe extratan:hot-to-normal2
com.google.gson.JsonSyntaxException: Unknown item 'extratan:flask_with_hot_water'
	at net.minecraftforge.common.crafting.CraftingHelper.getItemStackBasic(CraftingHelper.java:262) ~[CraftingHelper.class:?]
	at net.minecraftforge.common.crafting.CraftingHelper.lambda$init$16(CraftingHelper.java:544) ~[CraftingHelper.class:?]
	at net.minecraftforge.common.crafting.CraftingHelper.getIngredient(CraftingHelper.java:204) ~[CraftingHelper.class:?]
	at net.minecraftforge.common.crafting.CraftingHelper.lambda$init$15(CraftingHelper.java:531) ~[CraftingHelper.class:?]
	at net.minecraftforge.common.crafting.CraftingHelper.getRecipe(CraftingHelper.java:416) ~[CraftingHelper.class:?]
	at net.minecraftforge.common.crafting.CraftingHelper.lambda$loadRecipes$22(CraftingHelper.java:723) ~[CraftingHelper.class:?]
	at net.minecraftforge.common.crafting.CraftingHelper.findFiles(CraftingHelper.java:833) ~[CraftingHelper.class:?]
	at net.minecraftforge.common.crafting.CraftingHelper.loadRecipes(CraftingHelper.java:688) ~[CraftingHelper.class:?]
	at java.util.ArrayList.forEach(ArrayList.java:1259) [?:1.8.0_492]
	at net.minecraftforge.common.crafting.CraftingHelper.loadRecipes(CraftingHelper.java:633) [CraftingHelper.class:?]
	at net.minecraftforge.fml.common.Loader.initializeMods(Loader.java:747) [Loader.class:?]
	at net.minecraftforge.fml.server.FMLServerHandler.finishServerLoading(FMLServerHandler.java:108) [FMLServerHandler.class:?]
	at net.minecraftforge.fml.common.FMLCommonHandler.onServerStarted(FMLCommonHandler.java:338) [FMLCommonHandler.class:?]
	at net.minecraft.server.dedicated.DedicatedServer.func_71197_b(DedicatedServer.java:219) [nz.class:?]
	at net.minecraft.server.MinecraftServer.run(MinecraftServer.java:486) [MinecraftServer.class:?]
	at java.lang.Thread.run(Thread.java:750) [?:1.8.0_492]
[23:21:05] [Server thread/ERROR] [FML]: Parsing error loading recipe extratan:hot-to-normal
com.google.gson.JsonSyntaxException: Unknown item 'extratan:flask_with_hot_water'
	at net.minecraftforge.common.crafting.CraftingHelper.getItemStackBasic(CraftingHelper.java:262) ~[CraftingHelper.class:?]
	at net.minecraftforge.common.crafting.CraftingHelper.lambda$init$16(CraftingHelper.java:544) ~[CraftingHelper.class:?]
	at net.minecraftforge.common.crafting.CraftingHelper.getIngredient(CraftingHelper.java:204) ~[CraftingHelper.class:?]
	at net.minecraftforge.common.crafting.CraftingHelper.lambda$init$15(CraftingHelper.java:531) ~[CraftingHelper.class:?]
	at net.minecraftforge.common.crafting.CraftingHelper.getRecipe(CraftingHelper.java:416) ~[CraftingHelper.class:?]
	at net.minecraftforge.common.crafting.CraftingHelper.lambda$loadRecipes$22(CraftingHelper.java:723) ~[CraftingHelper.class:?]
	at net.minecraftforge.common.crafting.CraftingHelper.findFiles(CraftingHelper.java:833) ~[CraftingHelper.class:?]
	at net.minecraftforge.common.crafting.CraftingHelper.loadRecipes(CraftingHelper.java:688) ~[CraftingHelper.class:?]
	at java.util.ArrayList.forEach(ArrayList.java:1259) [?:1.8.0_492]
	at net.minecraftforge.common.crafting.CraftingHelper.loadRecipes(CraftingHelper.java:633) [CraftingHelper.class:?]
	at net.minecraftforge.fml.common.Loader.initializeMods(Loader.java:747) [Loader.class:?]
	at net.minecraftforge.fml.server.FMLServerHandler.finishServerLoading(FMLServerHandler.java:108) [FMLServerHandler.class:?]
	at net.minecraftforge.fml.common.FMLCommonHandler.onServerStarted(FMLCommonHandler.java:338) [FMLCommonHandler.class:?]
	at net.minecraft.server.dedicated.DedicatedServer.func_71197_b(DedicatedServer.java:219) [nz.class:?]
	at net.minecraft.server.MinecraftServer.run(MinecraftServer.java:486) [MinecraftServer.class:?]
	at java.lang.Thread.run(Thread.java:750) [?:1.8.0_492]
[23:21:05] [Server thread/ERROR] [FML]: Parsing error loading recipe extratan:emptyflask2
com.google.gson.JsonSyntaxException: Unknown item 'extratan:empty_flask'
	at net.minecraftforge.common.crafting.CraftingHelper.getItemStack(CraftingHelper.java:214) ~[CraftingHelper.class:?]
	at net.minecraftforge.common.crafting.CraftingHelper.lambda$init$15(CraftingHelper.java:538) ~[CraftingHelper.class:?]
	at net.minecraftforge.common.crafting.CraftingHelper.getRecipe(CraftingHelper.java:416) ~[CraftingHelper.class:?]
	at net.minecraftforge.common.crafting.CraftingHelper.lambda$loadRecipes$22(CraftingHelper.java:723) ~[CraftingHelper.class:?]
	at net.minecraftforge.common.crafting.CraftingHelper.findFiles(CraftingHelper.java:833) ~[CraftingHelper.class:?]
	at net.minecraftforge.common.crafting.CraftingHelper.loadRecipes(CraftingHelper.java:688) ~[CraftingHelper.class:?]
	at java.util.ArrayList.forEach(ArrayList.java:1259) [?:1.8.0_492]
	at net.minecraftforge.common.crafting.CraftingHelper.loadRecipes(CraftingHelper.java:633) [CraftingHelper.class:?]
	at net.minecraftforge.fml.common.Loader.initializeMods(Loader.java:747) [Loader.class:?]
	at net.minecraftforge.fml.server.FMLServerHandler.finishServerLoading(FMLServerHandler.java:108) [FMLServerHandler.class:?]
	at net.minecraftforge.fml.common.FMLCommonHandler.onServerStarted(FMLCommonHandler.java:338) [FMLCommonHandler.class:?]
	at net.minecraft.server.dedicated.DedicatedServer.func_71197_b(DedicatedServer.java:219) [nz.class:?]
	at net.minecraft.server.MinecraftServer.run(MinecraftServer.java:486) [MinecraftServer.class:?]
	at java.lang.Thread.run(Thread.java:750) [?:1.8.0_492]
[23:21:05] [Server thread/ERROR] [FML]: Parsing error loading recipe extratan:emptyflask
com.google.gson.JsonSyntaxException: Unknown item 'extratan:empty_flask'
	at net.minecraftforge.common.crafting.CraftingHelper.getItemStack(CraftingHelper.java:214) ~[CraftingHelper.class:?]
	at net.minecraftforge.common.crafting.CraftingHelper.lambda$init$15(CraftingHelper.java:538) ~[CraftingHelper.class:?]
	at net.minecraftforge.common.crafting.CraftingHelper.getRecipe(CraftingHelper.java:416) ~[CraftingHelper.class:?]
	at net.minecraftforge.common.crafting.CraftingHelper.lambda$loadRecipes$22(CraftingHelper.java:723) ~[CraftingHelper.class:?]
	at net.minecraftforge.common.crafting.CraftingHelper.findFiles(CraftingHelper.java:833) ~[CraftingHelper.class:?]
	at net.minecraftforge.common.crafting.CraftingHelper.loadRecipes(CraftingHelper.java:688) ~[CraftingHelper.class:?]
	at java.util.ArrayList.forEach(ArrayList.java:1259) [?:1.8.0_492]
	at net.minecraftforge.common.crafting.CraftingHelper.loadRecipes(CraftingHelper.java:633) [CraftingHelper.class:?]
	at net.minecraftforge.fml.common.Loader.initializeMods(Loader.java:747) [Loader.class:?]
	at net.minecraftforge.fml.server.FMLServerHandler.finishServerLoading(FMLServerHandler.java:108) [FMLServerHandler.class:?]
	at net.minecraftforge.fml.common.FMLCommonHandler.onServerStarted(FMLCommonHandler.java:338) [FMLCommonHandler.class:?]
	at net.minecraft.server.dedicated.DedicatedServer.func_71197_b(DedicatedServer.java:219) [nz.class:?]
	at net.minecraft.server.MinecraftServer.run(MinecraftServer.java:486) [MinecraftServer.class:?]
	at java.lang.Thread.run(Thread.java:750) [?:1.8.0_492]
[23:21:05] [Server thread/ERROR] [FML]: Parsing error loading recipe extratan:emptyflask-repair5
com.google.gson.JsonSyntaxException: Unknown item 'extratan:empty_flask'
	at net.minecraftforge.common.crafting.CraftingHelper.getItemStackBasic(CraftingHelper.java:262) ~[CraftingHelper.class:?]
	at net.minecraftforge.common.crafting.CraftingHelper.lambda$init$16(CraftingHelper.java:544) ~[CraftingHelper.class:?]
	at net.minecraftforge.common.crafting.CraftingHelper.getIngredient(CraftingHelper.java:204) ~[CraftingHelper.class:?]
	at net.minecraftforge.common.crafting.CraftingHelper.lambda$init$15(CraftingHelper.java:531) ~[CraftingHelper.class:?]
	at net.minecraftforge.common.crafting.CraftingHelper.getRecipe(CraftingHelper.java:416) ~[CraftingHelper.class:?]
	at net.minecraftforge.common.crafting.CraftingHelper.lambda$loadRecipes$22(CraftingHelper.java:723) ~[CraftingHelper.class:?]
	at net.minecraftforge.common.crafting.CraftingHelper.findFiles(CraftingHelper.java:833) ~[CraftingHelper.class:?]
	at net.minecraftforge.common.crafting.CraftingHelper.loadRecipes(CraftingHelper.java:688) ~[CraftingHelper.class:?]
	at java.util.ArrayList.forEach(ArrayList.java:1259) [?:1.8.0_492]
	at net.minecraftforge.common.crafting.CraftingHelper.loadRecipes(CraftingHelper.java:633) [CraftingHelper.class:?]
	at net.minecraftforge.fml.common.Loader.initializeMods(Loader.java:747) [Loader.class:?]
	at net.minecraftforge.fml.server.FMLServerHandler.finishServerLoading(FMLServerHandler.java:108) [FMLServerHandler.class:?]
	at net.minecraftforge.fml.common.FMLCommonHandler.onServerStarted(FMLCommonHandler.java:338) [FMLCommonHandler.class:?]
	at net.minecraft.server.dedicated.DedicatedServer.func_71197_b(DedicatedServer.java:219) [nz.class:?]
	at net.minecraft.server.MinecraftServer.run(MinecraftServer.java:486) [MinecraftServer.class:?]
	at java.lang.Thread.run(Thread.java:750) [?:1.8.0_492]
[23:21:05] [Server thread/ERROR] [FML]: Parsing error loading recipe extratan:emptyflask-repair4
com.google.gson.JsonSyntaxException: Unknown item 'extratan:empty_flask'
	at net.minecraftforge.common.crafting.CraftingHelper.getItemStackBasic(CraftingHelper.java:262) ~[CraftingHelper.class:?]
	at net.minecraftforge.common.crafting.CraftingHelper.lambda$init$16(CraftingHelper.java:544) ~[CraftingHelper.class:?]
	at net.minecraftforge.common.crafting.CraftingHelper.getIngredient(CraftingHelper.java:204) ~[CraftingHelper.class:?]
	at net.minecraftforge.common.crafting.CraftingHelper.lambda$init$15(CraftingHelper.java:531) ~[CraftingHelper.class:?]
	at net.minecraftforge.common.crafting.CraftingHelper.getRecipe(CraftingHelper.java:416) ~[CraftingHelper.class:?]
	at net.minecraftforge.common.crafting.CraftingHelper.lambda$loadRecipes$22(CraftingHelper.java:723) ~[CraftingHelper.class:?]
	at net.minecraftforge.common.crafting.CraftingHelper.findFiles(CraftingHelper.java:833) ~[CraftingHelper.class:?]
	at net.minecraftforge.common.crafting.CraftingHelper.loadRecipes(CraftingHelper.java:688) ~[CraftingHelper.class:?]
	at java.util.ArrayList.forEach(ArrayList.java:1259) [?:1.8.0_492]
	at net.minecraftforge.common.crafting.CraftingHelper.loadRecipes(CraftingHelper.java:633) [CraftingHelper.class:?]
	at net.minecraftforge.fml.common.Loader.initializeMods(Loader.java:747) [Loader.class:?]
	at net.minecraftforge.fml.server.FMLServerHandler.finishServerLoading(FMLServerHandler.java:108) [FMLServerHandler.class:?]
	at net.minecraftforge.fml.common.FMLCommonHandler.onServerStarted(FMLCommonHandler.java:338) [FMLCommonHandler.class:?]
	at net.minecraft.server.dedicated.DedicatedServer.func_71197_b(DedicatedServer.java:219) [nz.class:?]
	at net.minecraft.server.MinecraftServer.run(MinecraftServer.java:486) [MinecraftServer.class:?]
	at java.lang.Thread.run(Thread.java:750) [?:1.8.0_492]
[23:21:05] [Server thread/ERROR] [FML]: Parsing error loading recipe extratan:emptyflask-repair3
com.google.gson.JsonSyntaxException: Unknown item 'extratan:empty_flask'
	at net.minecraftforge.common.crafting.CraftingHelper.getItemStackBasic(CraftingHelper.java:262) ~[CraftingHelper.class:?]
	at net.minecraftforge.common.crafting.CraftingHelper.lambda$init$16(CraftingHelper.java:544) ~[CraftingHelper.class:?]
	at net.minecraftforge.common.crafting.CraftingHelper.getIngredient(CraftingHelper.java:204) ~[CraftingHelper.class:?]
	at net.minecraftforge.common.crafting.CraftingHelper.lambda$init$15(CraftingHelper.java:531) ~[CraftingHelper.class:?]
	at net.minecraftforge.common.crafting.CraftingHelper.getRecipe(CraftingHelper.java:416) ~[CraftingHelper.class:?]
	at net.minecraftforge.common.crafting.CraftingHelper.lambda$loadRecipes$22(CraftingHelper.java:723) ~[CraftingHelper.class:?]
	at net.minecraftforge.common.crafting.CraftingHelper.findFiles(CraftingHelper.java:833) ~[CraftingHelper.class:?]
	at net.minecraftforge.common.crafting.CraftingHelper.loadRecipes(CraftingHelper.java:688) ~[CraftingHelper.class:?]
	at java.util.ArrayList.forEach(ArrayList.java:1259) [?:1.8.0_492]
	at net.minecraftforge.common.crafting.CraftingHelper.loadRecipes(CraftingHelper.java:633) [CraftingHelper.class:?]
	at net.minecraftforge.fml.common.Loader.initializeMods(Loader.java:747) [Loader.class:?]
	at net.minecraftforge.fml.server.FMLServerHandler.finishServerLoading(FMLServerHandler.java:108) [FMLServerHandler.class:?]
	at net.minecraftforge.fml.common.FMLCommonHandler.onServerStarted(FMLCommonHandler.java:338) [FMLCommonHandler.class:?]
	at net.minecraft.server.dedicated.DedicatedServer.func_71197_b(DedicatedServer.java:219) [nz.class:?]
	at net.minecraft.server.MinecraftServer.run(MinecraftServer.java:486) [MinecraftServer.class:?]
	at java.lang.Thread.run(Thread.java:750) [?:1.8.0_492]
[23:21:05] [Server thread/ERROR] [FML]: Parsing error loading recipe extratan:emptyflask-repair2
com.google.gson.JsonSyntaxException: Unknown item 'extratan:empty_flask'
	at net.minecraftforge.common.crafting.CraftingHelper.getItemStackBasic(CraftingHelper.java:262) ~[CraftingHelper.class:?]
	at net.minecraftforge.common.crafting.CraftingHelper.lambda$init$16(CraftingHelper.java:544) ~[CraftingHelper.class:?]
	at net.minecraftforge.common.crafting.CraftingHelper.getIngredient(CraftingHelper.java:204) ~[CraftingHelper.class:?]
	at net.minecraftforge.common.crafting.CraftingHelper.lambda$init$15(CraftingHelper.java:531) ~[CraftingHelper.class:?]
	at net.minecraftforge.common.crafting.CraftingHelper.getRecipe(CraftingHelper.java:416) ~[CraftingHelper.class:?]
	at net.minecraftforge.common.crafting.CraftingHelper.lambda$loadRecipes$22(CraftingHelper.java:723) ~[CraftingHelper.class:?]
	at net.minecraftforge.common.crafting.CraftingHelper.findFiles(CraftingHelper.java:833) ~[CraftingHelper.class:?]
	at net.minecraftforge.common.crafting.CraftingHelper.loadRecipes(CraftingHelper.java:688) ~[CraftingHelper.class:?]
	at java.util.ArrayList.forEach(ArrayList.java:1259) [?:1.8.0_492]
	at net.minecraftforge.common.crafting.CraftingHelper.loadRecipes(CraftingHelper.java:633) [CraftingHelper.class:?]
	at net.minecraftforge.fml.common.Loader.initializeMods(Loader.java:747) [Loader.class:?]
	at net.minecraftforge.fml.server.FMLServerHandler.finishServerLoading(FMLServerHandler.java:108) [FMLServerHandler.class:?]
	at net.minecraftforge.fml.common.FMLCommonHandler.onServerStarted(FMLCommonHandler.java:338) [FMLCommonHandler.class:?]
	at net.minecraft.server.dedicated.DedicatedServer.func_71197_b(DedicatedServer.java:219) [nz.class:?]
	at net.minecraft.server.MinecraftServer.run(MinecraftServer.java:486) [MinecraftServer.class:?]
	at java.lang.Thread.run(Thread.java:750) [?:1.8.0_492]
[23:21:05] [Server thread/ERROR] [FML]: Parsing error loading recipe extratan:emptyflask-repair
com.google.gson.JsonSyntaxException: Unknown item 'extratan:empty_flask'
	at net.minecraftforge.common.crafting.CraftingHelper.getItemStackBasic(CraftingHelper.java:262) ~[CraftingHelper.class:?]
	at net.minecraftforge.common.crafting.CraftingHelper.lambda$init$16(CraftingHelper.java:544) ~[CraftingHelper.class:?]
	at net.minecraftforge.common.crafting.CraftingHelper.getIngredient(CraftingHelper.java:204) ~[CraftingHelper.class:?]
	at net.minecraftforge.common.crafting.CraftingHelper.lambda$init$15(CraftingHelper.java:531) ~[CraftingHelper.class:?]
	at net.minecraftforge.common.crafting.CraftingHelper.getRecipe(CraftingHelper.java:416) ~[CraftingHelper.class:?]
	at net.minecraftforge.common.crafting.CraftingHelper.lambda$loadRecipes$22(CraftingHelper.java:723) ~[CraftingHelper.class:?]
	at net.minecraftforge.common.crafting.CraftingHelper.findFiles(CraftingHelper.java:833) ~[CraftingHelper.class:?]
	at net.minecraftforge.common.crafting.CraftingHelper.loadRecipes(CraftingHelper.java:688) ~[CraftingHelper.class:?]
	at java.util.ArrayList.forEach(ArrayList.java:1259) [?:1.8.0_492]
	at net.minecraftforge.common.crafting.CraftingHelper.loadRecipes(CraftingHelper.java:633) [CraftingHelper.class:?]
	at net.minecraftforge.fml.common.Loader.initializeMods(Loader.java:747) [Loader.class:?]
	at net.minecraftforge.fml.server.FMLServerHandler.finishServerLoading(FMLServerHandler.java:108) [FMLServerHandler.class:?]
	at net.minecraftforge.fml.common.FMLCommonHandler.onServerStarted(FMLCommonHandler.java:338) [FMLCommonHandler.class:?]
	at net.minecraft.server.dedicated.DedicatedServer.func_71197_b(DedicatedServer.java:219) [nz.class:?]
	at net.minecraft.server.MinecraftServer.run(MinecraftServer.java:486) [MinecraftServer.class:?]
	at java.lang.Thread.run(Thread.java:750) [?:1.8.0_492]
[23:21:05] [Server thread/ERROR] [FML]: Parsing error loading recipe extratan:colddrink2
com.google.gson.JsonSyntaxException: Unknown item 'extratan:filled_flask'
	at net.minecraftforge.common.crafting.CraftingHelper.getItemStackBasic(CraftingHelper.java:262) ~[CraftingHelper.class:?]
	at net.minecraftforge.common.crafting.CraftingHelper.lambda$init$16(CraftingHelper.java:544) ~[CraftingHelper.class:?]
	at net.minecraftforge.common.crafting.CraftingHelper.getIngredient(CraftingHelper.java:204) ~[CraftingHelper.class:?]
	at net.minecraftforge.common.crafting.CraftingHelper.lambda$init$15(CraftingHelper.java:531) ~[CraftingHelper.class:?]
	at net.minecraftforge.common.crafting.CraftingHelper.getRecipe(CraftingHelper.java:416) ~[CraftingHelper.class:?]
	at net.minecraftforge.common.crafting.CraftingHelper.lambda$loadRecipes$22(CraftingHelper.java:723) ~[CraftingHelper.class:?]
	at net.minecraftforge.common.crafting.CraftingHelper.findFiles(CraftingHelper.java:833) ~[CraftingHelper.class:?]
	at net.minecraftforge.common.crafting.CraftingHelper.loadRecipes(CraftingHelper.java:688) ~[CraftingHelper.class:?]
	at java.util.ArrayList.forEach(ArrayList.java:1259) [?:1.8.0_492]
	at net.minecraftforge.common.crafting.CraftingHelper.loadRecipes(CraftingHelper.java:633) [CraftingHelper.class:?]
	at net.minecraftforge.fml.common.Loader.initializeMods(Loader.java:747) [Loader.class:?]
	at net.minecraftforge.fml.server.FMLServerHandler.finishServerLoading(FMLServerHandler.java:108) [FMLServerHandler.class:?]
	at net.minecraftforge.fml.common.FMLCommonHandler.onServerStarted(FMLCommonHandler.java:338) [FMLCommonHandler.class:?]
	at net.minecraft.server.dedicated.DedicatedServer.func_71197_b(DedicatedServer.java:219) [nz.class:?]
	at net.minecraft.server.MinecraftServer.run(MinecraftServer.java:486) [MinecraftServer.class:?]
	at java.lang.Thread.run(Thread.java:750) [?:1.8.0_492]
[23:21:05] [Server thread/ERROR] [FML]: Parsing error loading recipe extratan:colddrink
com.google.gson.JsonSyntaxException: Unknown item 'extratan:filled_flask'
	at net.minecraftforge.common.crafting.CraftingHelper.getItemStackBasic(CraftingHelper.java:262) ~[CraftingHelper.class:?]
	at net.minecraftforge.common.crafting.CraftingHelper.lambda$init$16(CraftingHelper.java:544) ~[CraftingHelper.class:?]
	at net.minecraftforge.common.crafting.CraftingHelper.getIngredient(CraftingHelper.java:204) ~[CraftingHelper.class:?]
	at net.minecraftforge.common.crafting.CraftingHelper.lambda$init$15(CraftingHelper.java:531) ~[CraftingHelper.class:?]
	at net.minecraftforge.common.crafting.CraftingHelper.getRecipe(CraftingHelper.java:416) ~[CraftingHelper.class:?]
	at net.minecraftforge.common.crafting.CraftingHelper.lambda$loadRecipes$22(CraftingHelper.java:723) ~[CraftingHelper.class:?]
	at net.minecraftforge.common.crafting.CraftingHelper.findFiles(CraftingHelper.java:833) ~[CraftingHelper.class:?]
	at net.minecraftforge.common.crafting.CraftingHelper.loadRecipes(CraftingHelper.java:688) ~[CraftingHelper.class:?]
	at java.util.ArrayList.forEach(ArrayList.java:1259) [?:1.8.0_492]
	at net.minecraftforge.common.crafting.CraftingHelper.loadRecipes(CraftingHelper.java:633) [CraftingHelper.class:?]
	at net.minecraftforge.fml.common.Loader.initializeMods(Loader.java:747) [Loader.class:?]
	at net.minecraftforge.fml.server.FMLServerHandler.finishServerLoading(FMLServerHandler.java:108) [FMLServerHandler.class:?]
	at net.minecraftforge.fml.common.FMLCommonHandler.onServerStarted(FMLCommonHandler.java:338) [FMLCommonHandler.class:?]
	at net.minecraft.server.dedicated.DedicatedServer.func_71197_b(DedicatedServer.java:219) [nz.class:?]
	at net.minecraft.server.MinecraftServer.run(MinecraftServer.java:486) [MinecraftServer.class:?]
	at java.lang.Thread.run(Thread.java:750) [?:1.8.0_492]
[23:21:05] [Server thread/ERROR] [FML]: Parsing error loading recipe extratan:cold-to-normal1
com.google.gson.JsonSyntaxException: Unknown item 'extratan:flask_with_cold_water'
	at net.minecraftforge.common.crafting.CraftingHelper.getItemStackBasic(CraftingHelper.java:262) ~[CraftingHelper.class:?]
	at net.minecraftforge.common.crafting.CraftingHelper.lambda$init$16(CraftingHelper.java:544) ~[CraftingHelper.class:?]
	at net.minecraftforge.common.crafting.CraftingHelper.getIngredient(CraftingHelper.java:204) ~[CraftingHelper.class:?]
	at net.minecraftforge.common.crafting.CraftingHelper.lambda$init$15(CraftingHelper.java:531) ~[CraftingHelper.class:?]
	at net.minecraftforge.common.crafting.CraftingHelper.getRecipe(CraftingHelper.java:416) ~[CraftingHelper.class:?]
	at net.minecraftforge.common.crafting.CraftingHelper.lambda$loadRecipes$22(CraftingHelper.java:723) ~[CraftingHelper.class:?]
	at net.minecraftforge.common.crafting.CraftingHelper.findFiles(CraftingHelper.java:833) ~[CraftingHelper.class:?]
	at net.minecraftforge.common.crafting.CraftingHelper.loadRecipes(CraftingHelper.java:688) ~[CraftingHelper.class:?]
	at java.util.ArrayList.forEach(ArrayList.java:1259) [?:1.8.0_492]
	at net.minecraftforge.common.crafting.CraftingHelper.loadRecipes(CraftingHelper.java:633) [CraftingHelper.class:?]
	at net.minecraftforge.fml.common.Loader.initializeMods(Loader.java:747) [Loader.class:?]
	at net.minecraftforge.fml.server.FMLServerHandler.finishServerLoading(FMLServerHandler.java:108) [FMLServerHandler.class:?]
	at net.minecraftforge.fml.common.FMLCommonHandler.onServerStarted(FMLCommonHandler.java:338) [FMLCommonHandler.class:?]
	at net.minecraft.server.dedicated.DedicatedServer.func_71197_b(DedicatedServer.java:219) [nz.class:?]
	at net.minecraft.server.MinecraftServer.run(MinecraftServer.java:486) [MinecraftServer.class:?]
	at java.lang.Thread.run(Thread.java:750) [?:1.8.0_492]
[23:21:05] [Server thread/ERROR] [FML]: Parsing error loading recipe nocubessrparmory:recipe_vanilla_arrows
com.google.gson.JsonSyntaxException: Unknown item 'srparasites:strange_bone'
	at net.minecraftforge.common.crafting.CraftingHelper.getItemStackBasic(CraftingHelper.java:262) ~[CraftingHelper.class:?]
	at net.minecraftforge.common.crafting.CraftingHelper.lambda$init$16(CraftingHelper.java:544) ~[CraftingHelper.class:?]
	at net.minecraftforge.common.crafting.CraftingHelper.getIngredient(CraftingHelper.java:204) ~[CraftingHelper.class:?]
	at net.minecraftforge.common.crafting.CraftingHelper.lambda$getIngredient$0(CraftingHelper.java:152) ~[CraftingHelper.class:?]
	at java.lang.Iterable.forEach(Iterable.java:75) ~[?:1.8.0_492]
	at net.minecraftforge.common.crafting.CraftingHelper.getIngredient(CraftingHelper.java:150) ~[CraftingHelper.class:?]
	at net.minecraftforge.common.crafting.CraftingHelper.lambda$init$14(CraftingHelper.java:481) ~[CraftingHelper.class:?]
	at net.minecraftforge.common.crafting.CraftingHelper.getRecipe(CraftingHelper.java:416) ~[CraftingHelper.class:?]
	at net.minecraftforge.common.crafting.CraftingHelper.lambda$loadRecipes$22(CraftingHelper.java:723) ~[CraftingHelper.class:?]
	at net.minecraftforge.common.crafting.CraftingHelper.findFiles(CraftingHelper.java:833) ~[CraftingHelper.class:?]
	at net.minecraftforge.common.crafting.CraftingHelper.loadRecipes(CraftingHelper.java:688) ~[CraftingHelper.class:?]
	at java.util.ArrayList.forEach(ArrayList.java:1259) [?:1.8.0_492]
	at net.minecraftforge.common.crafting.CraftingHelper.loadRecipes(CraftingHelper.java:633) [CraftingHelper.class:?]
	at net.minecraftforge.fml.common.Loader.initializeMods(Loader.java:747) [Loader.class:?]
	at net.minecraftforge.fml.server.FMLServerHandler.finishServerLoading(FMLServerHandler.java:108) [FMLServerHandler.class:?]
	at net.minecraftforge.fml.common.FMLCommonHandler.onServerStarted(FMLCommonHandler.java:338) [FMLCommonHandler.class:?]
	at net.minecraft.server.dedicated.DedicatedServer.func_71197_b(DedicatedServer.java:219) [nz.class:?]
	at net.minecraft.server.MinecraftServer.run(MinecraftServer.java:486) [MinecraftServer.class:?]
	at java.lang.Thread.run(Thread.java:750) [?:1.8.0_492]
[23:21:05] [Server thread/ERROR] [FML]: Parsing error loading recipe nocubessrparmory:recipe_capsule_fule_eight
com.google.gson.JsonSyntaxException: Unknown item 'nocubessrparmory:capsuleempty'
	at net.minecraftforge.common.crafting.CraftingHelper.getItemStackBasic(CraftingHelper.java:262) ~[CraftingHelper.class:?]
	at net.minecraftforge.common.crafting.CraftingHelper.lambda$init$16(CraftingHelper.java:544) ~[CraftingHelper.class:?]
	at net.minecraftforge.common.crafting.CraftingHelper.getIngredient(CraftingHelper.java:204) ~[CraftingHelper.class:?]
	at net.minecraftforge.common.crafting.CraftingHelper.lambda$init$14(CraftingHelper.java:481) ~[CraftingHelper.class:?]
	at net.minecraftforge.common.crafting.CraftingHelper.getRecipe(CraftingHelper.java:416) ~[CraftingHelper.class:?]
	at net.minecraftforge.common.crafting.CraftingHelper.lambda$loadRecipes$22(CraftingHelper.java:723) ~[CraftingHelper.class:?]
	at net.minecraftforge.common.crafting.CraftingHelper.findFiles(CraftingHelper.java:833) ~[CraftingHelper.class:?]
	at net.minecraftforge.common.crafting.CraftingHelper.loadRecipes(CraftingHelper.java:688) ~[CraftingHelper.class:?]
	at java.util.ArrayList.forEach(ArrayList.java:1259) [?:1.8.0_492]
	at net.minecraftforge.common.crafting.CraftingHelper.loadRecipes(CraftingHelper.java:633) [CraftingHelper.class:?]
	at net.minecraftforge.fml.common.Loader.initializeMods(Loader.java:747) [Loader.class:?]
	at net.minecraftforge.fml.server.FMLServerHandler.finishServerLoading(FMLServerHandler.java:108) [FMLServerHandler.class:?]
	at net.minecraftforge.fml.common.FMLCommonHandler.onServerStarted(FMLCommonHandler.java:338) [FMLCommonHandler.class:?]
	at net.minecraft.server.dedicated.DedicatedServer.func_71197_b(DedicatedServer.java:219) [nz.class:?]
	at net.minecraft.server.MinecraftServer.run(MinecraftServer.java:486) [MinecraftServer.class:?]
	at java.lang.Thread.run(Thread.java:750) [?:1.8.0_492]
[23:21:05] [Server thread/ERROR] [FML]: Parsing error loading recipe nocubessrparmory:recipe_capsule_fuel_two
com.google.gson.JsonSyntaxException: Unknown item 'nocubessrparmory:capsuleempty'
	at net.minecraftforge.common.crafting.CraftingHelper.getItemStackBasic(CraftingHelper.java:262) ~[CraftingHelper.class:?]
	at net.minecraftforge.common.crafting.CraftingHelper.lambda$init$16(CraftingHelper.java:544) ~[CraftingHelper.class:?]
	at net.minecraftforge.common.crafting.CraftingHelper.getIngredient(CraftingHelper.java:204) ~[CraftingHelper.class:?]
	at net.minecraftforge.common.crafting.CraftingHelper.lambda$init$14(CraftingHelper.java:481) ~[CraftingHelper.class:?]
	at net.minecraftforge.common.crafting.CraftingHelper.getRecipe(CraftingHelper.java:416) ~[CraftingHelper.class:?]
	at net.minecraftforge.common.crafting.CraftingHelper.lambda$loadRecipes$22(CraftingHelper.java:723) ~[CraftingHelper.class:?]
	at net.minecraftforge.common.crafting.CraftingHelper.findFiles(CraftingHelper.java:833) ~[CraftingHelper.class:?]
	at net.minecraftforge.common.crafting.CraftingHelper.loadRecipes(CraftingHelper.java:688) ~[CraftingHelper.class:?]
	at java.util.ArrayList.forEach(ArrayList.java:1259) [?:1.8.0_492]
	at net.minecraftforge.common.crafting.CraftingHelper.loadRecipes(CraftingHelper.java:633) [CraftingHelper.class:?]
	at net.minecraftforge.fml.common.Loader.initializeMods(Loader.java:747) [Loader.class:?]
	at net.minecraftforge.fml.server.FMLServerHandler.finishServerLoading(FMLServerHandler.java:108) [FMLServerHandler.class:?]
	at net.minecraftforge.fml.common.FMLCommonHandler.onServerStarted(FMLCommonHandler.java:338) [FMLCommonHandler.class:?]
	at net.minecraft.server.dedicated.DedicatedServer.func_71197_b(DedicatedServer.java:219) [nz.class:?]
	at net.minecraft.server.MinecraftServer.run(MinecraftServer.java:486) [MinecraftServer.class:?]
	at java.lang.Thread.run(Thread.java:750) [?:1.8.0_492]
[23:21:05] [Server thread/ERROR] [FML]: Parsing error loading recipe nocubessrparmory:recipe_capsule_fuel_sixteen
com.google.gson.JsonSyntaxException: Unknown item 'nocubessrparmory:capsuleempty'
	at net.minecraftforge.common.crafting.CraftingHelper.getItemStackBasic(CraftingHelper.java:262) ~[CraftingHelper.class:?]
	at net.minecraftforge.common.crafting.CraftingHelper.lambda$init$16(CraftingHelper.java:544) ~[CraftingHelper.class:?]
	at net.minecraftforge.common.crafting.CraftingHelper.getIngredient(CraftingHelper.java:204) ~[CraftingHelper.class:?]
	at net.minecraftforge.common.crafting.CraftingHelper.lambda$init$14(CraftingHelper.java:481) ~[CraftingHelper.class:?]
	at net.minecraftforge.common.crafting.CraftingHelper.getRecipe(CraftingHelper.java:416) ~[CraftingHelper.class:?]
	at net.minecraftforge.common.crafting.CraftingHelper.lambda$loadRecipes$22(CraftingHelper.java:723) ~[CraftingHelper.class:?]
	at net.minecraftforge.common.crafting.CraftingHelper.findFiles(CraftingHelper.java:833) ~[CraftingHelper.class:?]
	at net.minecraftforge.common.crafting.CraftingHelper.loadRecipes(CraftingHelper.java:688) ~[CraftingHelper.class:?]
	at java.util.ArrayList.forEach(ArrayList.java:1259) [?:1.8.0_492]
	at net.minecraftforge.common.crafting.CraftingHelper.loadRecipes(CraftingHelper.java:633) [CraftingHelper.class:?]
	at net.minecraftforge.fml.common.Loader.initializeMods(Loader.java:747) [Loader.class:?]
	at net.minecraftforge.fml.server.FMLServerHandler.finishServerLoading(FMLServerHandler.java:108) [FMLServerHandler.class:?]
	at net.minecraftforge.fml.common.FMLCommonHandler.onServerStarted(FMLCommonHandler.java:338) [FMLCommonHandler.class:?]
	at net.minecraft.server.dedicated.DedicatedServer.func_71197_b(DedicatedServer.java:219) [nz.class:?]
	at net.minecraft.server.MinecraftServer.run(MinecraftServer.java:486) [MinecraftServer.class:?]
	at java.lang.Thread.run(Thread.java:750) [?:1.8.0_492]
[23:21:05] [Server thread/ERROR] [FML]: Parsing error loading recipe nocubessrparmory:recipe_capsule_fuel_four
com.google.gson.JsonSyntaxException: Unknown item 'nocubessrparmory:capsuleempty'
	at net.minecraftforge.common.crafting.CraftingHelper.getItemStackBasic(CraftingHelper.java:262) ~[CraftingHelper.class:?]
	at net.minecraftforge.common.crafting.CraftingHelper.lambda$init$16(CraftingHelper.java:544) ~[CraftingHelper.class:?]
	at net.minecraftforge.common.crafting.CraftingHelper.getIngredient(CraftingHelper.java:204) ~[CraftingHelper.class:?]
	at net.minecraftforge.common.crafting.CraftingHelper.lambda$init$14(CraftingHelper.java:481) ~[CraftingHelper.class:?]
	at net.minecraftforge.common.crafting.CraftingHelper.getRecipe(CraftingHelper.java:416) ~[CraftingHelper.class:?]
	at net.minecraftforge.common.crafting.CraftingHelper.lambda$loadRecipes$22(CraftingHelper.java:723) ~[CraftingHelper.class:?]
	at net.minecraftforge.common.crafting.CraftingHelper.findFiles(CraftingHelper.java:833) ~[CraftingHelper.class:?]
	at net.minecraftforge.common.crafting.CraftingHelper.loadRecipes(CraftingHelper.java:688) ~[CraftingHelper.class:?]
	at java.util.ArrayList.forEach(ArrayList.java:1259) [?:1.8.0_492]
	at net.minecraftforge.common.crafting.CraftingHelper.loadRecipes(CraftingHelper.java:633) [CraftingHelper.class:?]
	at net.minecraftforge.fml.common.Loader.initializeMods(Loader.java:747) [Loader.class:?]
	at net.minecraftforge.fml.server.FMLServerHandler.finishServerLoading(FMLServerHandler.java:108) [FMLServerHandler.class:?]
	at net.minecraftforge.fml.common.FMLCommonHandler.onServerStarted(FMLCommonHandler.java:338) [FMLCommonHandler.class:?]
	at net.minecraft.server.dedicated.DedicatedServer.func_71197_b(DedicatedServer.java:219) [nz.class:?]
	at net.minecraft.server.MinecraftServer.run(MinecraftServer.java:486) [MinecraftServer.class:?]
	at java.lang.Thread.run(Thread.java:750) [?:1.8.0_492]
[23:21:05] [Server thread/ERROR] [FML]: Parsing error loading recipe nocubessrparmory:recipe_capsule_empty
com.google.gson.JsonSyntaxException: Unknown item 'nocubessrparmory:capsuleempty'
	at net.minecraftforge.common.crafting.CraftingHelper.getItemStack(CraftingHelper.java:214) ~[CraftingHelper.class:?]
	at net.minecraftforge.common.crafting.CraftingHelper.lambda$init$14(CraftingHelper.java:523) ~[CraftingHelper.class:?]
	at net.minecraftforge.common.crafting.CraftingHelper.getRecipe(CraftingHelper.java:416) ~[CraftingHelper.class:?]
	at net.minecraftforge.common.crafting.CraftingHelper.lambda$loadRecipes$22(CraftingHelper.java:723) ~[CraftingHelper.class:?]
	at net.minecraftforge.common.crafting.CraftingHelper.findFiles(CraftingHelper.java:833) ~[CraftingHelper.class:?]
	at net.minecraftforge.common.crafting.CraftingHelper.loadRecipes(CraftingHelper.java:688) ~[CraftingHelper.class:?]
	at java.util.ArrayList.forEach(ArrayList.java:1259) [?:1.8.0_492]
	at net.minecraftforge.common.crafting.CraftingHelper.loadRecipes(CraftingHelper.java:633) [CraftingHelper.class:?]
	at net.minecraftforge.fml.common.Loader.initializeMods(Loader.java:747) [Loader.class:?]
	at net.minecraftforge.fml.server.FMLServerHandler.finishServerLoading(FMLServerHandler.java:108) [FMLServerHandler.class:?]
	at net.minecraftforge.fml.common.FMLCommonHandler.onServerStarted(FMLCommonHandler.java:338) [FMLCommonHandler.class:?]
	at net.minecraft.server.dedicated.DedicatedServer.func_71197_b(DedicatedServer.java:219) [nz.class:?]
	at net.minecraft.server.MinecraftServer.run(MinecraftServer.java:486) [MinecraftServer.class:?]
	at java.lang.Thread.run(Thread.java:750) [?:1.8.0_492]
[23:21:05] [Server thread/ERROR] [FML]: Parsing error loading recipe nocubessrpsurvival:recipe_parasitic_bone_block
com.google.gson.JsonSyntaxException: Key defines symbols that aren't used in pattern: [2, 5, 6, 7, 8]
	at net.minecraftforge.common.crafting.CraftingHelper.lambda$init$14(CraftingHelper.java:521) ~[CraftingHelper.class:?]
	at net.minecraftforge.common.crafting.CraftingHelper.getRecipe(CraftingHelper.java:416) ~[CraftingHelper.class:?]
	at net.minecraftforge.common.crafting.CraftingHelper.lambda$loadRecipes$22(CraftingHelper.java:723) ~[CraftingHelper.class:?]
	at net.minecraftforge.common.crafting.CraftingHelper.findFiles(CraftingHelper.java:833) ~[CraftingHelper.class:?]
	at net.minecraftforge.common.crafting.CraftingHelper.loadRecipes(CraftingHelper.java:688) ~[CraftingHelper.class:?]
	at java.util.ArrayList.forEach(ArrayList.java:1259) [?:1.8.0_492]
	at net.minecraftforge.common.crafting.CraftingHelper.loadRecipes(CraftingHelper.java:633) [CraftingHelper.class:?]
	at net.minecraftforge.fml.common.Loader.initializeMods(Loader.java:747) [Loader.class:?]
	at net.minecraftforge.fml.server.FMLServerHandler.finishServerLoading(FMLServerHandler.java:108) [FMLServerHandler.class:?]
	at net.minecraftforge.fml.common.FMLCommonHandler.onServerStarted(FMLCommonHandler.java:338) [FMLCommonHandler.class:?]
	at net.minecraft.server.dedicated.DedicatedServer.func_71197_b(DedicatedServer.java:219) [nz.class:?]
	at net.minecraft.server.MinecraftServer.run(MinecraftServer.java:486) [MinecraftServer.class:?]
	at java.lang.Thread.run(Thread.java:750) [?:1.8.0_492]
[23:21:05] [Server thread/ERROR] [FML]: Parsing error loading recipe simpleplanes:upgrades/junk_engine
com.google.gson.JsonParseException: Missing data for item 'minecraft:coal'
	at net.minecraftforge.common.crafting.CraftingHelper.getItemStackBasic(CraftingHelper.java:265) ~[CraftingHelper.class:?]
	at net.minecraftforge.common.crafting.CraftingHelper.lambda$init$16(CraftingHelper.java:544) ~[CraftingHelper.class:?]
	at net.minecraftforge.common.crafting.CraftingHelper.getIngredient(CraftingHelper.java:204) ~[CraftingHelper.class:?]
	at net.minecraftforge.common.crafting.CraftingHelper.lambda$init$14(CraftingHelper.java:481) ~[CraftingHelper.class:?]
	at net.minecraftforge.common.crafting.CraftingHelper.getRecipe(CraftingHelper.java:416) ~[CraftingHelper.class:?]
	at net.minecraftforge.common.crafting.CraftingHelper.lambda$loadRecipes$22(CraftingHelper.java:723) ~[CraftingHelper.class:?]
	at net.minecraftforge.common.crafting.CraftingHelper.findFiles(CraftingHelper.java:833) ~[CraftingHelper.class:?]
	at net.minecraftforge.common.crafting.CraftingHelper.loadRecipes(CraftingHelper.java:688) ~[CraftingHelper.class:?]
	at java.util.ArrayList.forEach(ArrayList.java:1259) [?:1.8.0_492]
	at net.minecraftforge.common.crafting.CraftingHelper.loadRecipes(CraftingHelper.java:633) [CraftingHelper.class:?]
	at net.minecraftforge.fml.common.Loader.initializeMods(Loader.java:747) [Loader.class:?]
	at net.minecraftforge.fml.server.FMLServerHandler.finishServerLoading(FMLServerHandler.java:108) [FMLServerHandler.class:?]
	at net.minecraftforge.fml.common.FMLCommonHandler.onServerStarted(FMLCommonHandler.java:338) [FMLCommonHandler.class:?]
	at net.minecraft.server.dedicated.DedicatedServer.func_71197_b(DedicatedServer.java:219) [nz.class:?]
	at net.minecraft.server.MinecraftServer.run(MinecraftServer.java:486) [MinecraftServer.class:?]
	at java.lang.Thread.run(Thread.java:750) [?:1.8.0_492]
[23:21:05] [Server thread/ERROR] [FML]: Parsing error loading recipe simpleplanes:bop_willow_plane
com.google.gson.JsonSyntaxException: Unknown item 'biomesoplenty:willow_slab'
	at net.minecraftforge.common.crafting.CraftingHelper.getItemStackBasic(CraftingHelper.java:262) ~[CraftingHelper.class:?]
	at net.minecraftforge.common.crafting.CraftingHelper.lambda$init$16(CraftingHelper.java:544) ~[CraftingHelper.class:?]
	at net.minecraftforge.common.crafting.CraftingHelper.getIngredient(CraftingHelper.java:204) ~[CraftingHelper.class:?]
	at net.minecraftforge.common.crafting.CraftingHelper.lambda$init$14(CraftingHelper.java:481) ~[CraftingHelper.class:?]
	at net.minecraftforge.common.crafting.CraftingHelper.getRecipe(CraftingHelper.java:416) ~[CraftingHelper.class:?]
	at net.minecraftforge.common.crafting.CraftingHelper.lambda$loadRecipes$22(CraftingHelper.java:723) ~[CraftingHelper.class:?]
	at net.minecraftforge.common.crafting.CraftingHelper.findFiles(CraftingHelper.java:833) ~[CraftingHelper.class:?]
	at net.minecraftforge.common.crafting.CraftingHelper.loadRecipes(CraftingHelper.java:688) ~[CraftingHelper.class:?]
	at java.util.ArrayList.forEach(ArrayList.java:1259) [?:1.8.0_492]
	at net.minecraftforge.common.crafting.CraftingHelper.loadRecipes(CraftingHelper.java:633) [CraftingHelper.class:?]
	at net.minecraftforge.fml.common.Loader.initializeMods(Loader.java:747) [Loader.class:?]
	at net.minecraftforge.fml.server.FMLServerHandler.finishServerLoading(FMLServerHandler.java:108) [FMLServerHandler.class:?]
	at net.minecraftforge.fml.common.FMLCommonHandler.onServerStarted(FMLCommonHandler.java:338) [FMLCommonHandler.class:?]
	at net.minecraft.server.dedicated.DedicatedServer.func_71197_b(DedicatedServer.java:219) [nz.class:?]
	at net.minecraft.server.MinecraftServer.run(MinecraftServer.java:486) [MinecraftServer.class:?]
	at java.lang.Thread.run(Thread.java:750) [?:1.8.0_492]
[23:21:05] [Server thread/ERROR] [FML]: Parsing error loading recipe simpleplanes:bop_willow_mega_plane
com.google.gson.JsonSyntaxException: Unknown item 'biomesoplenty:willow_planks'
	at net.minecraftforge.common.crafting.CraftingHelper.getItemStackBasic(CraftingHelper.java:262) ~[CraftingHelper.class:?]
	at net.minecraftforge.common.crafting.CraftingHelper.lambda$init$16(CraftingHelper.java:544) ~[CraftingHelper.class:?]
	at net.minecraftforge.common.crafting.CraftingHelper.getIngredient(CraftingHelper.java:204) ~[CraftingHelper.class:?]
	at net.minecraftforge.common.crafting.CraftingHelper.lambda$init$14(CraftingHelper.java:481) ~[CraftingHelper.class:?]
	at net.minecraftforge.common.crafting.CraftingHelper.getRecipe(CraftingHelper.java:416) ~[CraftingHelper.class:?]
	at net.minecraftforge.common.crafting.CraftingHelper.lambda$loadRecipes$22(CraftingHelper.java:723) ~[CraftingHelper.class:?]
	at net.minecraftforge.common.crafting.CraftingHelper.findFiles(CraftingHelper.java:833) ~[CraftingHelper.class:?]
	at net.minecraftforge.common.crafting.CraftingHelper.loadRecipes(CraftingHelper.java:688) ~[CraftingHelper.class:?]
	at java.util.ArrayList.forEach(ArrayList.java:1259) [?:1.8.0_492]
	at net.minecraftforge.common.crafting.CraftingHelper.loadRecipes(CraftingHelper.java:633) [CraftingHelper.class:?]
	at net.minecraftforge.fml.common.Loader.initializeMods(Loader.java:747) [Loader.class:?]
	at net.minecraftforge.fml.server.FMLServerHandler.finishServerLoading(FMLServerHandler.java:108) [FMLServerHandler.class:?]
	at net.minecraftforge.fml.common.FMLCommonHandler.onServerStarted(FMLCommonHandler.java:338) [FMLCommonHandler.class:?]
	at net.minecraft.server.dedicated.DedicatedServer.func_71197_b(DedicatedServer.java:219) [nz.class:?]
	at net.minecraft.server.MinecraftServer.run(MinecraftServer.java:486) [MinecraftServer.class:?]
	at java.lang.Thread.run(Thread.java:750) [?:1.8.0_492]
[23:21:05] [Server thread/ERROR] [FML]: Parsing error loading recipe simpleplanes:bop_willow_large_plane
com.google.gson.JsonSyntaxException: Unknown item 'biomesoplenty:willow_boat'
	at net.minecraftforge.common.crafting.CraftingHelper.getItemStackBasic(CraftingHelper.java:262) ~[CraftingHelper.class:?]
	at net.minecraftforge.common.crafting.CraftingHelper.lambda$init$16(CraftingHelper.java:544) ~[CraftingHelper.class:?]
	at net.minecraftforge.common.crafting.CraftingHelper.getIngredient(CraftingHelper.java:204) ~[CraftingHelper.class:?]
	at net.minecraftforge.common.crafting.CraftingHelper.lambda$init$14(CraftingHelper.java:481) ~[CraftingHelper.class:?]
	at net.minecraftforge.common.crafting.CraftingHelper.getRecipe(CraftingHelper.java:416) ~[CraftingHelper.class:?]
	at net.minecraftforge.common.crafting.CraftingHelper.lambda$loadRecipes$22(CraftingHelper.java:723) ~[CraftingHelper.class:?]
	at net.minecraftforge.common.crafting.CraftingHelper.findFiles(CraftingHelper.java:833) ~[CraftingHelper.class:?]
	at net.minecraftforge.common.crafting.CraftingHelper.loadRecipes(CraftingHelper.java:688) ~[CraftingHelper.class:?]
	at java.util.ArrayList.forEach(ArrayList.java:1259) [?:1.8.0_492]
	at net.minecraftforge.common.crafting.CraftingHelper.loadRecipes(CraftingHelper.java:633) [CraftingHelper.class:?]
	at net.minecraftforge.fml.common.Loader.initializeMods(Loader.java:747) [Loader.class:?]
	at net.minecraftforge.fml.server.FMLServerHandler.finishServerLoading(FMLServerHandler.java:108) [FMLServerHandler.class:?]
	at net.minecraftforge.fml.common.FMLCommonHandler.onServerStarted(FMLCommonHandler.java:338) [FMLCommonHandler.class:?]
	at net.minecraft.server.dedicated.DedicatedServer.func_71197_b(DedicatedServer.java:219) [nz.class:?]
	at net.minecraft.server.MinecraftServer.run(MinecraftServer.java:486) [MinecraftServer.class:?]
	at java.lang.Thread.run(Thread.java:750) [?:1.8.0_492]
[23:21:05] [Server thread/ERROR] [FML]: Parsing error loading recipe simpleplanes:bop_willow_helicopter
com.google.gson.JsonParseException: Missing data for item 'biomesoplenty:willow_stairs'
	at net.minecraftforge.common.crafting.CraftingHelper.getItemStackBasic(CraftingHelper.java:265) ~[CraftingHelper.class:?]
	at net.minecraftforge.common.crafting.CraftingHelper.lambda$init$16(CraftingHelper.java:544) ~[CraftingHelper.class:?]
	at net.minecraftforge.common.crafting.CraftingHelper.getIngredient(CraftingHelper.java:204) ~[CraftingHelper.class:?]
	at net.minecraftforge.common.crafting.CraftingHelper.lambda$init$14(CraftingHelper.java:481) ~[CraftingHelper.class:?]
	at net.minecraftforge.common.crafting.CraftingHelper.getRecipe(CraftingHelper.java:416) ~[CraftingHelper.class:?]
	at net.minecraftforge.common.crafting.CraftingHelper.lambda$loadRecipes$22(CraftingHelper.java:723) ~[CraftingHelper.class:?]
	at net.minecraftforge.common.crafting.CraftingHelper.findFiles(CraftingHelper.java:833) ~[CraftingHelper.class:?]
	at net.minecraftforge.common.crafting.CraftingHelper.loadRecipes(CraftingHelper.java:688) ~[CraftingHelper.class:?]
	at java.util.ArrayList.forEach(ArrayList.java:1259) [?:1.8.0_492]
	at net.minecraftforge.common.crafting.CraftingHelper.loadRecipes(CraftingHelper.java:633) [CraftingHelper.class:?]
	at net.minecraftforge.fml.common.Loader.initializeMods(Loader.java:747) [Loader.class:?]
	at net.minecraftforge.fml.server.FMLServerHandler.finishServerLoading(FMLServerHandler.java:108) [FMLServerHandler.class:?]
	at net.minecraftforge.fml.common.FMLCommonHandler.onServerStarted(FMLCommonHandler.java:338) [FMLCommonHandler.class:?]
	at net.minecraft.server.dedicated.DedicatedServer.func_71197_b(DedicatedServer.java:219) [nz.class:?]
	at net.minecraft.server.MinecraftServer.run(MinecraftServer.java:486) [MinecraftServer.class:?]
	at java.lang.Thread.run(Thread.java:750) [?:1.8.0_492]
[23:21:05] [Server thread/ERROR] [FML]: Parsing error loading recipe simpleplanes:bop_umbran_plane
com.google.gson.JsonSyntaxException: Unknown item 'biomesoplenty:umbran_slab'
	at net.minecraftforge.common.crafting.CraftingHelper.getItemStackBasic(CraftingHelper.java:262) ~[CraftingHelper.class:?]
	at net.minecraftforge.common.crafting.CraftingHelper.lambda$init$16(CraftingHelper.java:544) ~[CraftingHelper.class:?]
	at net.minecraftforge.common.crafting.CraftingHelper.getIngredient(CraftingHelper.java:204) ~[CraftingHelper.class:?]
	at net.minecraftforge.common.crafting.CraftingHelper.lambda$init$14(CraftingHelper.java:481) ~[CraftingHelper.class:?]
	at net.minecraftforge.common.crafting.CraftingHelper.getRecipe(CraftingHelper.java:416) ~[CraftingHelper.class:?]
	at net.minecraftforge.common.crafting.CraftingHelper.lambda$loadRecipes$22(CraftingHelper.java:723) ~[CraftingHelper.class:?]
	at net.minecraftforge.common.crafting.CraftingHelper.findFiles(CraftingHelper.java:833) ~[CraftingHelper.class:?]
	at net.minecraftforge.common.crafting.CraftingHelper.loadRecipes(CraftingHelper.java:688) ~[CraftingHelper.class:?]
	at java.util.ArrayList.forEach(ArrayList.java:1259) [?:1.8.0_492]
	at net.minecraftforge.common.crafting.CraftingHelper.loadRecipes(CraftingHelper.java:633) [CraftingHelper.class:?]
	at net.minecraftforge.fml.common.Loader.initializeMods(Loader.java:747) [Loader.class:?]
	at net.minecraftforge.fml.server.FMLServerHandler.finishServerLoading(FMLServerHandler.java:108) [FMLServerHandler.class:?]
	at net.minecraftforge.fml.common.FMLCommonHandler.onServerStarted(FMLCommonHandler.java:338) [FMLCommonHandler.class:?]
	at net.minecraft.server.dedicated.DedicatedServer.func_71197_b(DedicatedServer.java:219) [nz.class:?]
	at net.minecraft.server.MinecraftServer.run(MinecraftServer.java:486) [MinecraftServer.class:?]
	at java.lang.Thread.run(Thread.java:750) [?:1.8.0_492]
[23:21:05] [Server thread/ERROR] [FML]: Parsing error loading recipe simpleplanes:bop_umbran_mega_plane
com.google.gson.JsonSyntaxException: Unknown item 'biomesoplenty:umbran_planks'
	at net.minecraftforge.common.crafting.CraftingHelper.getItemStackBasic(CraftingHelper.java:262) ~[CraftingHelper.class:?]
	at net.minecraftforge.common.crafting.CraftingHelper.lambda$init$16(CraftingHelper.java:544) ~[CraftingHelper.class:?]
	at net.minecraftforge.common.crafting.CraftingHelper.getIngredient(CraftingHelper.java:204) ~[CraftingHelper.class:?]
	at net.minecraftforge.common.crafting.CraftingHelper.lambda$init$14(CraftingHelper.java:481) ~[CraftingHelper.class:?]
	at net.minecraftforge.common.crafting.CraftingHelper.getRecipe(CraftingHelper.java:416) ~[CraftingHelper.class:?]
	at net.minecraftforge.common.crafting.CraftingHelper.lambda$loadRecipes$22(CraftingHelper.java:723) ~[CraftingHelper.class:?]
	at net.minecraftforge.common.crafting.CraftingHelper.findFiles(CraftingHelper.java:833) ~[CraftingHelper.class:?]
	at net.minecraftforge.common.crafting.CraftingHelper.loadRecipes(CraftingHelper.java:688) ~[CraftingHelper.class:?]
	at java.util.ArrayList.forEach(ArrayList.java:1259) [?:1.8.0_492]
	at net.minecraftforge.common.crafting.CraftingHelper.loadRecipes(CraftingHelper.java:633) [CraftingHelper.class:?]
	at net.minecraftforge.fml.common.Loader.initializeMods(Loader.java:747) [Loader.class:?]
	at net.minecraftforge.fml.server.FMLServerHandler.finishServerLoading(FMLServerHandler.java:108) [FMLServerHandler.class:?]
	at net.minecraftforge.fml.common.FMLCommonHandler.onServerStarted(FMLCommonHandler.java:338) [FMLCommonHandler.class:?]
	at net.minecraft.server.dedicated.DedicatedServer.func_71197_b(DedicatedServer.java:219) [nz.class:?]
	at net.minecraft.server.MinecraftServer.run(MinecraftServer.java:486) [MinecraftServer.class:?]
	at java.lang.Thread.run(Thread.java:750) [?:1.8.0_492]
[23:21:05] [Server thread/ERROR] [FML]: Parsing error loading recipe simpleplanes:bop_umbran_large_plane
com.google.gson.JsonSyntaxException: Unknown item 'biomesoplenty:umbran_boat'
	at net.minecraftforge.common.crafting.CraftingHelper.getItemStackBasic(CraftingHelper.java:262) ~[CraftingHelper.class:?]
	at net.minecraftforge.common.crafting.CraftingHelper.lambda$init$16(CraftingHelper.java:544) ~[CraftingHelper.class:?]
	at net.minecraftforge.common.crafting.CraftingHelper.getIngredient(CraftingHelper.java:204) ~[CraftingHelper.class:?]
	at net.minecraftforge.common.crafting.CraftingHelper.lambda$init$14(CraftingHelper.java:481) ~[CraftingHelper.class:?]
	at net.minecraftforge.common.crafting.CraftingHelper.getRecipe(CraftingHelper.java:416) ~[CraftingHelper.class:?]
	at net.minecraftforge.common.crafting.CraftingHelper.lambda$loadRecipes$22(CraftingHelper.java:723) ~[CraftingHelper.class:?]
	at net.minecraftforge.common.crafting.CraftingHelper.findFiles(CraftingHelper.java:833) ~[CraftingHelper.class:?]
	at net.minecraftforge.common.crafting.CraftingHelper.loadRecipes(CraftingHelper.java:688) ~[CraftingHelper.class:?]
	at java.util.ArrayList.forEach(ArrayList.java:1259) [?:1.8.0_492]
	at net.minecraftforge.common.crafting.CraftingHelper.loadRecipes(CraftingHelper.java:633) [CraftingHelper.class:?]
	at net.minecraftforge.fml.common.Loader.initializeMods(Loader.java:747) [Loader.class:?]
	at net.minecraftforge.fml.server.FMLServerHandler.finishServerLoading(FMLServerHandler.java:108) [FMLServerHandler.class:?]
	at net.minecraftforge.fml.common.FMLCommonHandler.onServerStarted(FMLCommonHandler.java:338) [FMLCommonHandler.class:?]
	at net.minecraft.server.dedicated.DedicatedServer.func_71197_b(DedicatedServer.java:219) [nz.class:?]
	at net.minecraft.server.MinecraftServer.run(MinecraftServer.java:486) [MinecraftServer.class:?]
	at java.lang.Thread.run(Thread.java:750) [?:1.8.0_492]
[23:21:05] [Server thread/ERROR] [FML]: Parsing error loading recipe simpleplanes:bop_umbran_helicopter
com.google.gson.JsonParseException: Missing data for item 'biomesoplenty:umbran_stairs'
	at net.minecraftforge.common.crafting.CraftingHelper.getItemStackBasic(CraftingHelper.java:265) ~[CraftingHelper.class:?]
	at net.minecraftforge.common.crafting.CraftingHelper.lambda$init$16(CraftingHelper.java:544) ~[CraftingHelper.class:?]
	at net.minecraftforge.common.crafting.CraftingHelper.getIngredient(CraftingHelper.java:204) ~[CraftingHelper.class:?]
	at net.minecraftforge.common.crafting.CraftingHelper.lambda$init$14(CraftingHelper.java:481) ~[CraftingHelper.class:?]
	at net.minecraftforge.common.crafting.CraftingHelper.getRecipe(CraftingHelper.java:416) ~[CraftingHelper.class:?]
	at net.minecraftforge.common.crafting.CraftingHelper.lambda$loadRecipes$22(CraftingHelper.java:723) ~[CraftingHelper.class:?]
	at net.minecraftforge.common.crafting.CraftingHelper.findFiles(CraftingHelper.java:833) ~[CraftingHelper.class:?]
	at net.minecraftforge.common.crafting.CraftingHelper.loadRecipes(CraftingHelper.java:688) ~[CraftingHelper.class:?]
	at java.util.ArrayList.forEach(ArrayList.java:1259) [?:1.8.0_492]
	at net.minecraftforge.common.crafting.CraftingHelper.loadRecipes(CraftingHelper.java:633) [CraftingHelper.class:?]
	at net.minecraftforge.fml.common.Loader.initializeMods(Loader.java:747) [Loader.class:?]
	at net.minecraftforge.fml.server.FMLServerHandler.finishServerLoading(FMLServerHandler.java:108) [FMLServerHandler.class:?]
	at net.minecraftforge.fml.common.FMLCommonHandler.onServerStarted(FMLCommonHandler.java:338) [FMLCommonHandler.class:?]
	at net.minecraft.server.dedicated.DedicatedServer.func_71197_b(DedicatedServer.java:219) [nz.class:?]
	at net.minecraft.server.MinecraftServer.run(MinecraftServer.java:486) [MinecraftServer.class:?]
	at java.lang.Thread.run(Thread.java:750) [?:1.8.0_492]
[23:21:05] [Server thread/ERROR] [FML]: Parsing error loading recipe simpleplanes:bop_redwood_plane
com.google.gson.JsonSyntaxException: Unknown item 'biomesoplenty:redwood_slab'
	at net.minecraftforge.common.crafting.CraftingHelper.getItemStackBasic(CraftingHelper.java:262) ~[CraftingHelper.class:?]
	at net.minecraftforge.common.crafting.CraftingHelper.lambda$init$16(CraftingHelper.java:544) ~[CraftingHelper.class:?]
	at net.minecraftforge.common.crafting.CraftingHelper.getIngredient(CraftingHelper.java:204) ~[CraftingHelper.class:?]
	at net.minecraftforge.common.crafting.CraftingHelper.lambda$init$14(CraftingHelper.java:481) ~[CraftingHelper.class:?]
	at net.minecraftforge.common.crafting.CraftingHelper.getRecipe(CraftingHelper.java:416) ~[CraftingHelper.class:?]
	at net.minecraftforge.common.crafting.CraftingHelper.lambda$loadRecipes$22(CraftingHelper.java:723) ~[CraftingHelper.class:?]
	at net.minecraftforge.common.crafting.CraftingHelper.findFiles(CraftingHelper.java:833) ~[CraftingHelper.class:?]
	at net.minecraftforge.common.crafting.CraftingHelper.loadRecipes(CraftingHelper.java:688) ~[CraftingHelper.class:?]
	at java.util.ArrayList.forEach(ArrayList.java:1259) [?:1.8.0_492]
	at net.minecraftforge.common.crafting.CraftingHelper.loadRecipes(CraftingHelper.java:633) [CraftingHelper.class:?]
	at net.minecraftforge.fml.common.Loader.initializeMods(Loader.java:747) [Loader.class:?]
	at net.minecraftforge.fml.server.FMLServerHandler.finishServerLoading(FMLServerHandler.java:108) [FMLServerHandler.class:?]
	at net.minecraftforge.fml.common.FMLCommonHandler.onServerStarted(FMLCommonHandler.java:338) [FMLCommonHandler.class:?]
	at net.minecraft.server.dedicated.DedicatedServer.func_71197_b(DedicatedServer.java:219) [nz.class:?]
	at net.minecraft.server.MinecraftServer.run(MinecraftServer.java:486) [MinecraftServer.class:?]
	at java.lang.Thread.run(Thread.java:750) [?:1.8.0_492]
[23:21:05] [Server thread/ERROR] [FML]: Parsing error loading recipe simpleplanes:bop_redwood_mega_plane
com.google.gson.JsonSyntaxException: Unknown item 'biomesoplenty:redwood_planks'
	at net.minecraftforge.common.crafting.CraftingHelper.getItemStackBasic(CraftingHelper.java:262) ~[CraftingHelper.class:?]
	at net.minecraftforge.common.crafting.CraftingHelper.lambda$init$16(CraftingHelper.java:544) ~[CraftingHelper.class:?]
	at net.minecraftforge.common.crafting.CraftingHelper.getIngredient(CraftingHelper.java:204) ~[CraftingHelper.class:?]
	at net.minecraftforge.common.crafting.CraftingHelper.lambda$init$14(CraftingHelper.java:481) ~[CraftingHelper.class:?]
	at net.minecraftforge.common.crafting.CraftingHelper.getRecipe(CraftingHelper.java:416) ~[CraftingHelper.class:?]
	at net.minecraftforge.common.crafting.CraftingHelper.lambda$loadRecipes$22(CraftingHelper.java:723) ~[CraftingHelper.class:?]
	at net.minecraftforge.common.crafting.CraftingHelper.findFiles(CraftingHelper.java:833) ~[CraftingHelper.class:?]
	at net.minecraftforge.common.crafting.CraftingHelper.loadRecipes(CraftingHelper.java:688) ~[CraftingHelper.class:?]
	at java.util.ArrayList.forEach(ArrayList.java:1259) [?:1.8.0_492]
	at net.minecraftforge.common.crafting.CraftingHelper.loadRecipes(CraftingHelper.java:633) [CraftingHelper.class:?]
	at net.minecraftforge.fml.common.Loader.initializeMods(Loader.java:747) [Loader.class:?]
	at net.minecraftforge.fml.server.FMLServerHandler.finishServerLoading(FMLServerHandler.java:108) [FMLServerHandler.class:?]
	at net.minecraftforge.fml.common.FMLCommonHandler.onServerStarted(FMLCommonHandler.java:338) [FMLCommonHandler.class:?]
	at net.minecraft.server.dedicated.DedicatedServer.func_71197_b(DedicatedServer.java:219) [nz.class:?]
	at net.minecraft.server.MinecraftServer.run(MinecraftServer.java:486) [MinecraftServer.class:?]
	at java.lang.Thread.run(Thread.java:750) [?:1.8.0_492]
[23:21:05] [Server thread/ERROR] [FML]: Parsing error loading recipe simpleplanes:bop_redwood_large_plane
com.google.gson.JsonSyntaxException: Unknown item 'biomesoplenty:redwood_boat'
	at net.minecraftforge.common.crafting.CraftingHelper.getItemStackBasic(CraftingHelper.java:262) ~[CraftingHelper.class:?]
	at net.minecraftforge.common.crafting.CraftingHelper.lambda$init$16(CraftingHelper.java:544) ~[CraftingHelper.class:?]
	at net.minecraftforge.common.crafting.CraftingHelper.getIngredient(CraftingHelper.java:204) ~[CraftingHelper.class:?]
	at net.minecraftforge.common.crafting.CraftingHelper.lambda$init$14(CraftingHelper.java:481) ~[CraftingHelper.class:?]
	at net.minecraftforge.common.crafting.CraftingHelper.getRecipe(CraftingHelper.java:416) ~[CraftingHelper.class:?]
	at net.minecraftforge.common.crafting.CraftingHelper.lambda$loadRecipes$22(CraftingHelper.java:723) ~[CraftingHelper.class:?]
	at net.minecraftforge.common.crafting.CraftingHelper.findFiles(CraftingHelper.java:833) ~[CraftingHelper.class:?]
	at net.minecraftforge.common.crafting.CraftingHelper.loadRecipes(CraftingHelper.java:688) ~[CraftingHelper.class:?]
	at java.util.ArrayList.forEach(ArrayList.java:1259) [?:1.8.0_492]
	at net.minecraftforge.common.crafting.CraftingHelper.loadRecipes(CraftingHelper.java:633) [CraftingHelper.class:?]
	at net.minecraftforge.fml.common.Loader.initializeMods(Loader.java:747) [Loader.class:?]
	at net.minecraftforge.fml.server.FMLServerHandler.finishServerLoading(FMLServerHandler.java:108) [FMLServerHandler.class:?]
	at net.minecraftforge.fml.common.FMLCommonHandler.onServerStarted(FMLCommonHandler.java:338) [FMLCommonHandler.class:?]
	at net.minecraft.server.dedicated.DedicatedServer.func_71197_b(DedicatedServer.java:219) [nz.class:?]
	at net.minecraft.server.MinecraftServer.run(MinecraftServer.java:486) [MinecraftServer.class:?]
	at java.lang.Thread.run(Thread.java:750) [?:1.8.0_492]
[23:21:05] [Server thread/ERROR] [FML]: Parsing error loading recipe simpleplanes:bop_redwood_helicopter
com.google.gson.JsonParseException: Missing data for item 'biomesoplenty:redwood_stairs'
	at net.minecraftforge.common.crafting.CraftingHelper.getItemStackBasic(CraftingHelper.java:265) ~[CraftingHelper.class:?]
	at net.minecraftforge.common.crafting.CraftingHelper.lambda$init$16(CraftingHelper.java:544) ~[CraftingHelper.class:?]
	at net.minecraftforge.common.crafting.CraftingHelper.getIngredient(CraftingHelper.java:204) ~[CraftingHelper.class:?]
	at net.minecraftforge.common.crafting.CraftingHelper.lambda$init$14(CraftingHelper.java:481) ~[CraftingHelper.class:?]
	at net.minecraftforge.common.crafting.CraftingHelper.getRecipe(CraftingHelper.java:416) ~[CraftingHelper.class:?]
	at net.minecraftforge.common.crafting.CraftingHelper.lambda$loadRecipes$22(CraftingHelper.java:723) ~[CraftingHelper.class:?]
	at net.minecraftforge.common.crafting.CraftingHelper.findFiles(CraftingHelper.java:833) ~[CraftingHelper.class:?]
	at net.minecraftforge.common.crafting.CraftingHelper.loadRecipes(CraftingHelper.java:688) ~[CraftingHelper.class:?]
	at java.util.ArrayList.forEach(ArrayList.java:1259) [?:1.8.0_492]
	at net.minecraftforge.common.crafting.CraftingHelper.loadRecipes(CraftingHelper.java:633) [CraftingHelper.class:?]
	at net.minecraftforge.fml.common.Loader.initializeMods(Loader.java:747) [Loader.class:?]
	at net.minecraftforge.fml.server.FMLServerHandler.finishServerLoading(FMLServerHandler.java:108) [FMLServerHandler.class:?]
	at net.minecraftforge.fml.common.FMLCommonHandler.onServerStarted(FMLCommonHandler.java:338) [FMLCommonHandler.class:?]
	at net.minecraft.server.dedicated.DedicatedServer.func_71197_b(DedicatedServer.java:219) [nz.class:?]
	at net.minecraft.server.MinecraftServer.run(MinecraftServer.java:486) [MinecraftServer.class:?]
	at java.lang.Thread.run(Thread.java:750) [?:1.8.0_492]
[23:21:05] [Server thread/ERROR] [FML]: Parsing error loading recipe simpleplanes:bop_palm_plane
com.google.gson.JsonSyntaxException: Unknown item 'biomesoplenty:palm_slab'
	at net.minecraftforge.common.crafting.CraftingHelper.getItemStackBasic(CraftingHelper.java:262) ~[CraftingHelper.class:?]
	at net.minecraftforge.common.crafting.CraftingHelper.lambda$init$16(CraftingHelper.java:544) ~[CraftingHelper.class:?]
	at net.minecraftforge.common.crafting.CraftingHelper.getIngredient(CraftingHelper.java:204) ~[CraftingHelper.class:?]
	at net.minecraftforge.common.crafting.CraftingHelper.lambda$init$14(CraftingHelper.java:481) ~[CraftingHelper.class:?]
	at net.minecraftforge.common.crafting.CraftingHelper.getRecipe(CraftingHelper.java:416) ~[CraftingHelper.class:?]
	at net.minecraftforge.common.crafting.CraftingHelper.lambda$loadRecipes$22(CraftingHelper.java:723) ~[CraftingHelper.class:?]
	at net.minecraftforge.common.crafting.CraftingHelper.findFiles(CraftingHelper.java:833) ~[CraftingHelper.class:?]
	at net.minecraftforge.common.crafting.CraftingHelper.loadRecipes(CraftingHelper.java:688) ~[CraftingHelper.class:?]
	at java.util.ArrayList.forEach(ArrayList.java:1259) [?:1.8.0_492]
	at net.minecraftforge.common.crafting.CraftingHelper.loadRecipes(CraftingHelper.java:633) [CraftingHelper.class:?]
	at net.minecraftforge.fml.common.Loader.initializeMods(Loader.java:747) [Loader.class:?]
	at net.minecraftforge.fml.server.FMLServerHandler.finishServerLoading(FMLServerHandler.java:108) [FMLServerHandler.class:?]
	at net.minecraftforge.fml.common.FMLCommonHandler.onServerStarted(FMLCommonHandler.java:338) [FMLCommonHandler.class:?]
	at net.minecraft.server.dedicated.DedicatedServer.func_71197_b(DedicatedServer.java:219) [nz.class:?]
	at net.minecraft.server.MinecraftServer.run(MinecraftServer.java:486) [MinecraftServer.class:?]
	at java.lang.Thread.run(Thread.java:750) [?:1.8.0_492]
[23:21:05] [Server thread/ERROR] [FML]: Parsing error loading recipe simpleplanes:bop_palm_mega_plane
com.google.gson.JsonSyntaxException: Unknown item 'biomesoplenty:palm_planks'
	at net.minecraftforge.common.crafting.CraftingHelper.getItemStackBasic(CraftingHelper.java:262) ~[CraftingHelper.class:?]
	at net.minecraftforge.common.crafting.CraftingHelper.lambda$init$16(CraftingHelper.java:544) ~[CraftingHelper.class:?]
	at net.minecraftforge.common.crafting.CraftingHelper.getIngredient(CraftingHelper.java:204) ~[CraftingHelper.class:?]
	at net.minecraftforge.common.crafting.CraftingHelper.lambda$init$14(CraftingHelper.java:481) ~[CraftingHelper.class:?]
	at net.minecraftforge.common.crafting.CraftingHelper.getRecipe(CraftingHelper.java:416) ~[CraftingHelper.class:?]
	at net.minecraftforge.common.crafting.CraftingHelper.lambda$loadRecipes$22(CraftingHelper.java:723) ~[CraftingHelper.class:?]
	at net.minecraftforge.common.crafting.CraftingHelper.findFiles(CraftingHelper.java:833) ~[CraftingHelper.class:?]
	at net.minecraftforge.common.crafting.CraftingHelper.loadRecipes(CraftingHelper.java:688) ~[CraftingHelper.class:?]
	at java.util.ArrayList.forEach(ArrayList.java:1259) [?:1.8.0_492]
	at net.minecraftforge.common.crafting.CraftingHelper.loadRecipes(CraftingHelper.java:633) [CraftingHelper.class:?]
	at net.minecraftforge.fml.common.Loader.initializeMods(Loader.java:747) [Loader.class:?]
	at net.minecraftforge.fml.server.FMLServerHandler.finishServerLoading(FMLServerHandler.java:108) [FMLServerHandler.class:?]
	at net.minecraftforge.fml.common.FMLCommonHandler.onServerStarted(FMLCommonHandler.java:338) [FMLCommonHandler.class:?]
	at net.minecraft.server.dedicated.DedicatedServer.func_71197_b(DedicatedServer.java:219) [nz.class:?]
	at net.minecraft.server.MinecraftServer.run(MinecraftServer.java:486) [MinecraftServer.class:?]
	at java.lang.Thread.run(Thread.java:750) [?:1.8.0_492]
[23:21:05] [Server thread/ERROR] [FML]: Parsing error loading recipe simpleplanes:bop_palm_large_plane
com.google.gson.JsonSyntaxException: Unknown item 'biomesoplenty:palm_boat'
	at net.minecraftforge.common.crafting.CraftingHelper.getItemStackBasic(CraftingHelper.java:262) ~[CraftingHelper.class:?]
	at net.minecraftforge.common.crafting.CraftingHelper.lambda$init$16(CraftingHelper.java:544) ~[CraftingHelper.class:?]
	at net.minecraftforge.common.crafting.CraftingHelper.getIngredient(CraftingHelper.java:204) ~[CraftingHelper.class:?]
	at net.minecraftforge.common.crafting.CraftingHelper.lambda$init$14(CraftingHelper.java:481) ~[CraftingHelper.class:?]
	at net.minecraftforge.common.crafting.CraftingHelper.getRecipe(CraftingHelper.java:416) ~[CraftingHelper.class:?]
	at net.minecraftforge.common.crafting.CraftingHelper.lambda$loadRecipes$22(CraftingHelper.java:723) ~[CraftingHelper.class:?]
	at net.minecraftforge.common.crafting.CraftingHelper.findFiles(CraftingHelper.java:833) ~[CraftingHelper.class:?]
	at net.minecraftforge.common.crafting.CraftingHelper.loadRecipes(CraftingHelper.java:688) ~[CraftingHelper.class:?]
	at java.util.ArrayList.forEach(ArrayList.java:1259) [?:1.8.0_492]
	at net.minecraftforge.common.crafting.CraftingHelper.loadRecipes(CraftingHelper.java:633) [CraftingHelper.class:?]
	at net.minecraftforge.fml.common.Loader.initializeMods(Loader.java:747) [Loader.class:?]
	at net.minecraftforge.fml.server.FMLServerHandler.finishServerLoading(FMLServerHandler.java:108) [FMLServerHandler.class:?]
	at net.minecraftforge.fml.common.FMLCommonHandler.onServerStarted(FMLCommonHandler.java:338) [FMLCommonHandler.class:?]
	at net.minecraft.server.dedicated.DedicatedServer.func_71197_b(DedicatedServer.java:219) [nz.class:?]
	at net.minecraft.server.MinecraftServer.run(MinecraftServer.java:486) [MinecraftServer.class:?]
	at java.lang.Thread.run(Thread.java:750) [?:1.8.0_492]
[23:21:05] [Server thread/ERROR] [FML]: Parsing error loading recipe simpleplanes:bop_palm_helicopter
com.google.gson.JsonParseException: Missing data for item 'biomesoplenty:palm_stairs'
	at net.minecraftforge.common.crafting.CraftingHelper.getItemStackBasic(CraftingHelper.java:265) ~[CraftingHelper.class:?]
	at net.minecraftforge.common.crafting.CraftingHelper.lambda$init$16(CraftingHelper.java:544) ~[CraftingHelper.class:?]
	at net.minecraftforge.common.crafting.CraftingHelper.getIngredient(CraftingHelper.java:204) ~[CraftingHelper.class:?]
	at net.minecraftforge.common.crafting.CraftingHelper.lambda$init$14(CraftingHelper.java:481) ~[CraftingHelper.class:?]
	at net.minecraftforge.common.crafting.CraftingHelper.getRecipe(CraftingHelper.java:416) ~[CraftingHelper.class:?]
	at net.minecraftforge.common.crafting.CraftingHelper.lambda$loadRecipes$22(CraftingHelper.java:723) ~[CraftingHelper.class:?]
	at net.minecraftforge.common.crafting.CraftingHelper.findFiles(CraftingHelper.java:833) ~[CraftingHelper.class:?]
	at net.minecraftforge.common.crafting.CraftingHelper.loadRecipes(CraftingHelper.java:688) ~[CraftingHelper.class:?]
	at java.util.ArrayList.forEach(ArrayList.java:1259) [?:1.8.0_492]
	at net.minecraftforge.common.crafting.CraftingHelper.loadRecipes(CraftingHelper.java:633) [CraftingHelper.class:?]
	at net.minecraftforge.fml.common.Loader.initializeMods(Loader.java:747) [Loader.class:?]
	at net.minecraftforge.fml.server.FMLServerHandler.finishServerLoading(FMLServerHandler.java:108) [FMLServerHandler.class:?]
	at net.minecraftforge.fml.common.FMLCommonHandler.onServerStarted(FMLCommonHandler.java:338) [FMLCommonHandler.class:?]
	at net.minecraft.server.dedicated.DedicatedServer.func_71197_b(DedicatedServer.java:219) [nz.class:?]
	at net.minecraft.server.MinecraftServer.run(MinecraftServer.java:486) [MinecraftServer.class:?]
	at java.lang.Thread.run(Thread.java:750) [?:1.8.0_492]
[23:21:05] [Server thread/ERROR] [FML]: Parsing error loading recipe simpleplanes:bop_mahogany_plane
com.google.gson.JsonSyntaxException: Unknown item 'biomesoplenty:mahogany_slab'
	at net.minecraftforge.common.crafting.CraftingHelper.getItemStackBasic(CraftingHelper.java:262) ~[CraftingHelper.class:?]
	at net.minecraftforge.common.crafting.CraftingHelper.lambda$init$16(CraftingHelper.java:544) ~[CraftingHelper.class:?]
	at net.minecraftforge.common.crafting.CraftingHelper.getIngredient(CraftingHelper.java:204) ~[CraftingHelper.class:?]
	at net.minecraftforge.common.crafting.CraftingHelper.lambda$init$14(CraftingHelper.java:481) ~[CraftingHelper.class:?]
	at net.minecraftforge.common.crafting.CraftingHelper.getRecipe(CraftingHelper.java:416) ~[CraftingHelper.class:?]
	at net.minecraftforge.common.crafting.CraftingHelper.lambda$loadRecipes$22(CraftingHelper.java:723) ~[CraftingHelper.class:?]
	at net.minecraftforge.common.crafting.CraftingHelper.findFiles(CraftingHelper.java:833) ~[CraftingHelper.class:?]
	at net.minecraftforge.common.crafting.CraftingHelper.loadRecipes(CraftingHelper.java:688) ~[CraftingHelper.class:?]
	at java.util.ArrayList.forEach(ArrayList.java:1259) [?:1.8.0_492]
	at net.minecraftforge.common.crafting.CraftingHelper.loadRecipes(CraftingHelper.java:633) [CraftingHelper.class:?]
	at net.minecraftforge.fml.common.Loader.initializeMods(Loader.java:747) [Loader.class:?]
	at net.minecraftforge.fml.server.FMLServerHandler.finishServerLoading(FMLServerHandler.java:108) [FMLServerHandler.class:?]
	at net.minecraftforge.fml.common.FMLCommonHandler.onServerStarted(FMLCommonHandler.java:338) [FMLCommonHandler.class:?]
	at net.minecraft.server.dedicated.DedicatedServer.func_71197_b(DedicatedServer.java:219) [nz.class:?]
	at net.minecraft.server.MinecraftServer.run(MinecraftServer.java:486) [MinecraftServer.class:?]
	at java.lang.Thread.run(Thread.java:750) [?:1.8.0_492]
[23:21:05] [Server thread/ERROR] [FML]: Parsing error loading recipe simpleplanes:bop_mahogany_mega_plane
com.google.gson.JsonSyntaxException: Unknown item 'biomesoplenty:mahogany_planks'
	at net.minecraftforge.common.crafting.CraftingHelper.getItemStackBasic(CraftingHelper.java:262) ~[CraftingHelper.class:?]
	at net.minecraftforge.common.crafting.CraftingHelper.lambda$init$16(CraftingHelper.java:544) ~[CraftingHelper.class:?]
	at net.minecraftforge.common.crafting.CraftingHelper.getIngredient(CraftingHelper.java:204) ~[CraftingHelper.class:?]
	at net.minecraftforge.common.crafting.CraftingHelper.lambda$init$14(CraftingHelper.java:481) ~[CraftingHelper.class:?]
	at net.minecraftforge.common.crafting.CraftingHelper.getRecipe(CraftingHelper.java:416) ~[CraftingHelper.class:?]
	at net.minecraftforge.common.crafting.CraftingHelper.lambda$loadRecipes$22(CraftingHelper.java:723) ~[CraftingHelper.class:?]
	at net.minecraftforge.common.crafting.CraftingHelper.findFiles(CraftingHelper.java:833) ~[CraftingHelper.class:?]
	at net.minecraftforge.common.crafting.CraftingHelper.loadRecipes(CraftingHelper.java:688) ~[CraftingHelper.class:?]
	at java.util.ArrayList.forEach(ArrayList.java:1259) [?:1.8.0_492]
	at net.minecraftforge.common.crafting.CraftingHelper.loadRecipes(CraftingHelper.java:633) [CraftingHelper.class:?]
	at net.minecraftforge.fml.common.Loader.initializeMods(Loader.java:747) [Loader.class:?]
	at net.minecraftforge.fml.server.FMLServerHandler.finishServerLoading(FMLServerHandler.java:108) [FMLServerHandler.class:?]
	at net.minecraftforge.fml.common.FMLCommonHandler.onServerStarted(FMLCommonHandler.java:338) [FMLCommonHandler.class:?]
	at net.minecraft.server.dedicated.DedicatedServer.func_71197_b(DedicatedServer.java:219) [nz.class:?]
	at net.minecraft.server.MinecraftServer.run(MinecraftServer.java:486) [MinecraftServer.class:?]
	at java.lang.Thread.run(Thread.java:750) [?:1.8.0_492]
[23:21:05] [Server thread/ERROR] [FML]: Parsing error loading recipe simpleplanes:bop_mahogany_large_plane
com.google.gson.JsonSyntaxException: Unknown item 'biomesoplenty:mahogany_boat'
	at net.minecraftforge.common.crafting.CraftingHelper.getItemStackBasic(CraftingHelper.java:262) ~[CraftingHelper.class:?]
	at net.minecraftforge.common.crafting.CraftingHelper.lambda$init$16(CraftingHelper.java:544) ~[CraftingHelper.class:?]
	at net.minecraftforge.common.crafting.CraftingHelper.getIngredient(CraftingHelper.java:204) ~[CraftingHelper.class:?]
	at net.minecraftforge.common.crafting.CraftingHelper.lambda$init$14(CraftingHelper.java:481) ~[CraftingHelper.class:?]
	at net.minecraftforge.common.crafting.CraftingHelper.getRecipe(CraftingHelper.java:416) ~[CraftingHelper.class:?]
	at net.minecraftforge.common.crafting.CraftingHelper.lambda$loadRecipes$22(CraftingHelper.java:723) ~[CraftingHelper.class:?]
	at net.minecraftforge.common.crafting.CraftingHelper.findFiles(CraftingHelper.java:833) ~[CraftingHelper.class:?]
	at net.minecraftforge.common.crafting.CraftingHelper.loadRecipes(CraftingHelper.java:688) ~[CraftingHelper.class:?]
	at java.util.ArrayList.forEach(ArrayList.java:1259) [?:1.8.0_492]
	at net.minecraftforge.common.crafting.CraftingHelper.loadRecipes(CraftingHelper.java:633) [CraftingHelper.class:?]
	at net.minecraftforge.fml.common.Loader.initializeMods(Loader.java:747) [Loader.class:?]
	at net.minecraftforge.fml.server.FMLServerHandler.finishServerLoading(FMLServerHandler.java:108) [FMLServerHandler.class:?]
	at net.minecraftforge.fml.common.FMLCommonHandler.onServerStarted(FMLCommonHandler.java:338) [FMLCommonHandler.class:?]
	at net.minecraft.server.dedicated.DedicatedServer.func_71197_b(DedicatedServer.java:219) [nz.class:?]
	at net.minecraft.server.MinecraftServer.run(MinecraftServer.java:486) [MinecraftServer.class:?]
	at java.lang.Thread.run(Thread.java:750) [?:1.8.0_492]
[23:21:05] [Server thread/ERROR] [FML]: Parsing error loading recipe simpleplanes:bop_mahogany_helicopter
com.google.gson.JsonParseException: Missing data for item 'biomesoplenty:mahogany_stairs'
	at net.minecraftforge.common.crafting.CraftingHelper.getItemStackBasic(CraftingHelper.java:265) ~[CraftingHelper.class:?]
	at net.minecraftforge.common.crafting.CraftingHelper.lambda$init$16(CraftingHelper.java:544) ~[CraftingHelper.class:?]
	at net.minecraftforge.common.crafting.CraftingHelper.getIngredient(CraftingHelper.java:204) ~[CraftingHelper.class:?]
	at net.minecraftforge.common.crafting.CraftingHelper.lambda$init$14(CraftingHelper.java:481) ~[CraftingHelper.class:?]
	at net.minecraftforge.common.crafting.CraftingHelper.getRecipe(CraftingHelper.java:416) ~[CraftingHelper.class:?]
	at net.minecraftforge.common.crafting.CraftingHelper.lambda$loadRecipes$22(CraftingHelper.java:723) ~[CraftingHelper.class:?]
	at net.minecraftforge.common.crafting.CraftingHelper.findFiles(CraftingHelper.java:833) ~[CraftingHelper.class:?]
	at net.minecraftforge.common.crafting.CraftingHelper.loadRecipes(CraftingHelper.java:688) ~[CraftingHelper.class:?]
	at java.util.ArrayList.forEach(ArrayList.java:1259) [?:1.8.0_492]
	at net.minecraftforge.common.crafting.CraftingHelper.loadRecipes(CraftingHelper.java:633) [CraftingHelper.class:?]
	at net.minecraftforge.fml.common.Loader.initializeMods(Loader.java:747) [Loader.class:?]
	at net.minecraftforge.fml.server.FMLServerHandler.finishServerLoading(FMLServerHandler.java:108) [FMLServerHandler.class:?]
	at net.minecraftforge.fml.common.FMLCommonHandler.onServerStarted(FMLCommonHandler.java:338) [FMLCommonHandler.class:?]
	at net.minecraft.server.dedicated.DedicatedServer.func_71197_b(DedicatedServer.java:219) [nz.class:?]
	at net.minecraft.server.MinecraftServer.run(MinecraftServer.java:486) [MinecraftServer.class:?]
	at java.lang.Thread.run(Thread.java:750) [?:1.8.0_492]
[23:21:05] [Server thread/ERROR] [FML]: Parsing error loading recipe simpleplanes:bop_magic_plane
com.google.gson.JsonSyntaxException: Unknown item 'biomesoplenty:magic_slab'
	at net.minecraftforge.common.crafting.CraftingHelper.getItemStackBasic(CraftingHelper.java:262) ~[CraftingHelper.class:?]
	at net.minecraftforge.common.crafting.CraftingHelper.lambda$init$16(CraftingHelper.java:544) ~[CraftingHelper.class:?]
	at net.minecraftforge.common.crafting.CraftingHelper.getIngredient(CraftingHelper.java:204) ~[CraftingHelper.class:?]
	at net.minecraftforge.common.crafting.CraftingHelper.lambda$init$14(CraftingHelper.java:481) ~[CraftingHelper.class:?]
	at net.minecraftforge.common.crafting.CraftingHelper.getRecipe(CraftingHelper.java:416) ~[CraftingHelper.class:?]
	at net.minecraftforge.common.crafting.CraftingHelper.lambda$loadRecipes$22(CraftingHelper.java:723) ~[CraftingHelper.class:?]
	at net.minecraftforge.common.crafting.CraftingHelper.findFiles(CraftingHelper.java:833) ~[CraftingHelper.class:?]
	at net.minecraftforge.common.crafting.CraftingHelper.loadRecipes(CraftingHelper.java:688) ~[CraftingHelper.class:?]
	at java.util.ArrayList.forEach(ArrayList.java:1259) [?:1.8.0_492]
	at net.minecraftforge.common.crafting.CraftingHelper.loadRecipes(CraftingHelper.java:633) [CraftingHelper.class:?]
	at net.minecraftforge.fml.common.Loader.initializeMods(Loader.java:747) [Loader.class:?]
	at net.minecraftforge.fml.server.FMLServerHandler.finishServerLoading(FMLServerHandler.java:108) [FMLServerHandler.class:?]
	at net.minecraftforge.fml.common.FMLCommonHandler.onServerStarted(FMLCommonHandler.java:338) [FMLCommonHandler.class:?]
	at net.minecraft.server.dedicated.DedicatedServer.func_71197_b(DedicatedServer.java:219) [nz.class:?]
	at net.minecraft.server.MinecraftServer.run(MinecraftServer.java:486) [MinecraftServer.class:?]
	at java.lang.Thread.run(Thread.java:750) [?:1.8.0_492]
[23:21:05] [Server thread/ERROR] [FML]: Parsing error loading recipe simpleplanes:bop_magic_mega_plane
com.google.gson.JsonSyntaxException: Unknown item 'biomesoplenty:magic_planks'
	at net.minecraftforge.common.crafting.CraftingHelper.getItemStackBasic(CraftingHelper.java:262) ~[CraftingHelper.class:?]
	at net.minecraftforge.common.crafting.CraftingHelper.lambda$init$16(CraftingHelper.java:544) ~[CraftingHelper.class:?]
	at net.minecraftforge.common.crafting.CraftingHelper.getIngredient(CraftingHelper.java:204) ~[CraftingHelper.class:?]
	at net.minecraftforge.common.crafting.CraftingHelper.lambda$init$14(CraftingHelper.java:481) ~[CraftingHelper.class:?]
	at net.minecraftforge.common.crafting.CraftingHelper.getRecipe(CraftingHelper.java:416) ~[CraftingHelper.class:?]
	at net.minecraftforge.common.crafting.CraftingHelper.lambda$loadRecipes$22(CraftingHelper.java:723) ~[CraftingHelper.class:?]
	at net.minecraftforge.common.crafting.CraftingHelper.findFiles(CraftingHelper.java:833) ~[CraftingHelper.class:?]
	at net.minecraftforge.common.crafting.CraftingHelper.loadRecipes(CraftingHelper.java:688) ~[CraftingHelper.class:?]
	at java.util.ArrayList.forEach(ArrayList.java:1259) [?:1.8.0_492]
	at net.minecraftforge.common.crafting.CraftingHelper.loadRecipes(CraftingHelper.java:633) [CraftingHelper.class:?]
	at net.minecraftforge.fml.common.Loader.initializeMods(Loader.java:747) [Loader.class:?]
	at net.minecraftforge.fml.server.FMLServerHandler.finishServerLoading(FMLServerHandler.java:108) [FMLServerHandler.class:?]
	at net.minecraftforge.fml.common.FMLCommonHandler.onServerStarted(FMLCommonHandler.java:338) [FMLCommonHandler.class:?]
	at net.minecraft.server.dedicated.DedicatedServer.func_71197_b(DedicatedServer.java:219) [nz.class:?]
	at net.minecraft.server.MinecraftServer.run(MinecraftServer.java:486) [MinecraftServer.class:?]
	at java.lang.Thread.run(Thread.java:750) [?:1.8.0_492]
[23:21:05] [Server thread/ERROR] [FML]: Parsing error loading recipe simpleplanes:bop_magic_large_plane
com.google.gson.JsonSyntaxException: Unknown item 'biomesoplenty:magic_boat'
	at net.minecraftforge.common.crafting.CraftingHelper.getItemStackBasic(CraftingHelper.java:262) ~[CraftingHelper.class:?]
	at net.minecraftforge.common.crafting.CraftingHelper.lambda$init$16(CraftingHelper.java:544) ~[CraftingHelper.class:?]
	at net.minecraftforge.common.crafting.CraftingHelper.getIngredient(CraftingHelper.java:204) ~[CraftingHelper.class:?]
	at net.minecraftforge.common.crafting.CraftingHelper.lambda$init$14(CraftingHelper.java:481) ~[CraftingHelper.class:?]
	at net.minecraftforge.common.crafting.CraftingHelper.getRecipe(CraftingHelper.java:416) ~[CraftingHelper.class:?]
	at net.minecraftforge.common.crafting.CraftingHelper.lambda$loadRecipes$22(CraftingHelper.java:723) ~[CraftingHelper.class:?]
	at net.minecraftforge.common.crafting.CraftingHelper.findFiles(CraftingHelper.java:833) ~[CraftingHelper.class:?]
	at net.minecraftforge.common.crafting.CraftingHelper.loadRecipes(CraftingHelper.java:688) ~[CraftingHelper.class:?]
	at java.util.ArrayList.forEach(ArrayList.java:1259) [?:1.8.0_492]
	at net.minecraftforge.common.crafting.CraftingHelper.loadRecipes(CraftingHelper.java:633) [CraftingHelper.class:?]
	at net.minecraftforge.fml.common.Loader.initializeMods(Loader.java:747) [Loader.class:?]
	at net.minecraftforge.fml.server.FMLServerHandler.finishServerLoading(FMLServerHandler.java:108) [FMLServerHandler.class:?]
	at net.minecraftforge.fml.common.FMLCommonHandler.onServerStarted(FMLCommonHandler.java:338) [FMLCommonHandler.class:?]
	at net.minecraft.server.dedicated.DedicatedServer.func_71197_b(DedicatedServer.java:219) [nz.class:?]
	at net.minecraft.server.MinecraftServer.run(MinecraftServer.java:486) [MinecraftServer.class:?]
	at java.lang.Thread.run(Thread.java:750) [?:1.8.0_492]
[23:21:05] [Server thread/ERROR] [FML]: Parsing error loading recipe simpleplanes:bop_magic_helicopter
com.google.gson.JsonParseException: Missing data for item 'biomesoplenty:magic_stairs'
	at net.minecraftforge.common.crafting.CraftingHelper.getItemStackBasic(CraftingHelper.java:265) ~[CraftingHelper.class:?]
	at net.minecraftforge.common.crafting.CraftingHelper.lambda$init$16(CraftingHelper.java:544) ~[CraftingHelper.class:?]
	at net.minecraftforge.common.crafting.CraftingHelper.getIngredient(CraftingHelper.java:204) ~[CraftingHelper.class:?]
	at net.minecraftforge.common.crafting.CraftingHelper.lambda$init$14(CraftingHelper.java:481) ~[CraftingHelper.class:?]
	at net.minecraftforge.common.crafting.CraftingHelper.getRecipe(CraftingHelper.java:416) ~[CraftingHelper.class:?]
	at net.minecraftforge.common.crafting.CraftingHelper.lambda$loadRecipes$22(CraftingHelper.java:723) ~[CraftingHelper.class:?]
	at net.minecraftforge.common.crafting.CraftingHelper.findFiles(CraftingHelper.java:833) ~[CraftingHelper.class:?]
	at net.minecraftforge.common.crafting.CraftingHelper.loadRecipes(CraftingHelper.java:688) ~[CraftingHelper.class:?]
	at java.util.ArrayList.forEach(ArrayList.java:1259) [?:1.8.0_492]
	at net.minecraftforge.common.crafting.CraftingHelper.loadRecipes(CraftingHelper.java:633) [CraftingHelper.class:?]
	at net.minecraftforge.fml.common.Loader.initializeMods(Loader.java:747) [Loader.class:?]
	at net.minecraftforge.fml.server.FMLServerHandler.finishServerLoading(FMLServerHandler.java:108) [FMLServerHandler.class:?]
	at net.minecraftforge.fml.common.FMLCommonHandler.onServerStarted(FMLCommonHandler.java:338) [FMLCommonHandler.class:?]
	at net.minecraft.server.dedicated.DedicatedServer.func_71197_b(DedicatedServer.java:219) [nz.class:?]
	at net.minecraft.server.MinecraftServer.run(MinecraftServer.java:486) [MinecraftServer.class:?]
	at java.lang.Thread.run(Thread.java:750) [?:1.8.0_492]
[23:21:05] [Server thread/ERROR] [FML]: Parsing error loading recipe simpleplanes:bop_jacaranda_plane
com.google.gson.JsonSyntaxException: Unknown item 'biomesoplenty:jacaranda_slab'
	at net.minecraftforge.common.crafting.CraftingHelper.getItemStackBasic(CraftingHelper.java:262) ~[CraftingHelper.class:?]
	at net.minecraftforge.common.crafting.CraftingHelper.lambda$init$16(CraftingHelper.java:544) ~[CraftingHelper.class:?]
	at net.minecraftforge.common.crafting.CraftingHelper.getIngredient(CraftingHelper.java:204) ~[CraftingHelper.class:?]
	at net.minecraftforge.common.crafting.CraftingHelper.lambda$init$14(CraftingHelper.java:481) ~[CraftingHelper.class:?]
	at net.minecraftforge.common.crafting.CraftingHelper.getRecipe(CraftingHelper.java:416) ~[CraftingHelper.class:?]
	at net.minecraftforge.common.crafting.CraftingHelper.lambda$loadRecipes$22(CraftingHelper.java:723) ~[CraftingHelper.class:?]
	at net.minecraftforge.common.crafting.CraftingHelper.findFiles(CraftingHelper.java:833) ~[CraftingHelper.class:?]
	at net.minecraftforge.common.crafting.CraftingHelper.loadRecipes(CraftingHelper.java:688) ~[CraftingHelper.class:?]
	at java.util.ArrayList.forEach(ArrayList.java:1259) [?:1.8.0_492]
	at net.minecraftforge.common.crafting.CraftingHelper.loadRecipes(CraftingHelper.java:633) [CraftingHelper.class:?]
	at net.minecraftforge.fml.common.Loader.initializeMods(Loader.java:747) [Loader.class:?]
	at net.minecraftforge.fml.server.FMLServerHandler.finishServerLoading(FMLServerHandler.java:108) [FMLServerHandler.class:?]
	at net.minecraftforge.fml.common.FMLCommonHandler.onServerStarted(FMLCommonHandler.java:338) [FMLCommonHandler.class:?]
	at net.minecraft.server.dedicated.DedicatedServer.func_71197_b(DedicatedServer.java:219) [nz.class:?]
	at net.minecraft.server.MinecraftServer.run(MinecraftServer.java:486) [MinecraftServer.class:?]
	at java.lang.Thread.run(Thread.java:750) [?:1.8.0_492]
[23:21:05] [Server thread/ERROR] [FML]: Parsing error loading recipe simpleplanes:bop_jacaranda_mega_plane
com.google.gson.JsonSyntaxException: Unknown item 'biomesoplenty:jacaranda_planks'
	at net.minecraftforge.common.crafting.CraftingHelper.getItemStackBasic(CraftingHelper.java:262) ~[CraftingHelper.class:?]
	at net.minecraftforge.common.crafting.CraftingHelper.lambda$init$16(CraftingHelper.java:544) ~[CraftingHelper.class:?]
	at net.minecraftforge.common.crafting.CraftingHelper.getIngredient(CraftingHelper.java:204) ~[CraftingHelper.class:?]
	at net.minecraftforge.common.crafting.CraftingHelper.lambda$init$14(CraftingHelper.java:481) ~[CraftingHelper.class:?]
	at net.minecraftforge.common.crafting.CraftingHelper.getRecipe(CraftingHelper.java:416) ~[CraftingHelper.class:?]
	at net.minecraftforge.common.crafting.CraftingHelper.lambda$loadRecipes$22(CraftingHelper.java:723) ~[CraftingHelper.class:?]
	at net.minecraftforge.common.crafting.CraftingHelper.findFiles(CraftingHelper.java:833) ~[CraftingHelper.class:?]
	at net.minecraftforge.common.crafting.CraftingHelper.loadRecipes(CraftingHelper.java:688) ~[CraftingHelper.class:?]
	at java.util.ArrayList.forEach(ArrayList.java:1259) [?:1.8.0_492]
	at net.minecraftforge.common.crafting.CraftingHelper.loadRecipes(CraftingHelper.java:633) [CraftingHelper.class:?]
	at net.minecraftforge.fml.common.Loader.initializeMods(Loader.java:747) [Loader.class:?]
	at net.minecraftforge.fml.server.FMLServerHandler.finishServerLoading(FMLServerHandler.java:108) [FMLServerHandler.class:?]
	at net.minecraftforge.fml.common.FMLCommonHandler.onServerStarted(FMLCommonHandler.java:338) [FMLCommonHandler.class:?]
	at net.minecraft.server.dedicated.DedicatedServer.func_71197_b(DedicatedServer.java:219) [nz.class:?]
	at net.minecraft.server.MinecraftServer.run(MinecraftServer.java:486) [MinecraftServer.class:?]
	at java.lang.Thread.run(Thread.java:750) [?:1.8.0_492]
[23:21:05] [Server thread/ERROR] [FML]: Parsing error loading recipe simpleplanes:bop_jacaranda_large_plane
com.google.gson.JsonSyntaxException: Missing type, expected to find a string
	at net.minecraft.util.JsonUtils.func_151200_h(SourceFile:107) ~[rc.class:?]
	at net.minecraftforge.common.crafting.CraftingHelper.getRecipe(CraftingHelper.java:408) ~[CraftingHelper.class:?]
	at net.minecraftforge.common.crafting.CraftingHelper.lambda$loadRecipes$22(CraftingHelper.java:723) ~[CraftingHelper.class:?]
	at net.minecraftforge.common.crafting.CraftingHelper.findFiles(CraftingHelper.java:833) ~[CraftingHelper.class:?]
	at net.minecraftforge.common.crafting.CraftingHelper.loadRecipes(CraftingHelper.java:688) ~[CraftingHelper.class:?]
	at java.util.ArrayList.forEach(ArrayList.java:1259) [?:1.8.0_492]
	at net.minecraftforge.common.crafting.CraftingHelper.loadRecipes(CraftingHelper.java:633) [CraftingHelper.class:?]
	at net.minecraftforge.fml.common.Loader.initializeMods(Loader.java:747) [Loader.class:?]
	at net.minecraftforge.fml.server.FMLServerHandler.finishServerLoading(FMLServerHandler.java:108) [FMLServerHandler.class:?]
	at net.minecraftforge.fml.common.FMLCommonHandler.onServerStarted(FMLCommonHandler.java:338) [FMLCommonHandler.class:?]
	at net.minecraft.server.dedicated.DedicatedServer.func_71197_b(DedicatedServer.java:219) [nz.class:?]
	at net.minecraft.server.MinecraftServer.run(MinecraftServer.java:486) [MinecraftServer.class:?]
	at java.lang.Thread.run(Thread.java:750) [?:1.8.0_492]
[23:21:05] [Server thread/ERROR] [FML]: Parsing error loading recipe simpleplanes:bop_jacaranda_helicopter
com.google.gson.JsonParseException: Missing data for item 'biomesoplenty:jacaranda_stairs'
	at net.minecraftforge.common.crafting.CraftingHelper.getItemStackBasic(CraftingHelper.java:265) ~[CraftingHelper.class:?]
	at net.minecraftforge.common.crafting.CraftingHelper.lambda$init$16(CraftingHelper.java:544) ~[CraftingHelper.class:?]
	at net.minecraftforge.common.crafting.CraftingHelper.getIngredient(CraftingHelper.java:204) ~[CraftingHelper.class:?]
	at net.minecraftforge.common.crafting.CraftingHelper.lambda$init$14(CraftingHelper.java:481) ~[CraftingHelper.class:?]
	at net.minecraftforge.common.crafting.CraftingHelper.getRecipe(CraftingHelper.java:416) ~[CraftingHelper.class:?]
	at net.minecraftforge.common.crafting.CraftingHelper.lambda$loadRecipes$22(CraftingHelper.java:723) ~[CraftingHelper.class:?]
	at net.minecraftforge.common.crafting.CraftingHelper.findFiles(CraftingHelper.java:833) ~[CraftingHelper.class:?]
	at net.minecraftforge.common.crafting.CraftingHelper.loadRecipes(CraftingHelper.java:688) ~[CraftingHelper.class:?]
	at java.util.ArrayList.forEach(ArrayList.java:1259) [?:1.8.0_492]
	at net.minecraftforge.common.crafting.CraftingHelper.loadRecipes(CraftingHelper.java:633) [CraftingHelper.class:?]
	at net.minecraftforge.fml.common.Loader.initializeMods(Loader.java:747) [Loader.class:?]
	at net.minecraftforge.fml.server.FMLServerHandler.finishServerLoading(FMLServerHandler.java:108) [FMLServerHandler.class:?]
	at net.minecraftforge.fml.common.FMLCommonHandler.onServerStarted(FMLCommonHandler.java:338) [FMLCommonHandler.class:?]
	at net.minecraft.server.dedicated.DedicatedServer.func_71197_b(DedicatedServer.java:219) [nz.class:?]
	at net.minecraft.server.MinecraftServer.run(MinecraftServer.java:486) [MinecraftServer.class:?]
	at java.lang.Thread.run(Thread.java:750) [?:1.8.0_492]
[23:21:05] [Server thread/ERROR] [FML]: Parsing error loading recipe simpleplanes:bop_hellbark_plane
com.google.gson.JsonSyntaxException: Unknown item 'biomesoplenty:hellbark_slab'
	at net.minecraftforge.common.crafting.CraftingHelper.getItemStackBasic(CraftingHelper.java:262) ~[CraftingHelper.class:?]
	at net.minecraftforge.common.crafting.CraftingHelper.lambda$init$16(CraftingHelper.java:544) ~[CraftingHelper.class:?]
	at net.minecraftforge.common.crafting.CraftingHelper.getIngredient(CraftingHelper.java:204) ~[CraftingHelper.class:?]
	at net.minecraftforge.common.crafting.CraftingHelper.lambda$init$14(CraftingHelper.java:481) ~[CraftingHelper.class:?]
	at net.minecraftforge.common.crafting.CraftingHelper.getRecipe(CraftingHelper.java:416) ~[CraftingHelper.class:?]
	at net.minecraftforge.common.crafting.CraftingHelper.lambda$loadRecipes$22(CraftingHelper.java:723) ~[CraftingHelper.class:?]
	at net.minecraftforge.common.crafting.CraftingHelper.findFiles(CraftingHelper.java:833) ~[CraftingHelper.class:?]
	at net.minecraftforge.common.crafting.CraftingHelper.loadRecipes(CraftingHelper.java:688) ~[CraftingHelper.class:?]
	at java.util.ArrayList.forEach(ArrayList.java:1259) [?:1.8.0_492]
	at net.minecraftforge.common.crafting.CraftingHelper.loadRecipes(CraftingHelper.java:633) [CraftingHelper.class:?]
	at net.minecraftforge.fml.common.Loader.initializeMods(Loader.java:747) [Loader.class:?]
	at net.minecraftforge.fml.server.FMLServerHandler.finishServerLoading(FMLServerHandler.java:108) [FMLServerHandler.class:?]
	at net.minecraftforge.fml.common.FMLCommonHandler.onServerStarted(FMLCommonHandler.java:338) [FMLCommonHandler.class:?]
	at net.minecraft.server.dedicated.DedicatedServer.func_71197_b(DedicatedServer.java:219) [nz.class:?]
	at net.minecraft.server.MinecraftServer.run(MinecraftServer.java:486) [MinecraftServer.class:?]
	at java.lang.Thread.run(Thread.java:750) [?:1.8.0_492]
[23:21:05] [Server thread/ERROR] [FML]: Parsing error loading recipe simpleplanes:bop_hellbark_mega_plane
com.google.gson.JsonSyntaxException: Unknown item 'biomesoplenty:hellbark_planks'
	at net.minecraftforge.common.crafting.CraftingHelper.getItemStackBasic(CraftingHelper.java:262) ~[CraftingHelper.class:?]
	at net.minecraftforge.common.crafting.CraftingHelper.lambda$init$16(CraftingHelper.java:544) ~[CraftingHelper.class:?]
	at net.minecraftforge.common.crafting.CraftingHelper.getIngredient(CraftingHelper.java:204) ~[CraftingHelper.class:?]
	at net.minecraftforge.common.crafting.CraftingHelper.lambda$init$14(CraftingHelper.java:481) ~[CraftingHelper.class:?]
	at net.minecraftforge.common.crafting.CraftingHelper.getRecipe(CraftingHelper.java:416) ~[CraftingHelper.class:?]
	at net.minecraftforge.common.crafting.CraftingHelper.lambda$loadRecipes$22(CraftingHelper.java:723) ~[CraftingHelper.class:?]
	at net.minecraftforge.common.crafting.CraftingHelper.findFiles(CraftingHelper.java:833) ~[CraftingHelper.class:?]
	at net.minecraftforge.common.crafting.CraftingHelper.loadRecipes(CraftingHelper.java:688) ~[CraftingHelper.class:?]
	at java.util.ArrayList.forEach(ArrayList.java:1259) [?:1.8.0_492]
	at net.minecraftforge.common.crafting.CraftingHelper.loadRecipes(CraftingHelper.java:633) [CraftingHelper.class:?]
	at net.minecraftforge.fml.common.Loader.initializeMods(Loader.java:747) [Loader.class:?]
	at net.minecraftforge.fml.server.FMLServerHandler.finishServerLoading(FMLServerHandler.java:108) [FMLServerHandler.class:?]
	at net.minecraftforge.fml.common.FMLCommonHandler.onServerStarted(FMLCommonHandler.java:338) [FMLCommonHandler.class:?]
	at net.minecraft.server.dedicated.DedicatedServer.func_71197_b(DedicatedServer.java:219) [nz.class:?]
	at net.minecraft.server.MinecraftServer.run(MinecraftServer.java:486) [MinecraftServer.class:?]
	at java.lang.Thread.run(Thread.java:750) [?:1.8.0_492]
[23:21:05] [Server thread/ERROR] [FML]: Parsing error loading recipe simpleplanes:bop_hellbark_large_plane
com.google.gson.JsonSyntaxException: Unknown item 'minecraft:netherite_ingot'
	at net.minecraftforge.common.crafting.CraftingHelper.getItemStackBasic(CraftingHelper.java:262) ~[CraftingHelper.class:?]
	at net.minecraftforge.common.crafting.CraftingHelper.lambda$init$16(CraftingHelper.java:544) ~[CraftingHelper.class:?]
	at net.minecraftforge.common.crafting.CraftingHelper.getIngredient(CraftingHelper.java:204) ~[CraftingHelper.class:?]
	at net.minecraftforge.common.crafting.CraftingHelper.lambda$init$14(CraftingHelper.java:481) ~[CraftingHelper.class:?]
	at net.minecraftforge.common.crafting.CraftingHelper.getRecipe(CraftingHelper.java:416) ~[CraftingHelper.class:?]
	at net.minecraftforge.common.crafting.CraftingHelper.lambda$loadRecipes$22(CraftingHelper.java:723) ~[CraftingHelper.class:?]
	at net.minecraftforge.common.crafting.CraftingHelper.findFiles(CraftingHelper.java:833) ~[CraftingHelper.class:?]
	at net.minecraftforge.common.crafting.CraftingHelper.loadRecipes(CraftingHelper.java:688) ~[CraftingHelper.class:?]
	at java.util.ArrayList.forEach(ArrayList.java:1259) [?:1.8.0_492]
	at net.minecraftforge.common.crafting.CraftingHelper.loadRecipes(CraftingHelper.java:633) [CraftingHelper.class:?]
	at net.minecraftforge.fml.common.Loader.initializeMods(Loader.java:747) [Loader.class:?]
	at net.minecraftforge.fml.server.FMLServerHandler.finishServerLoading(FMLServerHandler.java:108) [FMLServerHandler.class:?]
	at net.minecraftforge.fml.common.FMLCommonHandler.onServerStarted(FMLCommonHandler.java:338) [FMLCommonHandler.class:?]
	at net.minecraft.server.dedicated.DedicatedServer.func_71197_b(DedicatedServer.java:219) [nz.class:?]
	at net.minecraft.server.MinecraftServer.run(MinecraftServer.java:486) [MinecraftServer.class:?]
	at java.lang.Thread.run(Thread.java:750) [?:1.8.0_492]
[23:21:05] [Server thread/ERROR] [FML]: Parsing error loading recipe simpleplanes:bop_hellbark_helicopter
com.google.gson.JsonSyntaxException: Unknown item 'minecraft:netherite_ingot'
	at net.minecraftforge.common.crafting.CraftingHelper.getItemStackBasic(CraftingHelper.java:262) ~[CraftingHelper.class:?]
	at net.minecraftforge.common.crafting.CraftingHelper.lambda$init$16(CraftingHelper.java:544) ~[CraftingHelper.class:?]
	at net.minecraftforge.common.crafting.CraftingHelper.getIngredient(CraftingHelper.java:204) ~[CraftingHelper.class:?]
	at net.minecraftforge.common.crafting.CraftingHelper.lambda$init$14(CraftingHelper.java:481) ~[CraftingHelper.class:?]
	at net.minecraftforge.common.crafting.CraftingHelper.getRecipe(CraftingHelper.java:416) ~[CraftingHelper.class:?]
	at net.minecraftforge.common.crafting.CraftingHelper.lambda$loadRecipes$22(CraftingHelper.java:723) ~[CraftingHelper.class:?]
	at net.minecraftforge.common.crafting.CraftingHelper.findFiles(CraftingHelper.java:833) ~[CraftingHelper.class:?]
	at net.minecraftforge.common.crafting.CraftingHelper.loadRecipes(CraftingHelper.java:688) ~[CraftingHelper.class:?]
	at java.util.ArrayList.forEach(ArrayList.java:1259) [?:1.8.0_492]
	at net.minecraftforge.common.crafting.CraftingHelper.loadRecipes(CraftingHelper.java:633) [CraftingHelper.class:?]
	at net.minecraftforge.fml.common.Loader.initializeMods(Loader.java:747) [Loader.class:?]
	at net.minecraftforge.fml.server.FMLServerHandler.finishServerLoading(FMLServerHandler.java:108) [FMLServerHandler.class:?]
	at net.minecraftforge.fml.common.FMLCommonHandler.onServerStarted(FMLCommonHandler.java:338) [FMLCommonHandler.class:?]
	at net.minecraft.server.dedicated.DedicatedServer.func_71197_b(DedicatedServer.java:219) [nz.class:?]
	at net.minecraft.server.MinecraftServer.run(MinecraftServer.java:486) [MinecraftServer.class:?]
	at java.lang.Thread.run(Thread.java:750) [?:1.8.0_492]
[23:21:05] [Server thread/ERROR] [FML]: Parsing error loading recipe simpleplanes:bop_fir_plane
com.google.gson.JsonSyntaxException: Unknown item 'biomesoplenty:fir_slab'
	at net.minecraftforge.common.crafting.CraftingHelper.getItemStackBasic(CraftingHelper.java:262) ~[CraftingHelper.class:?]
	at net.minecraftforge.common.crafting.CraftingHelper.lambda$init$16(CraftingHelper.java:544) ~[CraftingHelper.class:?]
	at net.minecraftforge.common.crafting.CraftingHelper.getIngredient(CraftingHelper.java:204) ~[CraftingHelper.class:?]
	at net.minecraftforge.common.crafting.CraftingHelper.lambda$init$14(CraftingHelper.java:481) ~[CraftingHelper.class:?]
	at net.minecraftforge.common.crafting.CraftingHelper.getRecipe(CraftingHelper.java:416) ~[CraftingHelper.class:?]
	at net.minecraftforge.common.crafting.CraftingHelper.lambda$loadRecipes$22(CraftingHelper.java:723) ~[CraftingHelper.class:?]
	at net.minecraftforge.common.crafting.CraftingHelper.findFiles(CraftingHelper.java:833) ~[CraftingHelper.class:?]
	at net.minecraftforge.common.crafting.CraftingHelper.loadRecipes(CraftingHelper.java:688) ~[CraftingHelper.class:?]
	at java.util.ArrayList.forEach(ArrayList.java:1259) [?:1.8.0_492]
	at net.minecraftforge.common.crafting.CraftingHelper.loadRecipes(CraftingHelper.java:633) [CraftingHelper.class:?]
	at net.minecraftforge.fml.common.Loader.initializeMods(Loader.java:747) [Loader.class:?]
	at net.minecraftforge.fml.server.FMLServerHandler.finishServerLoading(FMLServerHandler.java:108) [FMLServerHandler.class:?]
	at net.minecraftforge.fml.common.FMLCommonHandler.onServerStarted(FMLCommonHandler.java:338) [FMLCommonHandler.class:?]
	at net.minecraft.server.dedicated.DedicatedServer.func_71197_b(DedicatedServer.java:219) [nz.class:?]
	at net.minecraft.server.MinecraftServer.run(MinecraftServer.java:486) [MinecraftServer.class:?]
	at java.lang.Thread.run(Thread.java:750) [?:1.8.0_492]
[23:21:05] [Server thread/ERROR] [FML]: Parsing error loading recipe simpleplanes:bop_fir_mega_plane
com.google.gson.JsonSyntaxException: Unknown item 'biomesoplenty:fir_planks'
	at net.minecraftforge.common.crafting.CraftingHelper.getItemStackBasic(CraftingHelper.java:262) ~[CraftingHelper.class:?]
	at net.minecraftforge.common.crafting.CraftingHelper.lambda$init$16(CraftingHelper.java:544) ~[CraftingHelper.class:?]
	at net.minecraftforge.common.crafting.CraftingHelper.getIngredient(CraftingHelper.java:204) ~[CraftingHelper.class:?]
	at net.minecraftforge.common.crafting.CraftingHelper.lambda$init$14(CraftingHelper.java:481) ~[CraftingHelper.class:?]
	at net.minecraftforge.common.crafting.CraftingHelper.getRecipe(CraftingHelper.java:416) ~[CraftingHelper.class:?]
	at net.minecraftforge.common.crafting.CraftingHelper.lambda$loadRecipes$22(CraftingHelper.java:723) ~[CraftingHelper.class:?]
	at net.minecraftforge.common.crafting.CraftingHelper.findFiles(CraftingHelper.java:833) ~[CraftingHelper.class:?]
	at net.minecraftforge.common.crafting.CraftingHelper.loadRecipes(CraftingHelper.java:688) ~[CraftingHelper.class:?]
	at java.util.ArrayList.forEach(ArrayList.java:1259) [?:1.8.0_492]
	at net.minecraftforge.common.crafting.CraftingHelper.loadRecipes(CraftingHelper.java:633) [CraftingHelper.class:?]
	at net.minecraftforge.fml.common.Loader.initializeMods(Loader.java:747) [Loader.class:?]
	at net.minecraftforge.fml.server.FMLServerHandler.finishServerLoading(FMLServerHandler.java:108) [FMLServerHandler.class:?]
	at net.minecraftforge.fml.common.FMLCommonHandler.onServerStarted(FMLCommonHandler.java:338) [FMLCommonHandler.class:?]
	at net.minecraft.server.dedicated.DedicatedServer.func_71197_b(DedicatedServer.java:219) [nz.class:?]
	at net.minecraft.server.MinecraftServer.run(MinecraftServer.java:486) [MinecraftServer.class:?]
	at java.lang.Thread.run(Thread.java:750) [?:1.8.0_492]
[23:21:05] [Server thread/ERROR] [FML]: Parsing error loading recipe simpleplanes:bop_fir_large_plane
com.google.gson.JsonSyntaxException: Unknown item 'biomesoplenty:fir_boat'
	at net.minecraftforge.common.crafting.CraftingHelper.getItemStackBasic(CraftingHelper.java:262) ~[CraftingHelper.class:?]
	at net.minecraftforge.common.crafting.CraftingHelper.lambda$init$16(CraftingHelper.java:544) ~[CraftingHelper.class:?]
	at net.minecraftforge.common.crafting.CraftingHelper.getIngredient(CraftingHelper.java:204) ~[CraftingHelper.class:?]
	at net.minecraftforge.common.crafting.CraftingHelper.lambda$init$14(CraftingHelper.java:481) ~[CraftingHelper.class:?]
	at net.minecraftforge.common.crafting.CraftingHelper.getRecipe(CraftingHelper.java:416) ~[CraftingHelper.class:?]
	at net.minecraftforge.common.crafting.CraftingHelper.lambda$loadRecipes$22(CraftingHelper.java:723) ~[CraftingHelper.class:?]
	at net.minecraftforge.common.crafting.CraftingHelper.findFiles(CraftingHelper.java:833) ~[CraftingHelper.class:?]
	at net.minecraftforge.common.crafting.CraftingHelper.loadRecipes(CraftingHelper.java:688) ~[CraftingHelper.class:?]
	at java.util.ArrayList.forEach(ArrayList.java:1259) [?:1.8.0_492]
	at net.minecraftforge.common.crafting.CraftingHelper.loadRecipes(CraftingHelper.java:633) [CraftingHelper.class:?]
	at net.minecraftforge.fml.common.Loader.initializeMods(Loader.java:747) [Loader.class:?]
	at net.minecraftforge.fml.server.FMLServerHandler.finishServerLoading(FMLServerHandler.java:108) [FMLServerHandler.class:?]
	at net.minecraftforge.fml.common.FMLCommonHandler.onServerStarted(FMLCommonHandler.java:338) [FMLCommonHandler.class:?]
	at net.minecraft.server.dedicated.DedicatedServer.func_71197_b(DedicatedServer.java:219) [nz.class:?]
	at net.minecraft.server.MinecraftServer.run(MinecraftServer.java:486) [MinecraftServer.class:?]
	at java.lang.Thread.run(Thread.java:750) [?:1.8.0_492]
[23:21:05] [Server thread/ERROR] [FML]: Parsing error loading recipe simpleplanes:bop_fir_helicopter
com.google.gson.JsonParseException: Missing data for item 'biomesoplenty:fir_stairs'
	at net.minecraftforge.common.crafting.CraftingHelper.getItemStackBasic(CraftingHelper.java:265) ~[CraftingHelper.class:?]
	at net.minecraftforge.common.crafting.CraftingHelper.lambda$init$16(CraftingHelper.java:544) ~[CraftingHelper.class:?]
	at net.minecraftforge.common.crafting.CraftingHelper.getIngredient(CraftingHelper.java:204) ~[CraftingHelper.class:?]
	at net.minecraftforge.common.crafting.CraftingHelper.lambda$init$14(CraftingHelper.java:481) ~[CraftingHelper.class:?]
	at net.minecraftforge.common.crafting.CraftingHelper.getRecipe(CraftingHelper.java:416) ~[CraftingHelper.class:?]
	at net.minecraftforge.common.crafting.CraftingHelper.lambda$loadRecipes$22(CraftingHelper.java:723) ~[CraftingHelper.class:?]
	at net.minecraftforge.common.crafting.CraftingHelper.findFiles(CraftingHelper.java:833) ~[CraftingHelper.class:?]
	at net.minecraftforge.common.crafting.CraftingHelper.loadRecipes(CraftingHelper.java:688) ~[CraftingHelper.class:?]
	at java.util.ArrayList.forEach(ArrayList.java:1259) [?:1.8.0_492]
	at net.minecraftforge.common.crafting.CraftingHelper.loadRecipes(CraftingHelper.java:633) [CraftingHelper.class:?]
	at net.minecraftforge.fml.common.Loader.initializeMods(Loader.java:747) [Loader.class:?]
	at net.minecraftforge.fml.server.FMLServerHandler.finishServerLoading(FMLServerHandler.java:108) [FMLServerHandler.class:?]
	at net.minecraftforge.fml.common.FMLCommonHandler.onServerStarted(FMLCommonHandler.java:338) [FMLCommonHandler.class:?]
	at net.minecraft.server.dedicated.DedicatedServer.func_71197_b(DedicatedServer.java:219) [nz.class:?]
	at net.minecraft.server.MinecraftServer.run(MinecraftServer.java:486) [MinecraftServer.class:?]
	at java.lang.Thread.run(Thread.java:750) [?:1.8.0_492]
[23:21:05] [Server thread/ERROR] [FML]: Parsing error loading recipe simpleplanes:bop_dead_plane
com.google.gson.JsonSyntaxException: Unknown item 'biomesoplenty:cherry_slab'
	at net.minecraftforge.common.crafting.CraftingHelper.getItemStackBasic(CraftingHelper.java:262) ~[CraftingHelper.class:?]
	at net.minecraftforge.common.crafting.CraftingHelper.lambda$init$16(CraftingHelper.java:544) ~[CraftingHelper.class:?]
	at net.minecraftforge.common.crafting.CraftingHelper.getIngredient(CraftingHelper.java:204) ~[CraftingHelper.class:?]
	at net.minecraftforge.common.crafting.CraftingHelper.lambda$init$14(CraftingHelper.java:481) ~[CraftingHelper.class:?]
	at net.minecraftforge.common.crafting.CraftingHelper.getRecipe(CraftingHelper.java:416) ~[CraftingHelper.class:?]
	at net.minecraftforge.common.crafting.CraftingHelper.lambda$loadRecipes$22(CraftingHelper.java:723) ~[CraftingHelper.class:?]
	at net.minecraftforge.common.crafting.CraftingHelper.findFiles(CraftingHelper.java:833) ~[CraftingHelper.class:?]
	at net.minecraftforge.common.crafting.CraftingHelper.loadRecipes(CraftingHelper.java:688) ~[CraftingHelper.class:?]
	at java.util.ArrayList.forEach(ArrayList.java:1259) [?:1.8.0_492]
	at net.minecraftforge.common.crafting.CraftingHelper.loadRecipes(CraftingHelper.java:633) [CraftingHelper.class:?]
	at net.minecraftforge.fml.common.Loader.initializeMods(Loader.java:747) [Loader.class:?]
	at net.minecraftforge.fml.server.FMLServerHandler.finishServerLoading(FMLServerHandler.java:108) [FMLServerHandler.class:?]
	at net.minecraftforge.fml.common.FMLCommonHandler.onServerStarted(FMLCommonHandler.java:338) [FMLCommonHandler.class:?]
	at net.minecraft.server.dedicated.DedicatedServer.func_71197_b(DedicatedServer.java:219) [nz.class:?]
	at net.minecraft.server.MinecraftServer.run(MinecraftServer.java:486) [MinecraftServer.class:?]
	at java.lang.Thread.run(Thread.java:750) [?:1.8.0_492]
[23:21:05] [Server thread/ERROR] [FML]: Parsing error loading recipe simpleplanes:bop_dead_mega_plane
com.google.gson.JsonSyntaxException: Unknown item 'biomesoplenty:dead_planks'
	at net.minecraftforge.common.crafting.CraftingHelper.getItemStackBasic(CraftingHelper.java:262) ~[CraftingHelper.class:?]
	at net.minecraftforge.common.crafting.CraftingHelper.lambda$init$16(CraftingHelper.java:544) ~[CraftingHelper.class:?]
	at net.minecraftforge.common.crafting.CraftingHelper.getIngredient(CraftingHelper.java:204) ~[CraftingHelper.class:?]
	at net.minecraftforge.common.crafting.CraftingHelper.lambda$init$14(CraftingHelper.java:481) ~[CraftingHelper.class:?]
	at net.minecraftforge.common.crafting.CraftingHelper.getRecipe(CraftingHelper.java:416) ~[CraftingHelper.class:?]
	at net.minecraftforge.common.crafting.CraftingHelper.lambda$loadRecipes$22(CraftingHelper.java:723) ~[CraftingHelper.class:?]
	at net.minecraftforge.common.crafting.CraftingHelper.findFiles(CraftingHelper.java:833) ~[CraftingHelper.class:?]
	at net.minecraftforge.common.crafting.CraftingHelper.loadRecipes(CraftingHelper.java:688) ~[CraftingHelper.class:?]
	at java.util.ArrayList.forEach(ArrayList.java:1259) [?:1.8.0_492]
	at net.minecraftforge.common.crafting.CraftingHelper.loadRecipes(CraftingHelper.java:633) [CraftingHelper.class:?]
	at net.minecraftforge.fml.common.Loader.initializeMods(Loader.java:747) [Loader.class:?]
	at net.minecraftforge.fml.server.FMLServerHandler.finishServerLoading(FMLServerHandler.java:108) [FMLServerHandler.class:?]
	at net.minecraftforge.fml.common.FMLCommonHandler.onServerStarted(FMLCommonHandler.java:338) [FMLCommonHandler.class:?]
	at net.minecraft.server.dedicated.DedicatedServer.func_71197_b(DedicatedServer.java:219) [nz.class:?]
	at net.minecraft.server.MinecraftServer.run(MinecraftServer.java:486) [MinecraftServer.class:?]
	at java.lang.Thread.run(Thread.java:750) [?:1.8.0_492]
[23:21:05] [Server thread/ERROR] [FML]: Parsing error loading recipe simpleplanes:bop_dead_large_plane
com.google.gson.JsonSyntaxException: Unknown item 'biomesoplenty:dead_boat'
	at net.minecraftforge.common.crafting.CraftingHelper.getItemStackBasic(CraftingHelper.java:262) ~[CraftingHelper.class:?]
	at net.minecraftforge.common.crafting.CraftingHelper.lambda$init$16(CraftingHelper.java:544) ~[CraftingHelper.class:?]
	at net.minecraftforge.common.crafting.CraftingHelper.getIngredient(CraftingHelper.java:204) ~[CraftingHelper.class:?]
	at net.minecraftforge.common.crafting.CraftingHelper.lambda$init$14(CraftingHelper.java:481) ~[CraftingHelper.class:?]
	at net.minecraftforge.common.crafting.CraftingHelper.getRecipe(CraftingHelper.java:416) ~[CraftingHelper.class:?]
	at net.minecraftforge.common.crafting.CraftingHelper.lambda$loadRecipes$22(CraftingHelper.java:723) ~[CraftingHelper.class:?]
	at net.minecraftforge.common.crafting.CraftingHelper.findFiles(CraftingHelper.java:833) ~[CraftingHelper.class:?]
	at net.minecraftforge.common.crafting.CraftingHelper.loadRecipes(CraftingHelper.java:688) ~[CraftingHelper.class:?]
	at java.util.ArrayList.forEach(ArrayList.java:1259) [?:1.8.0_492]
	at net.minecraftforge.common.crafting.CraftingHelper.loadRecipes(CraftingHelper.java:633) [CraftingHelper.class:?]
	at net.minecraftforge.fml.common.Loader.initializeMods(Loader.java:747) [Loader.class:?]
	at net.minecraftforge.fml.server.FMLServerHandler.finishServerLoading(FMLServerHandler.java:108) [FMLServerHandler.class:?]
	at net.minecraftforge.fml.common.FMLCommonHandler.onServerStarted(FMLCommonHandler.java:338) [FMLCommonHandler.class:?]
	at net.minecraft.server.dedicated.DedicatedServer.func_71197_b(DedicatedServer.java:219) [nz.class:?]
	at net.minecraft.server.MinecraftServer.run(MinecraftServer.java:486) [MinecraftServer.class:?]
	at java.lang.Thread.run(Thread.java:750) [?:1.8.0_492]
[23:21:06] [Server thread/ERROR] [FML]: Parsing error loading recipe simpleplanes:bop_dead_helicopter
com.google.gson.JsonSyntaxException: Unknown item 'biomesoplenty:dead_stairs'
	at net.minecraftforge.common.crafting.CraftingHelper.getItemStackBasic(CraftingHelper.java:262) ~[CraftingHelper.class:?]
	at net.minecraftforge.common.crafting.CraftingHelper.lambda$init$16(CraftingHelper.java:544) ~[CraftingHelper.class:?]
	at net.minecraftforge.common.crafting.CraftingHelper.getIngredient(CraftingHelper.java:204) ~[CraftingHelper.class:?]
	at net.minecraftforge.common.crafting.CraftingHelper.lambda$init$14(CraftingHelper.java:481) ~[CraftingHelper.class:?]
	at net.minecraftforge.common.crafting.CraftingHelper.getRecipe(CraftingHelper.java:416) ~[CraftingHelper.class:?]
	at net.minecraftforge.common.crafting.CraftingHelper.lambda$loadRecipes$22(CraftingHelper.java:723) ~[CraftingHelper.class:?]
	at net.minecraftforge.common.crafting.CraftingHelper.findFiles(CraftingHelper.java:833) ~[CraftingHelper.class:?]
	at net.minecraftforge.common.crafting.CraftingHelper.loadRecipes(CraftingHelper.java:688) ~[CraftingHelper.class:?]
	at java.util.ArrayList.forEach(ArrayList.java:1259) [?:1.8.0_492]
	at net.minecraftforge.common.crafting.CraftingHelper.loadRecipes(CraftingHelper.java:633) [CraftingHelper.class:?]
	at net.minecraftforge.fml.common.Loader.initializeMods(Loader.java:747) [Loader.class:?]
	at net.minecraftforge.fml.server.FMLServerHandler.finishServerLoading(FMLServerHandler.java:108) [FMLServerHandler.class:?]
	at net.minecraftforge.fml.common.FMLCommonHandler.onServerStarted(FMLCommonHandler.java:338) [FMLCommonHandler.class:?]
	at net.minecraft.server.dedicated.DedicatedServer.func_71197_b(DedicatedServer.java:219) [nz.class:?]
	at net.minecraft.server.MinecraftServer.run(MinecraftServer.java:486) [MinecraftServer.class:?]
	at java.lang.Thread.run(Thread.java:750) [?:1.8.0_492]
[23:21:06] [Server thread/ERROR] [FML]: Parsing error loading recipe simpleplanes:bop_cherry_plane
com.google.gson.JsonSyntaxException: Unknown item 'biomesoplenty:cherry_slab'
	at net.minecraftforge.common.crafting.CraftingHelper.getItemStackBasic(CraftingHelper.java:262) ~[CraftingHelper.class:?]
	at net.minecraftforge.common.crafting.CraftingHelper.lambda$init$16(CraftingHelper.java:544) ~[CraftingHelper.class:?]
	at net.minecraftforge.common.crafting.CraftingHelper.getIngredient(CraftingHelper.java:204) ~[CraftingHelper.class:?]
	at net.minecraftforge.common.crafting.CraftingHelper.lambda$init$14(CraftingHelper.java:481) ~[CraftingHelper.class:?]
	at net.minecraftforge.common.crafting.CraftingHelper.getRecipe(CraftingHelper.java:416) ~[CraftingHelper.class:?]
	at net.minecraftforge.common.crafting.CraftingHelper.lambda$loadRecipes$22(CraftingHelper.java:723) ~[CraftingHelper.class:?]
	at net.minecraftforge.common.crafting.CraftingHelper.findFiles(CraftingHelper.java:833) ~[CraftingHelper.class:?]
	at net.minecraftforge.common.crafting.CraftingHelper.loadRecipes(CraftingHelper.java:688) ~[CraftingHelper.class:?]
	at java.util.ArrayList.forEach(ArrayList.java:1259) [?:1.8.0_492]
	at net.minecraftforge.common.crafting.CraftingHelper.loadRecipes(CraftingHelper.java:633) [CraftingHelper.class:?]
	at net.minecraftforge.fml.common.Loader.initializeMods(Loader.java:747) [Loader.class:?]
	at net.minecraftforge.fml.server.FMLServerHandler.finishServerLoading(FMLServerHandler.java:108) [FMLServerHandler.class:?]
	at net.minecraftforge.fml.common.FMLCommonHandler.onServerStarted(FMLCommonHandler.java:338) [FMLCommonHandler.class:?]
	at net.minecraft.server.dedicated.DedicatedServer.func_71197_b(DedicatedServer.java:219) [nz.class:?]
	at net.minecraft.server.MinecraftServer.run(MinecraftServer.java:486) [MinecraftServer.class:?]
	at java.lang.Thread.run(Thread.java:750) [?:1.8.0_492]
[23:21:06] [Server thread/ERROR] [FML]: Parsing error loading recipe simpleplanes:bop_cherry_mega_plane
com.google.gson.JsonSyntaxException: Unknown item 'biomesoplenty:cherry_planks'
	at net.minecraftforge.common.crafting.CraftingHelper.getItemStackBasic(CraftingHelper.java:262) ~[CraftingHelper.class:?]
	at net.minecraftforge.common.crafting.CraftingHelper.lambda$init$16(CraftingHelper.java:544) ~[CraftingHelper.class:?]
	at net.minecraftforge.common.crafting.CraftingHelper.getIngredient(CraftingHelper.java:204) ~[CraftingHelper.class:?]
	at net.minecraftforge.common.crafting.CraftingHelper.lambda$init$14(CraftingHelper.java:481) ~[CraftingHelper.class:?]
	at net.minecraftforge.common.crafting.CraftingHelper.getRecipe(CraftingHelper.java:416) ~[CraftingHelper.class:?]
	at net.minecraftforge.common.crafting.CraftingHelper.lambda$loadRecipes$22(CraftingHelper.java:723) ~[CraftingHelper.class:?]
	at net.minecraftforge.common.crafting.CraftingHelper.findFiles(CraftingHelper.java:833) ~[CraftingHelper.class:?]
	at net.minecraftforge.common.crafting.CraftingHelper.loadRecipes(CraftingHelper.java:688) ~[CraftingHelper.class:?]
	at java.util.ArrayList.forEach(ArrayList.java:1259) [?:1.8.0_492]
	at net.minecraftforge.common.crafting.CraftingHelper.loadRecipes(CraftingHelper.java:633) [CraftingHelper.class:?]
	at net.minecraftforge.fml.common.Loader.initializeMods(Loader.java:747) [Loader.class:?]
	at net.minecraftforge.fml.server.FMLServerHandler.finishServerLoading(FMLServerHandler.java:108) [FMLServerHandler.class:?]
	at net.minecraftforge.fml.common.FMLCommonHandler.onServerStarted(FMLCommonHandler.java:338) [FMLCommonHandler.class:?]
	at net.minecraft.server.dedicated.DedicatedServer.func_71197_b(DedicatedServer.java:219) [nz.class:?]
	at net.minecraft.server.MinecraftServer.run(MinecraftServer.java:486) [MinecraftServer.class:?]
	at java.lang.Thread.run(Thread.java:750) [?:1.8.0_492]
[23:21:06] [Server thread/ERROR] [FML]: Parsing error loading recipe simpleplanes:bop_cherry_large_plane
com.google.gson.JsonSyntaxException: Unknown item 'biomesoplenty:cherry_boat'
	at net.minecraftforge.common.crafting.CraftingHelper.getItemStackBasic(CraftingHelper.java:262) ~[CraftingHelper.class:?]
	at net.minecraftforge.common.crafting.CraftingHelper.lambda$init$16(CraftingHelper.java:544) ~[CraftingHelper.class:?]
	at net.minecraftforge.common.crafting.CraftingHelper.getIngredient(CraftingHelper.java:204) ~[CraftingHelper.class:?]
	at net.minecraftforge.common.crafting.CraftingHelper.lambda$init$14(CraftingHelper.java:481) ~[CraftingHelper.class:?]
	at net.minecraftforge.common.crafting.CraftingHelper.getRecipe(CraftingHelper.java:416) ~[CraftingHelper.class:?]
	at net.minecraftforge.common.crafting.CraftingHelper.lambda$loadRecipes$22(CraftingHelper.java:723) ~[CraftingHelper.class:?]
	at net.minecraftforge.common.crafting.CraftingHelper.findFiles(CraftingHelper.java:833) ~[CraftingHelper.class:?]
	at net.minecraftforge.common.crafting.CraftingHelper.loadRecipes(CraftingHelper.java:688) ~[CraftingHelper.class:?]
	at java.util.ArrayList.forEach(ArrayList.java:1259) [?:1.8.0_492]
	at net.minecraftforge.common.crafting.CraftingHelper.loadRecipes(CraftingHelper.java:633) [CraftingHelper.class:?]
	at net.minecraftforge.fml.common.Loader.initializeMods(Loader.java:747) [Loader.class:?]
	at net.minecraftforge.fml.server.FMLServerHandler.finishServerLoading(FMLServerHandler.java:108) [FMLServerHandler.class:?]
	at net.minecraftforge.fml.common.FMLCommonHandler.onServerStarted(FMLCommonHandler.java:338) [FMLCommonHandler.class:?]
	at net.minecraft.server.dedicated.DedicatedServer.func_71197_b(DedicatedServer.java:219) [nz.class:?]
	at net.minecraft.server.MinecraftServer.run(MinecraftServer.java:486) [MinecraftServer.class:?]
	at java.lang.Thread.run(Thread.java:750) [?:1.8.0_492]
[23:21:06] [Server thread/ERROR] [FML]: Parsing error loading recipe simpleplanes:bop_cherry_helicopter
com.google.gson.JsonParseException: Missing data for item 'biomesoplenty:cherry_stairs'
	at net.minecraftforge.common.crafting.CraftingHelper.getItemStackBasic(CraftingHelper.java:265) ~[CraftingHelper.class:?]
	at net.minecraftforge.common.crafting.CraftingHelper.lambda$init$16(CraftingHelper.java:544) ~[CraftingHelper.class:?]
	at net.minecraftforge.common.crafting.CraftingHelper.getIngredient(CraftingHelper.java:204) ~[CraftingHelper.class:?]
	at net.minecraftforge.common.crafting.CraftingHelper.lambda$init$14(CraftingHelper.java:481) ~[CraftingHelper.class:?]
	at net.minecraftforge.common.crafting.CraftingHelper.getRecipe(CraftingHelper.java:416) ~[CraftingHelper.class:?]
	at net.minecraftforge.common.crafting.CraftingHelper.lambda$loadRecipes$22(CraftingHelper.java:723) ~[CraftingHelper.class:?]
	at net.minecraftforge.common.crafting.CraftingHelper.findFiles(CraftingHelper.java:833) ~[CraftingHelper.class:?]
	at net.minecraftforge.common.crafting.CraftingHelper.loadRecipes(CraftingHelper.java:688) ~[CraftingHelper.class:?]
	at java.util.ArrayList.forEach(ArrayList.java:1259) [?:1.8.0_492]
	at net.minecraftforge.common.crafting.CraftingHelper.loadRecipes(CraftingHelper.java:633) [CraftingHelper.class:?]
	at net.minecraftforge.fml.common.Loader.initializeMods(Loader.java:747) [Loader.class:?]
	at net.minecraftforge.fml.server.FMLServerHandler.finishServerLoading(FMLServerHandler.java:108) [FMLServerHandler.class:?]
	at net.minecraftforge.fml.common.FMLCommonHandler.onServerStarted(FMLCommonHandler.java:338) [FMLCommonHandler.class:?]
	at net.minecraft.server.dedicated.DedicatedServer.func_71197_b(DedicatedServer.java:219) [nz.class:?]
	at net.minecraft.server.MinecraftServer.run(MinecraftServer.java:486) [MinecraftServer.class:?]
	at java.lang.Thread.run(Thread.java:750) [?:1.8.0_492]
[23:21:06] [Server thread/WARN] [FML]: Potentially Dangerous alternative prefix `minecraft` for name `slime`, expected `tconstruct`. This could be a intended override, but in most cases indicates a broken mod.
[23:21:06] [Server thread/WARN] [FML]: Potentially Dangerous alternative prefix `minecraft` for name `bread`, expected `harvestcraft`. This could be a intended override, but in most cases indicates a broken mod.
[23:21:06] [Server thread/WARN] [FML]: Unable to find recipe for minecraft:rabbit_stew
[23:21:06] [Server thread/WARN] [FML]: Potentially Dangerous alternative prefix `minecraft` for name `beetroot_soup`, expected `harvestcraft`. This could be a intended override, but in most cases indicates a broken mod.
[23:21:06] [Server thread/WARN] [FML]: Potentially Dangerous alternative prefix `minecraft` for name `mushroom_stew`, expected `harvestcraft`. This could be a intended override, but in most cases indicates a broken mod.
[23:21:06] [Server thread/WARN] [FML]: Potentially Dangerous alternative prefix `minecraft` for name `cookie`, expected `harvestcraft`. This could be a intended override, but in most cases indicates a broken mod.
[23:21:06] [Server thread/WARN] [FML]: Potentially Dangerous alternative prefix `minecraft` for name `pumpkin_pie`, expected `harvestcraft`. This could be a intended override, but in most cases indicates a broken mod.
[23:21:06] [Server thread/WARN] [FML]: Unable to find recipe for minecraft:baked_potato
[23:21:06] [Server thread/WARN] [FML]: Potentially Dangerous alternative prefix `minecraft` for name `nether_brick_fence`, expected `futuremc`. This could be a intended override, but in most cases indicates a broken mod.
[23:21:06] [Server thread/INFO] [improvableskills]: RegistryEvent.Register<IRecipe>
[23:21:06] [Server thread/INFO] [FML]: Ignored smelting recipe with conflicting input: 1xitem.Dust@0 = 1xitem.ingotIron@0
[23:21:06] [Server thread/INFO] [FML]: Ignored smelting recipe with conflicting input: 1xitem.Dust@1 = 1xitem.ingotGold@0
[23:21:06] [Server thread/WARN] [FML]: Potentially Dangerous alternative prefix `minecraft` for name `painted acacia slab`, expected `mowziesmobs`. This could be a intended override, but in most cases indicates a broken mod.
[23:21:06] [Server thread/WARN] [FML]: Potentially Dangerous alternative prefix `minecraft` for name `nether_brick_fence`, expected `netherex`. This could be a intended override, but in most cases indicates a broken mod.
[23:21:06] [Server thread/INFO] [Spartan Shields]: Recipes added!
[23:21:06] [Server thread/INFO] [Spartan Weaponry]: Registering recipes for Tipped Bolts!
[23:21:06] [Server thread/INFO] [Spartan Weaponry]: Recipes added!
[23:21:06] [Server thread/INFO] [FML]: Ignored smelting recipe with conflicting input: 1xitem.immersiveengineering.metal@18 = 1xitem.ingotIron@0
[23:21:06] [Server thread/INFO] [FML]: Ignored smelting recipe with conflicting input: 1xitem.immersiveengineering.metal@19 = 1xitem.ingotGold@0
[23:21:06] [Server thread/INFO] [davincisvessels]: Registering recipes for Davincis Vessels...
[23:21:06] [Server thread/INFO] [davincisvessels]: Registration complete!
[23:21:07] [Server thread/INFO] [Enchantments Control]: Unknown enchantment <uniquee:berserk>. Data collected.
[23:21:07] [Server thread/INFO] [Enchantments Control]: Unknown enchantment <uniquee:all>. Data collected.
[23:21:07] [Server thread/INFO] [Enchantments Control]: Unknown enchantment <uniquee:undead>. Data collected.
[23:21:07] [Server thread/INFO] [Enchantments Control]: Unknown enchantment <uniquee:arthropods>. Data collected.
[23:21:07] [Server thread/INFO] [Enchantments Control]: Enchantment <uniquee:vitae> disabled! It can't be obtained in survival mode.
[23:21:07] [Server thread/INFO] [Enchantments Control]: Initialized enchantment <uniquee:vitae> with config settings.
[23:21:07] [Server thread/INFO] [Enchantments Control]: Unknown enchantment <uniquee:swift>. Data collected.
[23:21:07] [Server thread/INFO] [Enchantments Control]: Unknown enchantment <uniquee:sages_blessing>. Data collected.
[23:21:07] [Server thread/INFO] [Enchantments Control]: Unknown enchantment <uniquee:ender_eyes>. Data collected.
[23:21:07] [Server thread/INFO] [Enchantments Control]: Unknown enchantment <uniquee:focus_impact>. Data collected.
[23:21:07] [Server thread/INFO] [Enchantments Control]: Unknown enchantment <uniquee:bone_crusher>. Data collected.
[23:21:07] [Server thread/INFO] [Enchantments Control]: Unknown enchantment <uniquee:ranged>. Data collected.
[23:21:07] [Server thread/INFO] [Enchantments Control]: Unknown enchantment <uniquee:treasurers_eyes>. Data collected.
[23:21:07] [Server thread/INFO] [Enchantments Control]: Unknown enchantment <uniquee:swiftblade>. Data collected.
[23:21:07] [Server thread/INFO] [Enchantments Control]: Unknown enchantment <uniquee:spartanweapon>. Data collected.
[23:21:07] [Server thread/INFO] [Enchantments Control]: Unknown enchantment <uniquee:perpetualstrike>. Data collected.
[23:21:07] [Server thread/INFO] [Enchantments Control]: Unknown enchantment <uniquee:climate_tranquility>. Data collected.
[23:21:07] [Server thread/INFO] [Enchantments Control]: Unknown enchantment <uniquee:momentum>. Data collected.
[23:21:07] [Server thread/INFO] [Enchantments Control]: Unknown enchantment <uniquee:ender_mending>. Data collected.
[23:21:07] [Server thread/INFO] [Enchantments Control]: Unknown enchantment <uniquee:smart_ass>. Data collected.
[23:21:07] [Server thread/INFO] [Enchantments Control]: Enchantment <uniquee:warriorsgrace> disabled! It can't be obtained in survival mode.
[23:21:07] [Server thread/INFO] [Enchantments Control]: Initialized enchantment <uniquee:warriorsgrace> with config settings.
[23:21:07] [Server thread/INFO] [Enchantments Control]: Unknown enchantment <uniquee:endermarksmen>. Data collected.
[23:21:07] [Server thread/INFO] [Enchantments Control]: Unknown enchantment <uniquee:aresblessing>. Data collected.
[23:21:07] [Server thread/INFO] [Enchantments Control]: Enchantment <uniquee:alchemistsgrace> disabled! It can't be obtained in survival mode.
[23:21:07] [Server thread/INFO] [Enchantments Control]: Initialized enchantment <uniquee:alchemistsgrace> with config settings.
[23:21:07] [Server thread/INFO] [Enchantments Control]: Unknown enchantment <uniquee:cloudwalker>. Data collected.
[23:21:07] [Server thread/INFO] [Enchantments Control]: Unknown enchantment <uniquee:fastfood>. Data collected.
[23:21:07] [Server thread/INFO] [Enchantments Control]: Enchantment <uniquee:naturesgrace> disabled! It can't be obtained in survival mode.
[23:21:07] [Server thread/INFO] [Enchantments Control]: Initialized enchantment <uniquee:naturesgrace> with config settings.
[23:21:07] [Server thread/INFO] [Enchantments Control]: Unknown enchantment <uniquee:ecological>. Data collected.
[23:21:07] [Server thread/INFO] [Enchantments Control]: Unknown enchantment <uniquee:phoenixs_blessing>. Data collected.
[23:21:07] [Server thread/INFO] [Enchantments Control]: Unknown enchantment <uniquee:midas_blessing>. Data collected.
[23:21:07] [Server thread/INFO] [Enchantments Control]: Enchantment <uniquee:ifrits_grace> disabled! It can't be obtained in survival mode.
[23:21:07] [Server thread/INFO] [Enchantments Control]: Initialized enchantment <uniquee:ifrits_grace> with config settings.
[23:21:07] [Server thread/INFO] [Enchantments Control]: Unknown enchantment <uniquee:icarus_aegis>. Data collected.
[23:21:07] [Server thread/INFO] [Enchantments Control]: Unknown enchantment <uniquee:ender_librarian>. Data collected.
[23:21:07] [Server thread/INFO] [Enchantments Control]: Unknown enchantment <uniquee:endest_reap>. Data collected.
[23:21:07] [Server thread/INFO] [Enchantments Control]: Unknown enchantment <uniquee:grimoire>. Data collected.
[23:21:07] [Server thread/INFO] [Enchantments Control]: Unknown enchantment <uniquee:pestilences_odium>. Data collected.
[23:21:07] [Server thread/INFO] [Enchantments Control]: Unknown enchantment <uniquee:deaths_odium>. Data collected.
[23:21:07] [Server thread/INFO] [Enchantments Control]: Unknown enchantment <somanyenchantments:rusted>. Data collected.
[23:21:07] [Server thread/INFO] [Enchantments Control]: Unknown enchantment <somanyenchantments:advancedefficency>. Data collected.
[23:21:07] [Server thread/INFO] [Enchantments Control]: Unknown enchantment <somanyenchantments:blessededge>. Data collected.
[23:21:07] [Server thread/INFO] [Enchantments Control]: Unknown enchantment <somanyenchantments:advancedbaneofarthropods>. Data collected.
[23:21:07] [Server thread/INFO] [Enchantments Control]: Unknown enchantment <somanyenchantments:advancedsharpness>. Data collected.
[23:21:07] [Server thread/INFO] [Enchantments Control]: Unknown enchantment <somanyenchantments:advancedsmite>. Data collected.
[23:21:07] [Server thread/INFO] [Enchantments Control]: Unknown enchantment <somanyenchantments:fieryedge>. Data collected.
[23:21:07] [Server thread/INFO] [Enchantments Control]: Unknown enchantment <somanyenchantments:purification>. Data collected.
[23:21:07] [Server thread/INFO] [Enchantments Control]: Unknown enchantment <somanyenchantments:reviledblade>. Data collected.
[23:21:07] [Server thread/INFO] [Enchantments Control]: Initialized enchantment <somanyenchantments:swifterslashes> with config settings.
[23:21:07] [Server thread/INFO] [Enchantments Control]: Unknown enchantment <somanyenchantments:wateraspect>. Data collected.
[23:21:07] [Server thread/INFO] [Enchantments Control]: Enchantment <somanyenchantments:penetratingedge> disabled! It can't be obtained in survival mode.
[23:21:07] [Server thread/INFO] [Enchantments Control]: Initialized enchantment <somanyenchantments:penetratingedge> with config settings.
[23:21:07] [Server thread/INFO] [Enchantments Control]: Unknown enchantment <somanyenchantments:advancedknockback>. Data collected.
[23:21:07] [Server thread/INFO] [Enchantments Control]: Unknown enchantment <somanyenchantments:rune_magicalblessing>. Data collected.
[23:21:07] [Server thread/INFO] [Enchantments Control]: Unknown enchantment <somanyenchantments:counterattack>. Data collected.
[23:21:07] [Server thread/INFO] [Enchantments Control]: Unknown enchantment <somanyenchantments:parry>. Data collected.
[23:21:07] [Server thread/INFO] [Enchantments Control]: Unknown enchantment <somanyenchantments:lifesteal>. Data collected.
[23:21:07] [Server thread/INFO] [Enchantments Control]: Unknown enchantment <somanyenchantments:clearsky>. Data collected.
[23:21:07] [Server thread/INFO] [Enchantments Control]: Unknown enchantment <somanyenchantments:moonlight>. Data collected.
[23:21:07] [Server thread/INFO] [Enchantments Control]: Unknown enchantment <somanyenchantments:raining>. Data collected.
[23:21:07] [Server thread/INFO] [Enchantments Control]: Unknown enchantment <somanyenchantments:sunshine>. Data collected.
[23:21:07] [Server thread/INFO] [Enchantments Control]: Unknown enchantment <somanyenchantments:thunderstorm>. Data collected.
[23:21:07] [Server thread/INFO] [Enchantments Control]: Enchantment <somanyenchantments:winter> disabled! It can't be obtained in survival mode.
[23:21:07] [Server thread/INFO] [Enchantments Control]: Initialized enchantment <somanyenchantments:winter> with config settings.
[23:21:07] [Server thread/INFO] [Enchantments Control]: Unknown enchantment <somanyenchantments:empowereddefence>. Data collected.
[23:21:07] [Server thread/INFO] [Enchantments Control]: Enchantment <somanyenchantments:strafe> disabled! It can't be obtained in survival mode.
[23:21:07] [Server thread/INFO] [Enchantments Control]: Initialized enchantment <somanyenchantments:strafe> with config settings.
[23:21:07] [Server thread/INFO] [Enchantments Control]: Unknown enchantment <somanyenchantments:criticalstrike>. Data collected.
[23:21:07] [Server thread/INFO] [Enchantments Control]: Unknown enchantment <somanyenchantments:advancedlooting>. Data collected.
[23:21:07] [Server thread/INFO] [Enchantments Control]: Unknown enchantment <somanyenchantments:levitator>. Data collected.
[23:21:07] [Server thread/INFO] [Enchantments Control]: Unknown enchantment <somanyenchantments:magicprotection>. Data collected.
[23:21:07] [Server thread/INFO] [Enchantments Control]: Unknown enchantment <somanyenchantments:physicalprotection>. Data collected.
[23:21:07] [Server thread/INFO] [Enchantments Control]: Enchantment <somanyenchantments:ashdestroyer> disabled! It can't be obtained in survival mode.
[23:21:07] [Server thread/INFO] [Enchantments Control]: Initialized enchantment <somanyenchantments:ashdestroyer> with config settings.
[23:21:07] [Server thread/INFO] [Enchantments Control]: Unknown enchantment <somanyenchantments:purgingblade>. Data collected.
[23:21:07] [Server thread/INFO] [Enchantments Control]: Unknown enchantment <somanyenchantments:viper>. Data collected.
[23:21:07] [Server thread/INFO] [Enchantments Control]: Unknown enchantment <somanyenchantments:advancedpower>. Data collected.
[23:21:07] [Server thread/INFO] [Enchantments Control]: Unknown enchantment <somanyenchantments:envenomed>. Data collected.
[23:21:07] [Server thread/INFO] [Enchantments Control]: Unknown enchantment <somanyenchantments:rune_revival>. Data collected.
[23:21:07] [Server thread/INFO] [Enchantments Control]: Unknown enchantment <somanyenchantments:advancedpunch>. Data collected.
[23:21:07] [Server thread/INFO] [Enchantments Control]: Enchantment <somanyenchantments:advancedlure> disabled! It can't be obtained in survival mode.
[23:21:07] [Server thread/INFO] [Enchantments Control]: Initialized enchantment <somanyenchantments:advancedlure> with config settings.
[23:21:07] [Server thread/INFO] [Enchantments Control]: Enchantment <somanyenchantments:advancedluckofthesea> disabled! It can't be obtained in survival mode.
[23:21:07] [Server thread/INFO] [Enchantments Control]: Initialized enchantment <somanyenchantments:advancedluckofthesea> with config settings.
[23:21:07] [Server thread/INFO] [Enchantments Control]: Unknown enchantment <somanyenchantments:advancedfeatherfalling>. Data collected.
[23:21:07] [Server thread/INFO] [Enchantments Control]: Unknown enchantment <somanyenchantments:advancedthorns>. Data collected.
[23:21:07] [Server thread/INFO] [Enchantments Control]: Unknown enchantment <somanyenchantments:burningthorns>. Data collected.
[23:21:07] [Server thread/INFO] [Enchantments Control]: Unknown enchantment <somanyenchantments:advancedprotection>. Data collected.
[23:21:07] [Server thread/INFO] [Enchantments Control]: Unknown enchantment <somanyenchantments:advancedfireprotection>. Data collected.
[23:21:07] [Server thread/INFO] [Enchantments Control]: Unknown enchantment <somanyenchantments:advancedblastprotection>. Data collected.
[23:21:07] [Server thread/INFO] [Enchantments Control]: Unknown enchantment <somanyenchantments:advancedprojectileprotection>. Data collected.
[23:21:07] [Server thread/INFO] [Enchantments Control]: Unknown enchantment <somanyenchantments:quarrying>. Data collected.
[23:21:07] [Server thread/INFO] [Enchantments Control]: Unknown enchantment <somanyenchantments:disarmament>. Data collected.
[23:21:07] [Server thread/INFO] [Enchantments Control]: Unknown enchantment <somanyenchantments:hors_de_combat>. Data collected.
[23:21:07] [Server thread/INFO] [Enchantments Control]: Unknown enchantment <somanyenchantments:supremesharpness>. Data collected.
[23:21:07] [Server thread/INFO] [Enchantments Control]: Unknown enchantment <somanyenchantments:supremebaneofarthropods>. Data collected.
[23:21:07] [Server thread/INFO] [Enchantments Control]: Unknown enchantment <somanyenchantments:supremesmite>. Data collected.
[23:21:07] [Server thread/INFO] [Enchantments Control]: Unknown enchantment <somanyenchantments:sfa>. Data collected.
[23:21:07] [Server thread/INFO] [Enchantments Control]: Unknown enchantment <somanyenchantments:afa>. Data collected.
[23:21:07] [Server thread/INFO] [Enchantments Control]: Enchantment <somanyenchantments:swiper> disabled! It can't be obtained in survival mode.
[23:21:07] [Server thread/INFO] [Enchantments Control]: Initialized enchantment <somanyenchantments:swiper> with config settings.
[23:21:07] [Server thread/INFO] [Enchantments Control]: Unknown enchantment <somanyenchantments:freezing>. Data collected.
[23:21:07] [Server thread/INFO] [Enchantments Control]: Unknown enchantment <somanyenchantments:advancedmending>. Data collected.
[23:21:07] [Server thread/INFO] [Enchantments Control]: Unknown enchantment <somanyenchantments:afl>. Data collected.
[23:21:07] [Server thread/INFO] [Enchantments Control]: Unknown enchantment <somanyenchantments:sfl>. Data collected.
[23:21:07] [Server thread/INFO] [Enchantments Control]: Unknown enchantment <somanyenchantments:splitshot>. Data collected.
[23:21:07] [Server thread/INFO] [Enchantments Control]: Unknown enchantment <somanyenchantments:flinging>. Data collected.
[23:21:07] [Server thread/INFO] [Enchantments Control]: Enchantment <somanyenchantments:strengthenedvitality> disabled! It can't be obtained in survival mode.
[23:21:07] [Server thread/INFO] [Enchantments Control]: Initialized enchantment <somanyenchantments:strengthenedvitality> with config settings.
[23:21:07] [Server thread/INFO] [Enchantments Control]: Unknown enchantment <somanyenchantments:meltdown>. Data collected.
[23:21:07] [Server thread/INFO] [Enchantments Control]: Unknown enchantment <somanyenchantments:welltilled>. Data collected.
[23:21:07] [Server thread/INFO] [Enchantments Control]: Unknown enchantment <somanyenchantments:upgrade>. Data collected.
[23:21:07] [Server thread/INFO] [Enchantments Control]: Unknown enchantment <somanyenchantments:adept>. Data collected.
[23:21:07] [Server thread/INFO] [Enchantments Control]: Unknown enchantment <somanyenchantments:brutality>. Data collected.
[23:21:07] [Server thread/INFO] [Enchantments Control]: Unknown enchantment <somanyenchantments:magmawalker>. Data collected.
[23:21:07] [Server thread/INFO] [Enchantments Control]: Unknown enchantment <somanyenchantments:fieryshield>. Data collected.
[23:21:07] [Server thread/INFO] [Enchantments Control]: Unknown enchantment <somanyenchantments:naturalblocking>. Data collected.
[23:21:07] [Server thread/INFO] [Enchantments Control]: Unknown enchantment <somanyenchantments:darkshadows>. Data collected.
[23:21:07] [Server thread/INFO] [Enchantments Control]: Enchantment <somanyenchantments:rune_armorpiercing> disabled! It can't be obtained in survival mode.
[23:21:07] [Server thread/INFO] [Enchantments Control]: Initialized enchantment <somanyenchantments:rune_armorpiercing> with config settings.
[23:21:07] [Server thread/INFO] [Enchantments Control]: Unknown enchantment <somanyenchantments:innerberserk>. Data collected.
[23:21:07] [Server thread/INFO] [Enchantments Control]: Unknown enchantment <somanyenchantments:lightweight>. Data collected.
[23:21:07] [Server thread/INFO] [Enchantments Control]: Unknown enchantment <somanyenchantments:underwaterstrider>. Data collected.
[23:21:07] [Server thread/INFO] [Enchantments Control]: Unknown enchantment <somanyenchantments:pushing>. Data collected.
[23:21:07] [Server thread/INFO] [Enchantments Control]: Unknown enchantment <somanyenchantments:pulling>. Data collected.
[23:21:07] [Server thread/INFO] [Enchantments Control]: Unknown enchantment <somanyenchantments:evasion>. Data collected.
[23:21:07] [Server thread/INFO] [Enchantments Control]: Unknown enchantment <somanyenchantments:instability>. Data collected.
[23:21:07] [Server thread/INFO] [Enchantments Control]: Unknown enchantment <somanyenchantments:unsheathing>. Data collected.
[23:21:07] [Server thread/INFO] [Enchantments Control]: Unknown enchantment <somanyenchantments:swordmastery>. Data collected.
[23:21:07] [Server thread/INFO] [Enchantments Control]: Unknown enchantment <futurefireproof:fireproof>. Data collected.
[23:21:07] [Server thread/INFO] [Enchantments Control]: Unknown enchantment <spartanshields:ssenchspikes>. Data collected.
[23:21:07] [Server thread/INFO] [Enchantments Control]: Unknown enchantment <spartanweaponry:propulsion>. Data collected.
[23:21:07] [Server thread/INFO] [Enchantments Control]: Unknown enchantment <spartanweaponry:razors_edge>. Data collected.
[23:21:07] [Server thread/INFO] [Enchantments Control]: Unknown enchantment <spartanweaponry:incendiary>. Data collected.
[23:21:07] [Server thread/INFO] [Enchantments Control]: Unknown enchantment <spartanweaponry:lucky_throw>. Data collected.
[23:21:07] [Server thread/INFO] [Enchantments Control]: Unknown enchantment <spartanweaponry:hydrodynamic>. Data collected.
[23:21:07] [Server thread/INFO] [Enchantments Control]: Unknown enchantment <spartanweaponry:supercharge>. Data collected.
[23:21:07] [Server thread/INFO] [Enchantments Control]: Unknown enchantment <spartanweaponry:expanse>. Data collected.
[23:21:07] [Server thread/INFO] [Enchantments Control]: Unknown enchantment <spartanweaponry:return>. Data collected.
[23:21:07] [Server thread/INFO] [Enchantments Control]: Unknown enchantment <spartanweaponry:rapid_load>. Data collected.
[23:21:07] [Server thread/INFO] [Enchantments Control]: Unknown enchantment <spartanweaponry:spreadshot>. Data collected.
[23:21:07] [Server thread/INFO] [Enchantments Control]: Unknown enchantment <spartanweaponry:sharpshooter>. Data collected.
[23:21:07] [Server thread/INFO] [Enchantments Control]: Unknown enchantment <cofhcore:holding>. Data collected.
[23:21:07] [Server thread/INFO] [Enchantments Control]: Enchantment <cofhcore:insight> disabled! It can't be obtained in survival mode.
[23:21:07] [Server thread/INFO] [Enchantments Control]: Initialized enchantment <cofhcore:insight> with config settings.
[23:21:07] [Server thread/INFO] [Enchantments Control]: Unknown enchantment <cofhcore:leech>. Data collected.
[23:21:07] [Server thread/INFO] [Enchantments Control]: Initialized enchantment <cofhcore:multishot> with config settings.
[23:21:07] [Server thread/INFO] [Enchantments Control]: Unknown enchantment <cofhcore:smashing>. Data collected.
[23:21:07] [Server thread/INFO] [Enchantments Control]: Unknown enchantment <cofhcore:smelting>. Data collected.
[23:21:07] [Server thread/INFO] [Enchantments Control]: Enchantment <cofhcore:soulbound> disabled! It can't be obtained in survival mode.
[23:21:07] [Server thread/INFO] [Enchantments Control]: Initialized enchantment <cofhcore:soulbound> with config settings.
[23:21:07] [Server thread/INFO] [Enchantments Control]: Enchantment <cofhcore:vorpal> disabled! It can't be obtained in survival mode.
[23:21:07] [Server thread/INFO] [Enchantments Control]: Initialized enchantment <cofhcore:vorpal> with config settings.
[23:21:07] [Server thread/INFO] [Enchantments Control]: Enchantment <mujmajnkraftsbettersurvival:vampirism> disabled! It can't be obtained in survival mode.
[23:21:07] [Server thread/INFO] [Enchantments Control]: Initialized enchantment <mujmajnkraftsbettersurvival:vampirism> with config settings.
[23:21:07] [Server thread/INFO] [Enchantments Control]: Enchantment <mujmajnkraftsbettersurvival:agility> disabled! It can't be obtained in survival mode.
[23:21:07] [Server thread/INFO] [Enchantments Control]: Initialized enchantment <mujmajnkraftsbettersurvival:agility> with config settings.
[23:21:07] [Server thread/INFO] [Enchantments Control]: Enchantment <mujmajnkraftsbettersurvival:arrowrecovery> disabled! It can't be obtained in survival mode.
[23:21:07] [Server thread/INFO] [Enchantments Control]: Initialized enchantment <mujmajnkraftsbettersurvival:arrowrecovery> with config settings.
[23:21:07] [Server thread/INFO] [Enchantments Control]: Enchantment <mujmajnkraftsbettersurvival:assassinate> disabled! It can't be obtained in survival mode.
[23:21:07] [Server thread/INFO] [Enchantments Control]: Initialized enchantment <mujmajnkraftsbettersurvival:assassinate> with config settings.
[23:21:07] [Server thread/INFO] [Enchantments Control]: Enchantment <mujmajnkraftsbettersurvival:bash> disabled! It can't be obtained in survival mode.
[23:21:07] [Server thread/INFO] [Enchantments Control]: Initialized enchantment <mujmajnkraftsbettersurvival:bash> with config settings.
[23:21:07] [Server thread/INFO] [Enchantments Control]: Enchantment <mujmajnkraftsbettersurvival:blast> disabled! It can't be obtained in survival mode.
[23:21:07] [Server thread/INFO] [Enchantments Control]: Initialized enchantment <mujmajnkraftsbettersurvival:blast> with config settings.
[23:21:07] [Server thread/INFO] [Enchantments Control]: Enchantment <mujmajnkraftsbettersurvival:blockpower> disabled! It can't be obtained in survival mode.
[23:21:07] [Server thread/INFO] [Enchantments Control]: Initialized enchantment <mujmajnkraftsbettersurvival:blockpower> with config settings.
[23:21:07] [Server thread/INFO] [Enchantments Control]: Enchantment <mujmajnkraftsbettersurvival:combo> disabled! It can't be obtained in survival mode.
[23:21:07] [Server thread/INFO] [Enchantments Control]: Initialized enchantment <mujmajnkraftsbettersurvival:combo> with config settings.
[23:21:07] [Server thread/INFO] [Enchantments Control]: Enchantment <mujmajnkraftsbettersurvival:disarm> disabled! It can't be obtained in survival mode.
[23:21:07] [Server thread/INFO] [Enchantments Control]: Initialized enchantment <mujmajnkraftsbettersurvival:disarm> with config settings.
[23:21:07] [Server thread/INFO] [Enchantments Control]: Enchantment <mujmajnkraftsbettersurvival:heavy> disabled! It can't be obtained in survival mode.
[23:21:07] [Server thread/INFO] [Enchantments Control]: Initialized enchantment <mujmajnkraftsbettersurvival:heavy> with config settings.
[23:21:07] [Server thread/INFO] [Enchantments Control]: Enchantment <mujmajnkraftsbettersurvival:highjump> disabled! It can't be obtained in survival mode.
[23:21:07] [Server thread/INFO] [Enchantments Control]: Initialized enchantment <mujmajnkraftsbettersurvival:highjump> with config settings.
[23:21:07] [Server thread/INFO] [Enchantments Control]: Enchantment <mujmajnkraftsbettersurvival:diamonds> disabled! It can't be obtained in survival mode.
[23:21:07] [Server thread/INFO] [Enchantments Control]: Initialized enchantment <mujmajnkraftsbettersurvival:diamonds> with config settings.
[23:21:07] [Server thread/INFO] [Enchantments Control]: Enchantment <mujmajnkraftsbettersurvival:reflection> disabled! It can't be obtained in survival mode.
[23:21:07] [Server thread/INFO] [Enchantments Control]: Initialized enchantment <mujmajnkraftsbettersurvival:reflection> with config settings.
[23:21:07] [Server thread/INFO] [Enchantments Control]: Enchantment <mujmajnkraftsbettersurvival:tunneling> disabled! It can't be obtained in survival mode.
[23:21:07] [Server thread/INFO] [Enchantments Control]: Initialized enchantment <mujmajnkraftsbettersurvival:tunneling> with config settings.
[23:21:07] [Server thread/INFO] [Enchantments Control]: Enchantment <mujmajnkraftsbettersurvival:smelting> disabled! It can't be obtained in survival mode.
[23:21:07] [Server thread/INFO] [Enchantments Control]: Initialized enchantment <mujmajnkraftsbettersurvival:smelting> with config settings.
[23:21:07] [Server thread/INFO] [Enchantments Control]: Enchantment <mujmajnkraftsbettersurvival:education> disabled! It can't be obtained in survival mode.
[23:21:07] [Server thread/INFO] [Enchantments Control]: Initialized enchantment <mujmajnkraftsbettersurvival:education> with config settings.
[23:21:07] [Server thread/INFO] [Enchantments Control]: Enchantment <mujmajnkraftsbettersurvival:versatility> disabled! It can't be obtained in survival mode.
[23:21:07] [Server thread/INFO] [Enchantments Control]: Initialized enchantment <mujmajnkraftsbettersurvival:versatility> with config settings.
[23:21:07] [Server thread/INFO] [Enchantments Control]: Enchantment <mujmajnkraftsbettersurvival:multishot> disabled! It can't be obtained in survival mode.
[23:21:07] [Server thread/INFO] [Enchantments Control]: Initialized enchantment <mujmajnkraftsbettersurvival:multishot> with config settings.
[23:21:07] [Server thread/INFO] [Enchantments Control]: Enchantment <mujmajnkraftsbettersurvival:range> disabled! It can't be obtained in survival mode.
[23:21:07] [Server thread/INFO] [Enchantments Control]: Initialized enchantment <mujmajnkraftsbettersurvival:range> with config settings.
[23:21:07] [Server thread/INFO] [Enchantments Control]: Enchantment <mujmajnkraftsbettersurvival:rapidfire> disabled! It can't be obtained in survival mode.
[23:21:07] [Server thread/INFO] [Enchantments Control]: Initialized enchantment <mujmajnkraftsbettersurvival:rapidfire> with config settings.
[23:21:07] [Server thread/INFO] [Enchantments Control]: Enchantment <mujmajnkraftsbettersurvival:spellshield> disabled! It can't be obtained in survival mode.
[23:21:07] [Server thread/INFO] [Enchantments Control]: Initialized enchantment <mujmajnkraftsbettersurvival:spellshield> with config settings.
[23:21:07] [Server thread/INFO] [Enchantments Control]: Enchantment <mujmajnkraftsbettersurvival:penetration> disabled! It can't be obtained in survival mode.
[23:21:07] [Server thread/INFO] [Enchantments Control]: Initialized enchantment <mujmajnkraftsbettersurvival:penetration> with config settings.
[23:21:07] [Server thread/INFO] [Enchantments Control]: Enchantment <mujmajnkraftsbettersurvival:fling> disabled! It can't be obtained in survival mode.
[23:21:07] [Server thread/INFO] [Enchantments Control]: Initialized enchantment <mujmajnkraftsbettersurvival:fling> with config settings.
[23:21:07] [Server thread/INFO] [Enchantments Control]: Enchantment <mujmajnkraftsbettersurvival:vitality> disabled! It can't be obtained in survival mode.
[23:21:07] [Server thread/INFO] [Enchantments Control]: Initialized enchantment <mujmajnkraftsbettersurvival:vitality> with config settings.
[23:21:07] [Server thread/INFO] [Enchantments Control]: Enchantment <mujmajnkraftsbettersurvival:weightless> disabled! It can't be obtained in survival mode.
[23:21:07] [Server thread/INFO] [Enchantments Control]: Initialized enchantment <mujmajnkraftsbettersurvival:weightless> with config settings.
[23:21:07] [Server thread/INFO] [Enchantments Control]: Enchantment <hermitsarsenal:lucky> disabled! It can't be obtained in survival mode.
[23:21:07] [Server thread/INFO] [Enchantments Control]: Initialized enchantment <hermitsarsenal:lucky> with config settings.
[23:21:07] [Server thread/INFO] [Enchantments Control]: Unknown enchantment <nocubesrptweaks:recalling>. Data collected.
[23:21:07] [Server thread/INFO] [STDOUT]: [stanhebben.zenscript.parser.expression.ParsedExpressionFunction:compile:34]: Known predicted function type: ZenTypeNative: crafttweaker.events.IEventHandler
[23:21:07] [Server thread/INFO] [STDOUT]: [stanhebben.zenscript.parser.expression.ParsedExpressionFunction:compile:34]: Known predicted function type: ZenTypeNative: crafttweaker.events.IEventHandler
[23:21:07] [Server thread/INFO] [STDOUT]: [stanhebben.zenscript.parser.expression.ParsedExpressionFunction:compile:34]: Known predicted function type: ZenTypeNative: crafttweaker.events.IEventHandler
[23:21:07] [Server thread/INFO] [STDOUT]: [stanhebben.zenscript.parser.expression.ParsedExpressionFunction:compile:34]: Known predicted function type: ZenTypeNative: crafttweaker.events.IEventHandler
[23:21:07] [Server thread/INFO] [STDOUT]: [stanhebben.zenscript.parser.expression.ParsedExpressionFunction:compile:34]: Known predicted function type: ZenTypeNative: crafttweaker.events.IEventHandler
[23:21:07] [Server thread/INFO] [STDOUT]: [stanhebben.zenscript.parser.expression.ParsedExpressionFunction:compile:34]: Known predicted function type: ZenTypeNative: crafttweaker.events.IEventHandler
[23:21:08] [Server thread/INFO] [STDOUT]: [stanhebben.zenscript.parser.expression.ParsedExpressionFunction:compile:34]: Known predicted function type: ZenTypeNative: crafttweaker.recipes.IRecipeFunction
[23:21:08] [Server thread/INFO] [STDOUT]: [stanhebben.zenscript.parser.expression.ParsedExpressionFunction:compile:34]: Known predicted function type: ZenTypeNative: crafttweaker.recipes.IRecipeFunction
[23:21:08] [Server thread/INFO] [STDOUT]: [stanhebben.zenscript.parser.expression.ParsedExpressionFunction:compile:34]: Known predicted function type: ZenTypeNative: crafttweaker.recipes.IRecipeFunction
[23:21:08] [Server thread/INFO] [STDOUT]: [stanhebben.zenscript.parser.expression.ParsedExpressionFunction:compile:34]: Known predicted function type: ZenTypeNative: crafttweaker.recipes.IRecipeFunction
[23:21:08] [Server thread/INFO] [STDOUT]: [stanhebben.zenscript.parser.expression.ParsedExpressionFunction:compile:34]: Known predicted function type: ZenTypeNative: crafttweaker.recipes.IRecipeFunction
[23:21:08] [Server thread/INFO] [STDOUT]: [stanhebben.zenscript.parser.expression.ParsedExpressionFunction:compile:34]: Known predicted function type: ZenTypeNative: crafttweaker.recipes.IRecipeFunction
[23:21:08] [Server thread/INFO] [STDOUT]: [stanhebben.zenscript.parser.expression.ParsedExpressionFunction:compile:34]: Known predicted function type: ZenTypeNative: crafttweaker.recipes.IRecipeFunction
[23:21:08] [Server thread/INFO] [FML]: Applying holder lookups
[23:21:08] [Server thread/INFO] [FML]: Holder lookups applied
[23:21:08] [Server thread/INFO] [bspkrscore]: Initializing ModVersionChecker for mod bspkrscore
[23:21:11] [Server thread/WARN] [bspkrscore]: Error retrieving remote string value at URL http://bspk.rs/Minecraft/1.12/bspkrsCore.version! Defaulting to check_error
[23:21:11] [Server thread/INFO] [AE2:S]: Initialization ( started )
[23:21:11] [Server thread/INFO] [AE2:S]: Disabling item.csv export for custom recipes, since creative tab information is only available on the client.
[23:21:11] [Server thread/INFO] [AE2:S]: Initialization ( ended after 134ms )
[23:21:11] [Server thread/INFO] [bhc]: Initialization finished.
[23:21:11] [Server thread/INFO] [Rin's So Many Enchantments?]: Initializing Rin's So Many Enchantments?...
[23:21:11] [Server thread/ERROR] [CarryOn]: Block Parsing Error. Invalid Name: quark:custom_chest
[23:21:11] [Server thread/ERROR] [CarryOn]: tschipp.carryon.common.helper.StringParser.getBlock(StringParser.java:34)
[23:21:11] [Server thread/ERROR] [CarryOn]: tschipp.carryon.common.handler.ModelOverridesHandler.parseOverride(ModelOverridesHandler.java:132)
[23:21:11] [Server thread/ERROR] [CarryOn]: tschipp.carryon.common.handler.ModelOverridesHandler.initOverrides(ModelOverridesHandler.java:40)
[23:21:11] [Server thread/ERROR] [CarryOn]: tschipp.carryon.common.handler.RegistrationHandler.regOverrideList(RegistrationHandler.java:64)
[23:21:11] [Server thread/ERROR] [CarryOn]: tschipp.carryon.common.CommonProxy.init(CommonProxy.java:54)
[23:21:11] [Server thread/ERROR] [CarryOn]: tschipp.carryon.CarryOn.init(CarryOn.java:59)
[23:21:11] [Server thread/ERROR] [CarryOn]: sun.reflect.NativeMethodAccessorImpl.invoke0(Native Method)
[23:21:11] [Server thread/ERROR] [CarryOn]: sun.reflect.NativeMethodAccessorImpl.invoke(NativeMethodAccessorImpl.java:62)
[23:21:11] [Server thread/ERROR] [CarryOn]: sun.reflect.DelegatingMethodAccessorImpl.invoke(DelegatingMethodAccessorImpl.java:43)
[23:21:11] [Server thread/ERROR] [CarryOn]: java.lang.reflect.Method.invoke(Method.java:498)
[23:21:11] [Server thread/ERROR] [CarryOn]: net.minecraftforge.fml.common.FMLModContainer.handleModStateEvent(FMLModContainer.java:637)
[23:21:11] [Server thread/ERROR] [CarryOn]: 31 more...
[23:21:11] [Server thread/INFO] [CarryOn]: 
[23:21:11] [Server thread/ERROR] [CarryOn]: Block Parsing Error. Invalid Name: quark:custom_chest
[23:21:11] [Server thread/ERROR] [CarryOn]: tschipp.carryon.common.helper.StringParser.getBlock(StringParser.java:34)
[23:21:11] [Server thread/ERROR] [CarryOn]: tschipp.carryon.common.handler.ModelOverridesHandler.parseOverride(ModelOverridesHandler.java:132)
[23:21:11] [Server thread/ERROR] [CarryOn]: tschipp.carryon.common.handler.ModelOverridesHandler.initOverrides(ModelOverridesHandler.java:40)
[23:21:11] [Server thread/ERROR] [CarryOn]: tschipp.carryon.common.handler.RegistrationHandler.regOverrideList(RegistrationHandler.java:64)
[23:21:11] [Server thread/ERROR] [CarryOn]: tschipp.carryon.common.CommonProxy.init(CommonProxy.java:54)
[23:21:11] [Server thread/ERROR] [CarryOn]: tschipp.carryon.CarryOn.init(CarryOn.java:59)
[23:21:11] [Server thread/ERROR] [CarryOn]: sun.reflect.NativeMethodAccessorImpl.invoke0(Native Method)
[23:21:11] [Server thread/ERROR] [CarryOn]: sun.reflect.NativeMethodAccessorImpl.invoke(NativeMethodAccessorImpl.java:62)
[23:21:11] [Server thread/ERROR] [CarryOn]: sun.reflect.DelegatingMethodAccessorImpl.invoke(DelegatingMethodAccessorImpl.java:43)
[23:21:11] [Server thread/ERROR] [CarryOn]: java.lang.reflect.Method.invoke(Method.java:498)
[23:21:11] [Server thread/ERROR] [CarryOn]: net.minecraftforge.fml.common.FMLModContainer.handleModStateEvent(FMLModContainer.java:637)
[23:21:11] [Server thread/ERROR] [CarryOn]: 31 more...
[23:21:11] [Server thread/INFO] [CarryOn]: 
[23:21:11] [Server thread/ERROR] [CarryOn]: Block Parsing Error. Invalid Name: quark:custom_chest
[23:21:11] [Server thread/ERROR] [CarryOn]: tschipp.carryon.common.helper.StringParser.getBlock(StringParser.java:34)
[23:21:11] [Server thread/ERROR] [CarryOn]: tschipp.carryon.common.handler.ModelOverridesHandler.parseOverride(ModelOverridesHandler.java:132)
[23:21:11] [Server thread/ERROR] [CarryOn]: tschipp.carryon.common.handler.ModelOverridesHandler.initOverrides(ModelOverridesHandler.java:40)
[23:21:11] [Server thread/ERROR] [CarryOn]: tschipp.carryon.common.handler.RegistrationHandler.regOverrideList(RegistrationHandler.java:64)
[23:21:11] [Server thread/ERROR] [CarryOn]: tschipp.carryon.common.CommonProxy.init(CommonProxy.java:54)
[23:21:11] [Server thread/ERROR] [CarryOn]: tschipp.carryon.CarryOn.init(CarryOn.java:59)
[23:21:11] [Server thread/ERROR] [CarryOn]: sun.reflect.NativeMethodAccessorImpl.invoke0(Native Method)
[23:21:11] [Server thread/ERROR] [CarryOn]: sun.reflect.NativeMethodAccessorImpl.invoke(NativeMethodAccessorImpl.java:62)
[23:21:11] [Server thread/ERROR] [CarryOn]: sun.reflect.DelegatingMethodAccessorImpl.invoke(DelegatingMethodAccessorImpl.java:43)
[23:21:11] [Server thread/ERROR] [CarryOn]: java.lang.reflect.Method.invoke(Method.java:498)
[23:21:11] [Server thread/ERROR] [CarryOn]: net.minecraftforge.fml.common.FMLModContainer.handleModStateEvent(FMLModContainer.java:637)
[23:21:11] [Server thread/ERROR] [CarryOn]: 31 more...
[23:21:11] [Server thread/INFO] [CarryOn]: 
[23:21:11] [Server thread/ERROR] [CarryOn]: Block Parsing Error. Invalid Name: quark:custom_chest
[23:21:11] [Server thread/ERROR] [CarryOn]: tschipp.carryon.common.helper.StringParser.getBlock(StringParser.java:34)
[23:21:11] [Server thread/ERROR] [CarryOn]: tschipp.carryon.common.handler.ModelOverridesHandler.parseOverride(ModelOverridesHandler.java:132)
[23:21:11] [Server thread/ERROR] [CarryOn]: tschipp.carryon.common.handler.ModelOverridesHandler.initOverrides(ModelOverridesHandler.java:40)
[23:21:11] [Server thread/ERROR] [CarryOn]: tschipp.carryon.common.handler.RegistrationHandler.regOverrideList(RegistrationHandler.java:64)
[23:21:11] [Server thread/ERROR] [CarryOn]: tschipp.carryon.common.CommonProxy.init(CommonProxy.java:54)
[23:21:11] [Server thread/ERROR] [CarryOn]: tschipp.carryon.CarryOn.init(CarryOn.java:59)
[23:21:11] [Server thread/ERROR] [CarryOn]: sun.reflect.NativeMethodAccessorImpl.invoke0(Native Method)
[23:21:11] [Server thread/ERROR] [CarryOn]: sun.reflect.NativeMethodAccessorImpl.invoke(NativeMethodAccessorImpl.java:62)
[23:21:11] [Server thread/ERROR] [CarryOn]: sun.reflect.DelegatingMethodAccessorImpl.invoke(DelegatingMethodAccessorImpl.java:43)
[23:21:11] [Server thread/ERROR] [CarryOn]: java.lang.reflect.Method.invoke(Method.java:498)
[23:21:11] [Server thread/ERROR] [CarryOn]: net.minecraftforge.fml.common.FMLModContainer.handleModStateEvent(FMLModContainer.java:637)
[23:21:11] [Server thread/ERROR] [CarryOn]: 31 more...
[23:21:11] [Server thread/INFO] [CarryOn]: 
[23:21:11] [Server thread/ERROR] [CarryOn]: Block Parsing Error. Invalid Name: quark:custom_chest
[23:21:11] [Server thread/ERROR] [CarryOn]: tschipp.carryon.common.helper.StringParser.getBlock(StringParser.java:34)
[23:21:11] [Server thread/ERROR] [CarryOn]: tschipp.carryon.common.handler.ModelOverridesHandler.parseOverride(ModelOverridesHandler.java:132)
[23:21:11] [Server thread/ERROR] [CarryOn]: tschipp.carryon.common.handler.ModelOverridesHandler.initOverrides(ModelOverridesHandler.java:40)
[23:21:11] [Server thread/ERROR] [CarryOn]: tschipp.carryon.common.handler.RegistrationHandler.regOverrideList(RegistrationHandler.java:64)
[23:21:11] [Server thread/ERROR] [CarryOn]: tschipp.carryon.common.CommonProxy.init(CommonProxy.java:54)
[23:21:11] [Server thread/ERROR] [CarryOn]: tschipp.carryon.CarryOn.init(CarryOn.java:59)
[23:21:11] [Server thread/ERROR] [CarryOn]: sun.reflect.NativeMethodAccessorImpl.invoke0(Native Method)
[23:21:11] [Server thread/ERROR] [CarryOn]: sun.reflect.NativeMethodAccessorImpl.invoke(NativeMethodAccessorImpl.java:62)
[23:21:11] [Server thread/ERROR] [CarryOn]: sun.reflect.DelegatingMethodAccessorImpl.invoke(DelegatingMethodAccessorImpl.java:43)
[23:21:11] [Server thread/ERROR] [CarryOn]: java.lang.reflect.Method.invoke(Method.java:498)
[23:21:11] [Server thread/ERROR] [CarryOn]: net.minecraftforge.fml.common.FMLModContainer.handleModStateEvent(FMLModContainer.java:637)
[23:21:11] [Server thread/ERROR] [CarryOn]: 31 more...
[23:21:11] [Server thread/INFO] [CarryOn]: 
[23:21:11] [Server thread/ERROR] [CarryOn]: Block Parsing Error. Invalid Name: quark:custom_chest_trap
[23:21:11] [Server thread/ERROR] [CarryOn]: tschipp.carryon.common.helper.StringParser.getBlock(StringParser.java:34)
[23:21:11] [Server thread/ERROR] [CarryOn]: tschipp.carryon.common.handler.ModelOverridesHandler.parseOverride(ModelOverridesHandler.java:132)
[23:21:11] [Server thread/ERROR] [CarryOn]: tschipp.carryon.common.handler.ModelOverridesHandler.initOverrides(ModelOverridesHandler.java:40)
[23:21:11] [Server thread/ERROR] [CarryOn]: tschipp.carryon.common.handler.RegistrationHandler.regOverrideList(RegistrationHandler.java:64)
[23:21:11] [Server thread/ERROR] [CarryOn]: tschipp.carryon.common.CommonProxy.init(CommonProxy.java:54)
[23:21:11] [Server thread/ERROR] [CarryOn]: tschipp.carryon.CarryOn.init(CarryOn.java:59)
[23:21:11] [Server thread/ERROR] [CarryOn]: sun.reflect.NativeMethodAccessorImpl.invoke0(Native Method)
[23:21:11] [Server thread/ERROR] [CarryOn]: sun.reflect.NativeMethodAccessorImpl.invoke(NativeMethodAccessorImpl.java:62)
[23:21:11] [Server thread/ERROR] [CarryOn]: sun.reflect.DelegatingMethodAccessorImpl.invoke(DelegatingMethodAccessorImpl.java:43)
[23:21:11] [Server thread/ERROR] [CarryOn]: java.lang.reflect.Method.invoke(Method.java:498)
[23:21:11] [Server thread/ERROR] [CarryOn]: net.minecraftforge.fml.common.FMLModContainer.handleModStateEvent(FMLModContainer.java:637)
[23:21:11] [Server thread/ERROR] [CarryOn]: 31 more...
[23:21:11] [Server thread/INFO] [CarryOn]: 
[23:21:11] [Server thread/ERROR] [CarryOn]: Block Parsing Error. Invalid Name: quark:custom_chest_trap
[23:21:11] [Server thread/ERROR] [CarryOn]: tschipp.carryon.common.helper.StringParser.getBlock(StringParser.java:34)
[23:21:11] [Server thread/ERROR] [CarryOn]: tschipp.carryon.common.handler.ModelOverridesHandler.parseOverride(ModelOverridesHandler.java:132)
[23:21:11] [Server thread/ERROR] [CarryOn]: tschipp.carryon.common.handler.ModelOverridesHandler.initOverrides(ModelOverridesHandler.java:40)
[23:21:11] [Server thread/ERROR] [CarryOn]: tschipp.carryon.common.handler.RegistrationHandler.regOverrideList(RegistrationHandler.java:64)
[23:21:11] [Server thread/ERROR] [CarryOn]: tschipp.carryon.common.CommonProxy.init(CommonProxy.java:54)
[23:21:11] [Server thread/ERROR] [CarryOn]: tschipp.carryon.CarryOn.init(CarryOn.java:59)
[23:21:11] [Server thread/ERROR] [CarryOn]: sun.reflect.NativeMethodAccessorImpl.invoke0(Native Method)
[23:21:11] [Server thread/ERROR] [CarryOn]: sun.reflect.NativeMethodAccessorImpl.invoke(NativeMethodAccessorImpl.java:62)
[23:21:11] [Server thread/ERROR] [CarryOn]: sun.reflect.DelegatingMethodAccessorImpl.invoke(DelegatingMethodAccessorImpl.java:43)
[23:21:11] [Server thread/ERROR] [CarryOn]: java.lang.reflect.Method.invoke(Method.java:498)
[23:21:11] [Server thread/ERROR] [CarryOn]: net.minecraftforge.fml.common.FMLModContainer.handleModStateEvent(FMLModContainer.java:637)
[23:21:11] [Server thread/ERROR] [CarryOn]: 31 more...
[23:21:11] [Server thread/INFO] [CarryOn]: 
[23:21:11] [Server thread/ERROR] [CarryOn]: Block Parsing Error. Invalid Name: quark:custom_chest_trap
[23:21:11] [Server thread/ERROR] [CarryOn]: tschipp.carryon.common.helper.StringParser.getBlock(StringParser.java:34)
[23:21:11] [Server thread/ERROR] [CarryOn]: tschipp.carryon.common.handler.ModelOverridesHandler.parseOverride(ModelOverridesHandler.java:132)
[23:21:11] [Server thread/ERROR] [CarryOn]: tschipp.carryon.common.handler.ModelOverridesHandler.initOverrides(ModelOverridesHandler.java:40)
[23:21:11] [Server thread/ERROR] [CarryOn]: tschipp.carryon.common.handler.RegistrationHandler.regOverrideList(RegistrationHandler.java:64)
[23:21:11] [Server thread/ERROR] [CarryOn]: tschipp.carryon.common.CommonProxy.init(CommonProxy.java:54)
[23:21:11] [Server thread/ERROR] [CarryOn]: tschipp.carryon.CarryOn.init(CarryOn.java:59)
[23:21:11] [Server thread/ERROR] [CarryOn]: sun.reflect.NativeMethodAccessorImpl.invoke0(Native Method)
[23:21:11] [Server thread/ERROR] [CarryOn]: sun.reflect.NativeMethodAccessorImpl.invoke(NativeMethodAccessorImpl.java:62)
[23:21:11] [Server thread/ERROR] [CarryOn]: sun.reflect.DelegatingMethodAccessorImpl.invoke(DelegatingMethodAccessorImpl.java:43)
[23:21:11] [Server thread/ERROR] [CarryOn]: java.lang.reflect.Method.invoke(Method.java:498)
[23:21:11] [Server thread/ERROR] [CarryOn]: net.minecraftforge.fml.common.FMLModContainer.handleModStateEvent(FMLModContainer.java:637)
[23:21:11] [Server thread/ERROR] [CarryOn]: 31 more...
[23:21:11] [Server thread/INFO] [CarryOn]: 
[23:21:11] [Server thread/ERROR] [CarryOn]: Block Parsing Error. Invalid Name: quark:custom_chest_trap
[23:21:11] [Server thread/ERROR] [CarryOn]: tschipp.carryon.common.helper.StringParser.getBlock(StringParser.java:34)
[23:21:11] [Server thread/ERROR] [CarryOn]: tschipp.carryon.common.handler.ModelOverridesHandler.parseOverride(ModelOverridesHandler.java:132)
[23:21:11] [Server thread/ERROR] [CarryOn]: tschipp.carryon.common.handler.ModelOverridesHandler.initOverrides(ModelOverridesHandler.java:40)
[23:21:11] [Server thread/ERROR] [CarryOn]: tschipp.carryon.common.handler.RegistrationHandler.regOverrideList(RegistrationHandler.java:64)
[23:21:11] [Server thread/ERROR] [CarryOn]: tschipp.carryon.common.CommonProxy.init(CommonProxy.java:54)
[23:21:11] [Server thread/ERROR] [CarryOn]: tschipp.carryon.CarryOn.init(CarryOn.java:59)
[23:21:11] [Server thread/ERROR] [CarryOn]: sun.reflect.NativeMethodAccessorImpl.invoke0(Native Method)
[23:21:11] [Server thread/ERROR] [CarryOn]: sun.reflect.NativeMethodAccessorImpl.invoke(NativeMethodAccessorImpl.java:62)
[23:21:11] [Server thread/ERROR] [CarryOn]: sun.reflect.DelegatingMethodAccessorImpl.invoke(DelegatingMethodAccessorImpl.java:43)
[23:21:11] [Server thread/ERROR] [CarryOn]: java.lang.reflect.Method.invoke(Method.java:498)
[23:21:11] [Server thread/ERROR] [CarryOn]: net.minecraftforge.fml.common.FMLModContainer.handleModStateEvent(FMLModContainer.java:637)
[23:21:11] [Server thread/ERROR] [CarryOn]: 31 more...
[23:21:11] [Server thread/INFO] [CarryOn]: 
[23:21:11] [Server thread/ERROR] [CarryOn]: Block Parsing Error. Invalid Name: quark:custom_chest_trap
[23:21:11] [Server thread/ERROR] [CarryOn]: tschipp.carryon.common.helper.StringParser.getBlock(StringParser.java:34)
[23:21:11] [Server thread/ERROR] [CarryOn]: tschipp.carryon.common.handler.ModelOverridesHandler.parseOverride(ModelOverridesHandler.java:132)
[23:21:11] [Server thread/ERROR] [CarryOn]: tschipp.carryon.common.handler.ModelOverridesHandler.initOverrides(ModelOverridesHandler.java:40)
[23:21:11] [Server thread/ERROR] [CarryOn]: tschipp.carryon.common.handler.RegistrationHandler.regOverrideList(RegistrationHandler.java:64)
[23:21:11] [Server thread/ERROR] [CarryOn]: tschipp.carryon.common.CommonProxy.init(CommonProxy.java:54)
[23:21:11] [Server thread/ERROR] [CarryOn]: tschipp.carryon.CarryOn.init(CarryOn.java:59)
[23:21:11] [Server thread/ERROR] [CarryOn]: sun.reflect.NativeMethodAccessorImpl.invoke0(Native Method)
[23:21:11] [Server thread/ERROR] [CarryOn]: sun.reflect.NativeMethodAccessorImpl.invoke(NativeMethodAccessorImpl.java:62)
[23:21:11] [Server thread/ERROR] [CarryOn]: sun.reflect.DelegatingMethodAccessorImpl.invoke(DelegatingMethodAccessorImpl.java:43)
[23:21:11] [Server thread/ERROR] [CarryOn]: java.lang.reflect.Method.invoke(Method.java:498)
[23:21:11] [Server thread/ERROR] [CarryOn]: net.minecraftforge.fml.common.FMLModContainer.handleModStateEvent(FMLModContainer.java:637)
[23:21:11] [Server thread/ERROR] [CarryOn]: 31 more...
[23:21:11] [Server thread/INFO] [CarryOn]: 
[23:21:12] [Server thread/INFO] [movingworld]: Setting up network...
[23:21:12] [Server thread/INFO] [STDOUT]: [pl.asie.foamfix.coremod.FoamFixTransformer:spliceClasses:114]: Spliced in METHOD: net.minecraftforge.fml.common.network.ByteBufUtils.writeUTF8String
[23:21:12] [Server thread/INFO] [movingworld]: Setup network! com.elytradev.movingworld.repackage.com.elytradev.concrete.network.NetworkContext@72edf74a
[23:21:12] [Server thread/INFO] [davincisvessels]: Setting up network...
[23:21:12] [Server thread/INFO] [davincisvessels]: Setup network! com.elytradev.movingworld.repackage.com.elytradev.concrete.network.NetworkContext@4e02a6a5
[23:21:12] [Server thread/WARN] [FML]: Potentially Dangerous alternative prefix `minecraft` for name `archihelm`, expected `davincisvessels`. This could be a intended override, but in most cases indicates a broken mod.
[23:21:12] [Server thread/WARN] [FML]: Potentially Dangerous alternative prefix `minecraft` for name `archigauge`, expected `davincisvessels`. This could be a intended override, but in most cases indicates a broken mod.
[23:21:12] [Server thread/WARN] [FML]: Potentially Dangerous alternative prefix `minecraft` for name `archicrate`, expected `davincisvessels`. This could be a intended override, but in most cases indicates a broken mod.
[23:21:12] [Server thread/WARN] [FML]: Potentially Dangerous alternative prefix `minecraft` for name `archiengine`, expected `davincisvessels`. This could be a intended override, but in most cases indicates a broken mod.
[23:21:12] [Server thread/WARN] [FML]: Potentially Dangerous alternative prefix `minecraft` for name `archianchor`, expected `davincisvessels`. This could be a intended override, but in most cases indicates a broken mod.
[23:21:12] [Server thread/WARN] [FML]: Potentially Dangerous alternative prefix `minecraft` for name `archisecuredbed`, expected `davincisvessels`. This could be a intended override, but in most cases indicates a broken mod.
[23:21:12] [Server thread/INFO] [biggerpacketsplz.ClassTransformer]: Transforming class 'gy', alias 'net.minecraft.network.PacketBuffer'
[23:21:12] [Server thread/INFO] [biggerpacketsplz.ClassTransformer]: Scanning method 'j()Lfy;'
[23:21:12] [Server thread/INFO] [biggerpacketsplz.ClassTransformer]: Patching constant (java.lang.Long) 2097152
[23:21:12] [Server thread/INFO] [STDOUT]: [pl.asie.foamfix.coremod.FoamFixTransformer:spliceClasses:114]: Spliced in METHOD: net.minecraft.network.PacketBuffer.func_180714_a
[23:21:12] [Server thread/INFO] [STDOUT]: [lieutenant.core.Lieutenant:init:30]: lieutenant is loading!
[23:21:12] [Server thread/INFO] [harvestcraft]: minecraft:ocean;OCEAN;0.5;false;false;false;[WATER, OCEAN]
[23:21:12] [Server thread/INFO] [harvestcraft]: minecraft:plains;MEDIUM;0.8;false;false;false;[PLAINS]
[23:21:12] [Server thread/INFO] [harvestcraft]: minecraft:desert;WARM;2.0;false;false;false;[DRY, SANDY, HOT]
[23:21:12] [Server thread/INFO] [harvestcraft]: minecraft:extreme_hills;MEDIUM;0.2;false;false;false;[HILLS, MOUNTAIN]
[23:21:12] [Server thread/INFO] [harvestcraft]: minecraft:forest;MEDIUM;0.7;false;false;false;[FOREST]
[23:21:12] [Server thread/INFO] [harvestcraft]: minecraft:taiga;MEDIUM;0.25;false;false;false;[COLD, FOREST, CONIFEROUS]
[23:21:12] [Server thread/INFO] [harvestcraft]: minecraft:swampland;MEDIUM;0.8;true;false;false;[SWAMP, WET]
[23:21:12] [Server thread/INFO] [harvestcraft]: minecraft:river;MEDIUM;0.5;false;false;false;[WATER, RIVER]
[23:21:12] [Server thread/INFO] [harvestcraft]: minecraft:hell;WARM;2.0;false;false;false;[NETHER, DRY, HOT]
[23:21:12] [Server thread/INFO] [harvestcraft]: minecraft:sky;MEDIUM;0.5;false;false;false;[DRY, COLD, END]
[23:21:12] [Server thread/INFO] [harvestcraft]: minecraft:frozen_ocean;OCEAN;0.0;false;false;true;[WATER, COLD, SNOWY, OCEAN]
[23:21:12] [Server thread/INFO] [harvestcraft]: minecraft:frozen_river;COLD;0.0;false;false;true;[WATER, COLD, RIVER, SNOWY]
[23:21:12] [Server thread/INFO] [harvestcraft]: minecraft:ice_flats;COLD;0.0;false;false;true;[WASTELAND, COLD, SNOWY]
[23:21:12] [Server thread/INFO] [harvestcraft]: minecraft:ice_mountains;COLD;0.0;false;false;true;[COLD, SNOWY, MOUNTAIN]
[23:21:12] [Server thread/INFO] [harvestcraft]: minecraft:mushroom_island;MEDIUM;0.9;true;false;false;[RARE, MUSHROOM]
[23:21:12] [Server thread/INFO] [harvestcraft]: minecraft:mushroom_island_shore;MEDIUM;0.9;true;false;false;[BEACH, RARE, MUSHROOM]
[23:21:12] [Server thread/INFO] [harvestcraft]: minecraft:beaches;MEDIUM;0.8;false;false;false;[BEACH]
[23:21:12] [Server thread/INFO] [harvestcraft]: minecraft:desert_hills;WARM;2.0;false;false;false;[HILLS, DRY, SANDY, HOT]
[23:21:12] [Server thread/INFO] [harvestcraft]: minecraft:forest_hills;MEDIUM;0.7;false;false;false;[HILLS, FOREST]
[23:21:12] [Server thread/INFO] [harvestcraft]: minecraft:taiga_hills;MEDIUM;0.25;false;false;false;[HILLS, COLD, FOREST, CONIFEROUS]
[23:21:12] [Server thread/INFO] [harvestcraft]: minecraft:smaller_extreme_hills;MEDIUM;0.2;false;false;false;[MOUNTAIN]
[23:21:12] [Server thread/INFO] [harvestcraft]: minecraft:jungle;MEDIUM;0.95;true;false;false;[JUNGLE, HOT, DENSE, WET]
[23:21:12] [Server thread/INFO] [harvestcraft]: minecraft:jungle_hills;MEDIUM;0.95;true;false;false;[HILLS, JUNGLE, HOT, DENSE, WET]
[23:21:12] [Server thread/INFO] [harvestcraft]: minecraft:jungle_edge;MEDIUM;0.95;false;false;false;[RARE, JUNGLE, HOT, FOREST, WET]
[23:21:12] [Server thread/INFO] [harvestcraft]: minecraft:deep_ocean;OCEAN;0.5;false;false;false;[WATER, OCEAN]
[23:21:12] [Server thread/INFO] [harvestcraft]: minecraft:stone_beach;MEDIUM;0.2;false;false;false;[BEACH]
[23:21:12] [Server thread/INFO] [harvestcraft]: minecraft:cold_beach;COLD;0.05;false;false;true;[BEACH, COLD, SNOWY]
[23:21:12] [Server thread/INFO] [harvestcraft]: minecraft:birch_forest;MEDIUM;0.6;false;false;false;[BIRCH_TREES, FOREST, THEMED_TREES]
[23:21:12] [Server thread/INFO] [harvestcraft]: minecraft:birch_forest_hills;MEDIUM;0.6;false;false;false;[HILLS, BIRCH_TREES, FOREST, THEMED_TREES]
[23:21:12] [Server thread/INFO] [harvestcraft]: minecraft:roofed_forest;MEDIUM;0.7;false;false;false;[BIRCH_TREES, DENSE, FOREST, SPOOKY, THEMED_TREES]
[23:21:12] [Server thread/INFO] [harvestcraft]: minecraft:taiga_cold;COLD;-0.5;false;false;true;[COLD, FOREST, SNOWY, CONIFEROUS]
[23:21:12] [Server thread/INFO] [harvestcraft]: minecraft:taiga_cold_hills;COLD;-0.5;false;false;true;[HILLS, COLD, FOREST, SNOWY, CONIFEROUS]
[23:21:12] [Server thread/INFO] [harvestcraft]: minecraft:redwood_taiga;MEDIUM;0.3;false;false;false;[MEGA_TAIGA_TREES, COLD, FOREST, THEMED_TREES, CONIFEROUS]
[23:21:12] [Server thread/INFO] [harvestcraft]: minecraft:redwood_taiga_hills;MEDIUM;0.3;false;false;false;[HILLS, MEGA_TAIGA_TREES, COLD, FOREST, THEMED_TREES, CONIFEROUS]
[23:21:12] [Server thread/INFO] [harvestcraft]: minecraft:extreme_hills_with_trees;MEDIUM;0.2;false;false;false;[SPARSE, FOREST, MOUNTAIN]
[23:21:12] [Server thread/INFO] [harvestcraft]: minecraft:savanna;WARM;1.2;false;false;false;[SPARSE, HOT, PLAINS, SAVANNA]
[23:21:12] [Server thread/INFO] [harvestcraft]: minecraft:savanna_rock;WARM;1.0;false;false;false;[SPARSE, RARE, HOT, PLAINS, SAVANNA]
[23:21:12] [Server thread/INFO] [harvestcraft]: minecraft:mesa;WARM;2.0;false;false;false;[DRY, SANDY, MESA]
[23:21:12] [Server thread/INFO] [harvestcraft]: minecraft:mesa_rock;WARM;2.0;false;false;false;[SPARSE, DRY, SANDY, MESA]
[23:21:12] [Server thread/INFO] [harvestcraft]: minecraft:mesa_clear_rock;WARM;2.0;false;false;false;[DRY, SANDY, MESA]
[23:21:12] [Server thread/INFO] [harvestcraft]: minecraft:void;MEDIUM;0.5;false;false;false;[VOID]
[23:21:12] [Server thread/INFO] [harvestcraft]: minecraft:mutated_plains;MEDIUM;0.8;false;true;false;[RARE, PLAINS]
[23:21:12] [Server thread/INFO] [harvestcraft]: minecraft:mutated_desert;WARM;2.0;false;true;false;[DRY, SANDY, RARE, HOT]
[23:21:12] [Server thread/INFO] [harvestcraft]: minecraft:mutated_extreme_hills;MEDIUM;0.2;false;true;false;[SPARSE, RARE, MOUNTAIN]
[23:21:12] [Server thread/INFO] [harvestcraft]: minecraft:mutated_forest;MEDIUM;0.7;false;true;false;[HILLS, RARE, FOREST]
[23:21:12] [Server thread/INFO] [harvestcraft]: minecraft:mutated_taiga;MEDIUM;0.25;false;true;false;[RARE, COLD, FOREST, CONIFEROUS, MOUNTAIN]
[23:21:12] [Server thread/INFO] [harvestcraft]: minecraft:mutated_swampland;MEDIUM;0.8;true;true;false;[HILLS, RARE, SWAMP, WET]
[23:21:12] [Server thread/INFO] [harvestcraft]: minecraft:mutated_ice_flats;COLD;0.0;false;true;true;[HILLS, RARE, COLD, SNOWY]
[23:21:12] [Server thread/INFO] [harvestcraft]: minecraft:mutated_jungle;MEDIUM;0.95;true;true;false;[RARE, JUNGLE, HOT, DENSE, MOUNTAIN, WET]
[23:21:12] [Server thread/INFO] [harvestcraft]: minecraft:mutated_jungle_edge;MEDIUM;0.95;false;true;false;[HILLS, SPARSE, RARE, JUNGLE, HOT]
[23:21:12] [Server thread/INFO] [harvestcraft]: minecraft:mutated_birch_forest;MEDIUM;0.6;false;true;false;[HILLS, RARE, FOREST, DENSE, SUPER_BIRCH_TREES, THEMED_TREES]
[23:21:12] [Server thread/INFO] [harvestcraft]: minecraft:mutated_birch_forest_hills;MEDIUM;0.6;false;true;false;[RARE, FOREST, DENSE, SUPER_BIRCH_TREES, THEMED_TREES, MOUNTAIN]
[23:21:12] [Server thread/INFO] [harvestcraft]: minecraft:mutated_roofed_forest;MEDIUM;0.7;false;true;false;[RARE, DENSE, FOREST, SPOOKY, MOUNTAIN]
[23:21:12] [Server thread/INFO] [harvestcraft]: minecraft:mutated_taiga_cold;COLD;-0.5;false;true;true;[RARE, COLD, FOREST, SNOWY, CONIFEROUS, MOUNTAIN]
[23:21:12] [Server thread/INFO] [harvestcraft]: minecraft:mutated_redwood_taiga;MEDIUM;0.25;false;true;false;[RARE, MEGA_TAIGA_SPRUCE_TREES, DENSE, FOREST, THEMED_TREES]
[23:21:12] [Server thread/INFO] [harvestcraft]: minecraft:mutated_redwood_taiga_hills;MEDIUM;0.25;false;true;false;[HILLS, RARE, MEGA_TAIGA_SPRUCE_TREES, DENSE, FOREST, THEMED_TREES]
[23:21:12] [Server thread/INFO] [harvestcraft]: minecraft:mutated_extreme_hills_with_trees;MEDIUM;0.2;false;true;false;[SPARSE, RARE, MOUNTAIN]
[23:21:12] [Server thread/INFO] [harvestcraft]: minecraft:mutated_savanna;WARM;1.1;false;true;false;[SPARSE, DRY, RARE, HOT, MOUNTAIN, SAVANNA]
[23:21:12] [Server thread/INFO] [harvestcraft]: minecraft:mutated_savanna_rock;WARM;1.0;false;true;false;[HILLS, SPARSE, DRY, RARE, HOT, SAVANNA]
[23:21:12] [Server thread/INFO] [harvestcraft]: minecraft:mutated_mesa;WARM;2.0;false;true;false;[SPARSE, DRY, RARE, HOT, MOUNTAIN]
[23:21:12] [Server thread/INFO] [harvestcraft]: minecraft:mutated_mesa_rock;WARM;2.0;false;true;false;[HILLS, SPARSE, DRY, RARE, HOT]
[23:21:12] [Server thread/INFO] [harvestcraft]: minecraft:mutated_mesa_clear_rock;WARM;2.0;false;true;false;[SPARSE, DRY, RARE, HOT, MOUNTAIN]
[23:21:12] [Server thread/INFO] [harvestcraft]: biomesoplenty:gravel_beach;MEDIUM;0.6;false;false;false;[BEACH]
[23:21:12] [Server thread/INFO] [harvestcraft]: biomesoplenty:white_beach;WARM;1.0;true;false;false;[BEACH]
[23:21:12] [Server thread/INFO] [harvestcraft]: biomesoplenty:origin_beach;MEDIUM;0.6;false;false;false;[BEACH, RARE]
[23:21:12] [Server thread/INFO] [harvestcraft]: biomesoplenty:alps;COLD;-0.25;false;false;true;[DRY, COLD, SNOWY, MOUNTAIN]
[23:21:12] [Server thread/INFO] [harvestcraft]: biomesoplenty:bamboo_forest;MEDIUM;0.9;false;false;false;[JUNGLE, FOREST, DENSE, WET]
[23:21:12] [Server thread/INFO] [harvestcraft]: biomesoplenty:bayou;MEDIUM;0.95;true;false;false;[SWAMP, HOT, DENSE, WET]
[23:21:12] [Server thread/INFO] [harvestcraft]: biomesoplenty:bog;MEDIUM;0.5;true;false;false;[SWAMP, FOREST, COLD, WET]
[23:21:12] [Server thread/INFO] [harvestcraft]: biomesoplenty:boreal_forest;MEDIUM;0.3;false;false;false;[HILLS, FOREST, COLD, DENSE, CONIFEROUS]
[23:21:12] [Server thread/INFO] [harvestcraft]: biomesoplenty:brushland;WARM;1.5;false;false;false;[SPARSE, DRY, HOT, SAVANNA]
[23:21:12] [Server thread/INFO] [harvestcraft]: biomesoplenty:chaparral;MEDIUM;0.8;false;false;false;[DRY, PLAINS]
[23:21:12] [Server thread/INFO] [harvestcraft]: biomesoplenty:cherry_blossom_grove;MEDIUM;0.55;false;false;false;[MAGICAL, FOREST, DENSE, LUSH, WET]
[23:21:12] [Server thread/INFO] [harvestcraft]: biomesoplenty:cold_desert;MEDIUM;0.2;false;false;false;[DRY, COLD, SNOWY]
[23:21:12] [Server thread/INFO] [harvestcraft]: biomesoplenty:coniferous_forest;MEDIUM;0.45;false;false;false;[FOREST, COLD, DENSE, CONIFEROUS]
[23:21:12] [Server thread/INFO] [harvestcraft]: biomesoplenty:crag;MEDIUM;0.5;false;false;false;[HILLS, WASTELAND, MAGICAL, DRY, COLD, MOUNTAIN]
[23:21:12] [Server thread/INFO] [harvestcraft]: biomesoplenty:dead_forest;MEDIUM;0.3;false;false;false;[SPARSE, DRY, FOREST, COLD, DEAD]
[23:21:12] [Server thread/INFO] [harvestcraft]: biomesoplenty:dead_swamp;MEDIUM;0.6;true;false;false;[SPARSE, SWAMP, COLD, SPOOKY, DEAD, WET]
[23:21:12] [Server thread/INFO] [harvestcraft]: biomesoplenty:eucalyptus_forest;MEDIUM;0.95;true;false;false;[JUNGLE, FOREST, DENSE, LUSH, WET]
[23:21:12] [Server thread/INFO] [harvestcraft]: biomesoplenty:fen;MEDIUM;0.4;false;false;false;[SWAMP, FOREST, COLD, DENSE, DEAD, WET]
[23:21:12] [Server thread/INFO] [harvestcraft]: biomesoplenty:flower_field;MEDIUM;0.7;false;false;false;[PLAINS, LUSH]
[23:21:12] [Server thread/INFO] [harvestcraft]: biomesoplenty:grassland;MEDIUM;0.6;false;false;false;[HILLS, PLAINS, WET]
[23:21:12] [Server thread/INFO] [harvestcraft]: biomesoplenty:grove;MEDIUM;0.6;false;false;false;[SPARSE, FOREST, PLAINS, LUSH, WET]
[23:21:12] [Server thread/INFO] [harvestcraft]: biomesoplenty:highland;MEDIUM;0.6;false;false;false;[HILLS, MOUNTAIN, WET]
[23:21:12] [Server thread/INFO] [harvestcraft]: biomesoplenty:land_of_lakes;MEDIUM;0.5;true;false;false;[SWAMP, FOREST, DENSE, WET]
[23:21:12] [Server thread/INFO] [harvestcraft]: biomesoplenty:lavender_fields;MEDIUM;0.7;false;false;false;[MAGICAL, PLAINS, LUSH]
[23:21:12] [Server thread/INFO] [harvestcraft]: biomesoplenty:lush_desert;WARM;1.2;false;false;false;[SPARSE, DRY, SANDY, HOT, LUSH, SAVANNA]
[23:21:12] [Server thread/INFO] [harvestcraft]: biomesoplenty:lush_swamp;MEDIUM;0.7;true;false;false;[SWAMP, DENSE, LUSH, WET]
[23:21:12] [Server thread/INFO] [harvestcraft]: biomesoplenty:mangrove;MEDIUM;0.85;false;false;false;[WATER, SWAMP, DENSE, LUSH, WET]
[23:21:12] [Server thread/INFO] [harvestcraft]: biomesoplenty:maple_woods;MEDIUM;0.25;false;false;false;[FOREST, COLD, DENSE, CONIFEROUS]
[23:21:12] [Server thread/INFO] [harvestcraft]: biomesoplenty:marsh;MEDIUM;0.6;false;false;false;[LUSH, WET]
[23:21:12] [Server thread/INFO] [harvestcraft]: biomesoplenty:meadow;MEDIUM;0.4;false;false;false;[SPARSE, FOREST, COLD, PLAINS, LUSH, WET]
[23:21:12] [Server thread/INFO] [harvestcraft]: biomesoplenty:moor;MEDIUM;0.6;true;false;false;[HILLS, SWAMP, WET]
[23:21:12] [Server thread/INFO] [harvestcraft]: biomesoplenty:mountain;MEDIUM;0.5;false;false;false;[SPARSE, DRY, FOREST, MOUNTAIN]
[23:21:12] [Server thread/INFO] [harvestcraft]: biomesoplenty:mystic_grove;MEDIUM;0.7;false;false;false;[MAGICAL, RARE, FOREST, DENSE, LUSH, WET]
[23:21:12] [Server thread/INFO] [harvestcraft]: biomesoplenty:ominous_woods;MEDIUM;0.6;false;false;false;[MAGICAL, RARE, FOREST, DENSE, SPOOKY, DEAD, WET]
[23:21:12] [Server thread/INFO] [harvestcraft]: biomesoplenty:orchard;MEDIUM;0.7;false;false;false;[FOREST, DENSE, PLAINS, LUSH]
[23:21:12] [Server thread/INFO] [harvestcraft]: biomesoplenty:outback;WARM;2.0;false;false;false;[SPARSE, DRY, SANDY, HOT, SAVANNA]
[23:21:12] [Server thread/INFO] [harvestcraft]: biomesoplenty:overgrown_cliffs;MEDIUM;0.95;false;false;false;[HILLS, JUNGLE, DENSE, LUSH, MOUNTAIN, WET]
[23:21:12] [Server thread/INFO] [harvestcraft]: biomesoplenty:prairie;MEDIUM;0.8;false;false;false;[SPARSE, DRY, PLAINS]
[23:21:12] [Server thread/INFO] [harvestcraft]: biomesoplenty:quagmire;MEDIUM;0.6;true;false;false;[WASTELAND, SWAMP, DEAD, WET]
[23:21:12] [Server thread/INFO] [harvestcraft]: biomesoplenty:rainforest;MEDIUM;0.95;true;false;false;[HILLS, JUNGLE, FOREST, DENSE, LUSH, WET]
[23:21:12] [Server thread/INFO] [harvestcraft]: biomesoplenty:redwood_forest;MEDIUM;0.7;false;false;false;[FOREST, DENSE]
[23:21:12] [Server thread/INFO] [harvestcraft]: biomesoplenty:sacred_springs;MEDIUM;0.85;true;false;false;[MAGICAL, RARE, JUNGLE, FOREST, DENSE, LUSH, WET]
[23:21:12] [Server thread/INFO] [harvestcraft]: biomesoplenty:seasonal_forest;MEDIUM;0.4;false;false;false;[FOREST, COLD, DENSE]
[23:21:12] [Server thread/INFO] [harvestcraft]: biomesoplenty:shield;MEDIUM;0.4;false;false;false;[FOREST, COLD, DENSE, WET]
[23:21:12] [Server thread/INFO] [harvestcraft]: biomesoplenty:shrubland;MEDIUM;0.6;false;false;false;[SPARSE, DRY, PLAINS]
[23:21:12] [Server thread/INFO] [harvestcraft]: biomesoplenty:snowy_coniferous_forest;COLD;-0.25;false;false;true;[FOREST, COLD, DENSE, SNOWY, CONIFEROUS]
[23:21:12] [Server thread/INFO] [harvestcraft]: biomesoplenty:snowy_forest;COLD;-0.25;false;false;true;[SPARSE, FOREST, COLD, SNOWY, WET]
[23:21:12] [Server thread/INFO] [harvestcraft]: biomesoplenty:steppe;MEDIUM;0.75;false;false;false;[DRY, SANDY, PLAINS]
[23:21:12] [Server thread/INFO] [harvestcraft]: biomesoplenty:temperate_rainforest;MEDIUM;0.75;true;false;false;[FOREST, DENSE, LUSH, WET]
[23:21:12] [Server thread/INFO] [harvestcraft]: biomesoplenty:tropical_rainforest;WARM;1.0;true;false;false;[JUNGLE, HOT, DENSE, LUSH, WET]
[23:21:12] [Server thread/INFO] [harvestcraft]: biomesoplenty:tundra;MEDIUM;0.2;false;false;false;[WASTELAND, SPARSE, COLD, DEAD, WET]
[23:21:12] [Server thread/INFO] [harvestcraft]: biomesoplenty:wasteland;WARM;2.0;false;false;false;[WASTELAND, SPARSE, DRY, DEAD]
[23:21:12] [Server thread/INFO] [harvestcraft]: biomesoplenty:wetland;MEDIUM;0.6;false;false;false;[SWAMP, FOREST, DENSE, LUSH, WET]
[23:21:12] [Server thread/INFO] [harvestcraft]: biomesoplenty:woodland;MEDIUM;0.7;false;false;false;[DRY, FOREST, DENSE]
[23:21:12] [Server thread/INFO] [harvestcraft]: biomesoplenty:xeric_shrubland;WARM;1.75;false;false;false;[SPARSE, DRY, SANDY, HOT, LUSH, SAVANNA]
[23:21:12] [Server thread/INFO] [harvestcraft]: biomesoplenty:alps_foothills;COLD;-0.25;false;false;true;[SPARSE, DRY, FOREST, COLD, SNOWY, MOUNTAIN]
[23:21:12] [Server thread/INFO] [harvestcraft]: biomesoplenty:mountain_foothills;MEDIUM;0.5;false;false;false;[HILLS, SPARSE, DRY, FOREST, MOUNTAIN]
[23:21:12] [Server thread/INFO] [harvestcraft]: biomesoplenty:redwood_forest_edge;MEDIUM;0.7;false;false;false;[FOREST, DENSE]
[23:21:12] [Server thread/INFO] [harvestcraft]: biomesoplenty:pasture;MEDIUM;0.8;false;false;false;[SPARSE, DRY, PLAINS]
[23:21:12] [Server thread/INFO] [harvestcraft]: biomesoplenty:glacier;COLD;-0.5;false;false;false;[WASTELAND, COLD, SNOWY]
[23:21:12] [Server thread/INFO] [harvestcraft]: biomesoplenty:oasis;WARM;2.0;false;false;false;[SPARSE, SANDY, JUNGLE, HOT, LUSH, WET]
[23:21:12] [Server thread/INFO] [harvestcraft]: biomesoplenty:snowy_tundra;COLD;0.0;false;false;false;[WASTELAND, SPARSE, COLD, SNOWY, DEAD, WET]
[23:21:12] [Server thread/INFO] [harvestcraft]: biomesoplenty:coral_reef;MEDIUM;0.5;false;false;false;[WATER, OCEAN]
[23:21:12] [Server thread/INFO] [harvestcraft]: biomesoplenty:kelp_forest;MEDIUM;0.5;false;false;false;[WATER, OCEAN]
[23:21:12] [Server thread/INFO] [harvestcraft]: biomesoplenty:origin_island;MEDIUM;0.6;false;false;false;[WATER, RARE, FOREST]
[23:21:12] [Server thread/INFO] [harvestcraft]: biomesoplenty:tropical_island;MEDIUM;0.95;true;false;false;[WATER, JUNGLE, DENSE, LUSH, WET]
[23:21:12] [Server thread/INFO] [harvestcraft]: biomesoplenty:volcanic_island;WARM;1.2;false;false;false;[WASTELAND, DRY, WATER, HOT, MOUNTAIN, DEAD]
[23:21:12] [Server thread/INFO] [harvestcraft]: biomesoplenty:flower_island;MEDIUM;0.8;false;false;false;[MAGICAL, WATER, DENSE, PLAINS, LUSH]
[23:21:12] [Server thread/INFO] [harvestcraft]: biomesoplenty:corrupted_sands;WARM;2.0;false;false;false;[NETHER, DRY, SANDY, HOT, DENSE]
[23:21:12] [Server thread/INFO] [harvestcraft]: biomesoplenty:fungi_forest;WARM;2.0;false;false;false;[NETHER, HOT, DENSE, MUSHROOM]
[23:21:12] [Server thread/INFO] [harvestcraft]: biomesoplenty:phantasmagoric_inferno;WARM;2.0;false;false;false;[WASTELAND, NETHER, MAGICAL, DRY, HOT, SPOOKY]
[23:21:12] [Server thread/INFO] [harvestcraft]: biomesoplenty:undergarden;WARM;2.0;false;false;false;[NETHER, HOT, LUSH]
[23:21:12] [Server thread/INFO] [harvestcraft]: biomesoplenty:visceral_heap;WARM;2.0;false;false;false;[NETHER, HOT, WET]
[23:21:12] [Server thread/WARN] [FML]: No types have been added to Biome appliedenergistics2:storage_biome, types have been assigned on a best-effort guess: [COLD, PLAINS]
[23:21:12] [Server thread/INFO] [harvestcraft]: appliedenergistics2:storage_biome;COLD;-100.0;false;true;false;[COLD, PLAINS]
[23:21:12] [Server thread/WARN] [FML]: No types have been added to Biome netherex:ruthless_sands, types have been assigned on a best-effort guess: [DRY, HOT, PLAINS, SAVANNA]
[23:21:12] [Server thread/INFO] [harvestcraft]: netherex:ruthless_sands;WARM;2.0;false;false;false;[DRY, HOT, PLAINS, SAVANNA]
[23:21:12] [Server thread/WARN] [FML]: No types have been added to Biome netherex:fungi_forest, types have been assigned on a best-effort guess: [DRY, HOT, PLAINS, SAVANNA]
[23:21:12] [Server thread/INFO] [harvestcraft]: netherex:fungi_forest;WARM;1.1;false;false;false;[DRY, HOT, PLAINS, SAVANNA]
[23:21:12] [Server thread/WARN] [FML]: No types have been added to Biome netherex:torrid_wasteland, types have been assigned on a best-effort guess: [DRY, HOT, PLAINS, SAVANNA]
[23:21:12] [Server thread/INFO] [harvestcraft]: netherex:torrid_wasteland;WARM;4.0;false;false;false;[DRY, HOT, PLAINS, SAVANNA]
[23:21:12] [Server thread/WARN] [FML]: No types have been added to Biome netherex:arctic_abyss, types have been assigned on a best-effort guess: [DRY, COLD, PLAINS]
[23:21:12] [Server thread/INFO] [harvestcraft]: netherex:arctic_abyss;COLD;0.0;false;false;false;[DRY, COLD, PLAINS]
[23:21:12] [Server thread/INFO] [harvestcraft]: srparasites:biome_parasite;MEDIUM;0.5;false;false;false;[SPOOKY]
[23:21:12] [Server thread/INFO] [harvestcraft]: Registering drops for shadedGarden.
[23:21:12] [Server thread/INFO] [harvestcraft]: Registering drops for tropicalGarden.
[23:21:12] [Server thread/INFO] [harvestcraft]: Registering drops for windyGarden.
[23:21:12] [Server thread/INFO] [harvestcraft]: Registering drops for frostGarden.
[23:21:12] [Server thread/INFO] [harvestcraft]: Registering drops for aridGarden.
[23:21:12] [Server thread/INFO] [harvestcraft]: Registering drops for soggyGarden.
[23:21:12] [Server thread/WARN] [FML]: Potentially Dangerous alternative prefix `minecraft` for name `pamapiary`, expected `harvestcraft`. This could be a intended override, but in most cases indicates a broken mod.
[23:21:12] [Server thread/WARN] [FML]: Potentially Dangerous alternative prefix `minecraft` for name `pammarket`, expected `harvestcraft`. This could be a intended override, but in most cases indicates a broken mod.
[23:21:12] [Server thread/WARN] [FML]: Potentially Dangerous alternative prefix `minecraft` for name `pamshippingbin`, expected `harvestcraft`. This could be a intended override, but in most cases indicates a broken mod.
[23:21:12] [Server thread/WARN] [FML]: Potentially Dangerous alternative prefix `minecraft` for name `pampresser`, expected `harvestcraft`. This could be a intended override, but in most cases indicates a broken mod.
[23:21:12] [Server thread/WARN] [FML]: Potentially Dangerous alternative prefix `minecraft` for name `pamgroundtrap`, expected `harvestcraft`. This could be a intended override, but in most cases indicates a broken mod.
[23:21:12] [Server thread/WARN] [FML]: Potentially Dangerous alternative prefix `minecraft` for name `pamwatertrap`, expected `harvestcraft`. This could be a intended override, but in most cases indicates a broken mod.
[23:21:12] [Server thread/WARN] [FML]: Potentially Dangerous alternative prefix `minecraft` for name `pamwaterfilter`, expected `harvestcraft`. This could be a intended override, but in most cases indicates a broken mod.
[23:21:12] [Server thread/WARN] [FML]: Potentially Dangerous alternative prefix `minecraft` for name `pamgrinder`, expected `harvestcraft`. This could be a intended override, but in most cases indicates a broken mod.
[23:21:12] [Server thread/INFO] [STDOUT]: [extratan.core.ExtraTAN:init:74]: extratan is loading!
[23:21:12] [Server thread/INFO] [foamfix]: Deduplicated 289 property sets.
[23:21:12] [Server thread/INFO] [foamfix]: Weakening LaunchWrapper resource cache...
[23:21:12] [Server thread/WARN] [FML]: Potentially Dangerous alternative prefix `minecraft` for name `avalon`, expected `ee`. This could be a intended override, but in most cases indicates a broken mod.
[23:21:12] [Server thread/INFO] [jjweaponconf]: init
[23:21:12] [Server thread/WARN] [FML]: Potentially Dangerous alternative prefix `quark` for name `trapdoor`, expected `mcwtrpdoors`. This could be a intended override, but in most cases indicates a broken mod.
[23:21:12] [Server thread/WARN] [FML]: Potentially Dangerous alternative prefix `futuremc` for name `oak_wooden_trapdoor`, expected `mcwtrpdoors`. This could be a intended override, but in most cases indicates a broken mod.
[23:21:12] [Server thread/INFO] [Mekanism]: Version 9.8.3 initializing...
[23:21:12] [Server thread/INFO] [Mekanism]: Loading complete.
[23:21:12] [Server thread/INFO] [Mekanism]: Mod loaded.
[23:21:12] [Server thread/INFO] [Mekanism]: Loaded MekanismGenerators module.
[23:21:12] [Server thread/INFO] [Mekanism]: Loaded 'Mekanism: Tools' module.
[23:21:13] [Server thread/INFO] [EC Core Plugin]: Minecraft <EnchantmentHelper.class> patched!
[23:21:13] [Server thread/INFO] [Quark ASM]: Transforming net.minecraft.enchantment.EnchantmentHelper
[23:21:13] [Server thread/INFO] [Quark ASM]: Applying Transformation to method (Names [getEnchantments, func_82781_a] Descriptor (Lnet/minecraft/item/ItemStack;)Ljava/util/Map;)
[23:21:13] [Server thread/INFO] [Quark ASM]: Located Method, patching...
[23:21:13] [Server thread/INFO] [Quark ASM]: Located patch target node INVOKEVIRTUAL net/minecraft/item/ItemStack.func_77986_q ()Lnet/minecraft/nbt/NBTTagList;
[23:21:13] [Server thread/INFO] [Quark ASM]: Patch result: true
[23:21:13] [Server thread/INFO] [STDOUT]: [com.Shultrea.Rin.Transformer.SMEASM:transform:48]: Patching EnchantmentHelper
[23:21:13] [Server thread/INFO] [reborncore]: Found 181 ores
[23:21:13] [Server thread/INFO] [reborncore]: Created new network wrapper rc&reborncore.&64769
[23:21:13] [Server thread/INFO] [reborncore]: Registed packet to rc&reborncore.&64769 side: SERVER id:0
[23:21:13] [Server thread/INFO] [reborncore]: Created new network wrapper rc&reborncore.&39932
[23:21:13] [Server thread/INFO] [reborncore]: Registed packet to rc&reborncore.&39932 side: CLIENT id:0
[23:21:13] [Server thread/INFO] [reborncore]: Registed packet to rc&reborncore.&39932 side: SERVER id:1
[23:21:13] [Server thread/INFO] [reborncore]: Registed packet to rc&reborncore.&39932 side: SERVER id:2
[23:21:13] [Server thread/INFO] [reborncore]: Registed packet to rc&reborncore.&39932 side: SERVER id:3
[23:21:13] [Server thread/INFO] [reborncore]: Registed packet to rc&reborncore.&39932 side: CLIENT id:4
[23:21:13] [Server thread/INFO] [reborncore]: Registed packet to rc&reborncore.&39932 side: CLIENT id:5
[23:21:13] [Server thread/INFO] [reborncore]: Registed packet to rc&reborncore.&39932 side: SERVER id:6
[23:21:13] [Server thread/INFO] [reborncore]: Registed packet to rc&reborncore.&39932 side: SERVER id:7
[23:21:13] [Server thread/INFO] [reborncore]: Registed packet to rc&reborncore.&39932 side: CLIENT id:8
[23:21:13] [Server thread/INFO] [reborncore]: Registed packet to rc&reborncore.&39932 side: CLIENT id:9
[23:21:13] [Server thread/INFO] [reborncore]: Registed packet to rc&reborncore.&39932 side: CLIENT id:10
[23:21:13] [Server thread/INFO] [reborncore]: Loaded registrys for net.minecraftforge.fml.common.event.FMLInitializationEvent in 0ms
[23:21:13] [Server thread/INFO] [serenetweaks]: Serene Tweaks is present, enjoy your winter wonderland!
[23:21:13] [Server thread/INFO] [Spartan Weaponry]: Registering OreDictionary entries
[23:21:13] [Server thread/INFO] [Spartan Weaponry]: Attempting to add new advancement triggers...
[23:21:13] [Server thread/INFO] [Spartan Weaponry]: New advancement triggers added successfully!
[23:21:13] [Server thread/INFO] [spawnercraft]: Recipes registered.
[23:21:13] [Server thread/INFO] [spawnercraft]: init finished.
[23:21:13] [Server thread/INFO] [Tickrate Changer]: Updating server tickrate to 20.0
[23:21:13] [Server thread/INFO] [travelersbackpack]: Found a integration for mod Tough As Nails
[23:21:13] [Server thread/INFO] [travelersbackpack]: Mod integrations found: [Tough As Nails]
[23:21:13] [Server thread/INFO] [travelersbackpack]: Registered the class com.tiviacz.tbintegration.tan.TANPurifiedWaterEffect as a FluidEffect for purified_water with the ID 4
[23:21:13] [Server thread/INFO] [travelersbackpack]: Registered the class com.tiviacz.tbintegration.tan.TANPurifiedWaterInventoryRecipes$TANPurifiedWaterInventoryRecipeIn as a InventoryRecipe for Purified Water Bottle with the ID 0
[23:21:13] [Server thread/INFO] [travelersbackpack]: Registered the class com.tiviacz.tbintegration.tan.TANPurifiedWaterInventoryRecipes$TANPurifiedWaterInventoryRecipeOut as a InventoryRecipe for Glass Bottle with the ID 1
[23:21:13] [Server thread/INFO] [xaero.minimap.XaeroMinimap]: Loading Xaero's Minimap - Stage 1/2 (Server)
[23:21:13] [Server thread/INFO] [xaero.map.WorldMap]: Loading Xaero's World Map - Stage 1/2 (Server)
[23:21:13] [Server thread/INFO] [additions]: Initializing addons.
[23:21:13] [Server thread/INFO] [additions]: Initializing addon blocks.
[23:21:13] [Server thread/INFO] [additions]: Registering item models.
[23:21:13] [Server thread/INFO] [additions]: Initializing addon items.
[23:21:13] [Server thread/INFO] [additions]: Initializing addon item materials.
[23:21:13] [Server thread/INFO] [additions]: Loading addon creative tabs.
[23:21:13] [Server thread/INFO] [additions]: Loading addon loot tables.
[23:21:13] [Server thread/INFO] [additions]: Loading addon recipes.
[23:21:13] [Server thread/INFO] [additions]: Loading addon structures.
[23:21:13] [Server thread/INFO] [additions]: Loading addon functions.
[23:21:13] [Server thread/INFO] [additions]: Loading addon advancements.
[23:21:13] [Server thread/INFO] [additions]: Loading addon effects.
[23:21:14] [Server thread/INFO] [Mekanism]: mekores added recipe of type ChemicalDissolutionChamber to the recipe list.
[23:21:14] [Server thread/INFO] [Mekanism]: mekores added recipe of type ChemicalWasher to the recipe list.
[23:21:14] [Server thread/INFO] [Mekanism]: mekores added recipe of type ChemicalCrystallizer to the recipe list.
[23:21:14] [Server thread/INFO] [Mekanism]: mekores added recipe of type ChemicalInjectionChamber to the recipe list.
[23:21:14] [Server thread/INFO] [Mekanism]: mekores added recipe of type ChemicalInjectionChamber to the recipe list.
[23:21:14] [Server thread/INFO] [Mekanism]: mekores added recipe of type PurificationChamber to the recipe list.
[23:21:14] [Server thread/INFO] [Mekanism]: mekores added recipe of type PurificationChamber to the recipe list.
[23:21:14] [Server thread/INFO] [Mekanism]: mekores added recipe of type Crusher to the recipe list.
[23:21:14] [Server thread/INFO] [Mekanism]: mekores added recipe of type EnrichmentChamber to the recipe list.
[23:21:14] [Server thread/INFO] [Mekanism]: mekores added recipe of type EnrichmentChamber to the recipe list.
[23:21:14] [Server thread/INFO] [Mekanism]: mekores added recipe of type Combiner to the recipe list.
[23:21:14] [Server thread/INFO] [Mekanism]: mekores added recipe of type ChemicalDissolutionChamber to the recipe list.
[23:21:14] [Server thread/INFO] [Mekanism]: mekores added recipe of type ChemicalWasher to the recipe list.
[23:21:14] [Server thread/INFO] [Mekanism]: mekores added recipe of type ChemicalCrystallizer to the recipe list.
[23:21:14] [Server thread/INFO] [Mekanism]: mekores added recipe of type ChemicalInjectionChamber to the recipe list.
[23:21:14] [Server thread/INFO] [Mekanism]: mekores added recipe of type ChemicalInjectionChamber to the recipe list.
[23:21:14] [Server thread/INFO] [Mekanism]: mekores added recipe of type PurificationChamber to the recipe list.
[23:21:14] [Server thread/INFO] [Mekanism]: mekores added recipe of type PurificationChamber to the recipe list.
[23:21:14] [Server thread/INFO] [Mekanism]: mekores added recipe of type Crusher to the recipe list.
[23:21:14] [Server thread/INFO] [Mekanism]: mekores added recipe of type EnrichmentChamber to the recipe list.
[23:21:14] [Server thread/INFO] [Mekanism]: mekores added recipe of type EnrichmentChamber to the recipe list.
[23:21:14] [Server thread/INFO] [Mekanism]: mekores added recipe of type Combiner to the recipe list.
[23:21:14] [Server thread/INFO] [Mekanism]: mekores added recipe of type ChemicalDissolutionChamber to the recipe list.
[23:21:14] [Server thread/INFO] [Mekanism]: mekores added recipe of type ChemicalWasher to the recipe list.
[23:21:14] [Server thread/INFO] [Mekanism]: mekores added recipe of type ChemicalCrystallizer to the recipe list.
[23:21:14] [Server thread/INFO] [Mekanism]: mekores added recipe of type ChemicalInjectionChamber to the recipe list.
[23:21:14] [Server thread/INFO] [Mekanism]: mekores added recipe of type ChemicalInjectionChamber to the recipe list.
[23:21:14] [Server thread/INFO] [Mekanism]: mekores added recipe of type PurificationChamber to the recipe list.
[23:21:14] [Server thread/INFO] [Mekanism]: mekores added recipe of type PurificationChamber to the recipe list.
[23:21:14] [Server thread/INFO] [Mekanism]: mekores added recipe of type Crusher to the recipe list.
[23:21:14] [Server thread/INFO] [Mekanism]: mekores added recipe of type EnrichmentChamber to the recipe list.
[23:21:14] [Server thread/INFO] [Mekanism]: mekores added recipe of type EnrichmentChamber to the recipe list.
[23:21:14] [Server thread/INFO] [Mekanism]: mekores added recipe of type Combiner to the recipe list.
[23:21:14] [Server thread/INFO] [Mekanism]: mekores added recipe of type ChemicalDissolutionChamber to the recipe list.
[23:21:14] [Server thread/INFO] [Mekanism]: mekores added recipe of type ChemicalWasher to the recipe list.
[23:21:14] [Server thread/INFO] [Mekanism]: mekores added recipe of type ChemicalCrystallizer to the recipe list.
[23:21:14] [Server thread/INFO] [Mekanism]: mekores added recipe of type ChemicalInjectionChamber to the recipe list.
[23:21:14] [Server thread/INFO] [Mekanism]: mekores added recipe of type ChemicalInjectionChamber to the recipe list.
[23:21:14] [Server thread/INFO] [Mekanism]: mekores added recipe of type PurificationChamber to the recipe list.
[23:21:14] [Server thread/INFO] [Mekanism]: mekores added recipe of type PurificationChamber to the recipe list.
[23:21:14] [Server thread/INFO] [Mekanism]: mekores added recipe of type Crusher to the recipe list.
[23:21:14] [Server thread/INFO] [Mekanism]: mekores added recipe of type EnrichmentChamber to the recipe list.
[23:21:14] [Server thread/INFO] [Mekanism]: mekores added recipe of type EnrichmentChamber to the recipe list.
[23:21:14] [Server thread/INFO] [Mekanism]: mekores added recipe of type Combiner to the recipe list.
[23:21:14] [Server thread/INFO] [Mekanism]: mekores added recipe of type ChemicalDissolutionChamber to the recipe list.
[23:21:14] [Server thread/INFO] [Mekanism]: mekores added recipe of type ChemicalWasher to the recipe list.
[23:21:14] [Server thread/INFO] [Mekanism]: mekores added recipe of type ChemicalCrystallizer to the recipe list.
[23:21:14] [Server thread/INFO] [Mekanism]: mekores added recipe of type ChemicalInjectionChamber to the recipe list.
[23:21:14] [Server thread/INFO] [Mekanism]: mekores added recipe of type ChemicalInjectionChamber to the recipe list.
[23:21:14] [Server thread/INFO] [Mekanism]: mekores added recipe of type PurificationChamber to the recipe list.
[23:21:14] [Server thread/INFO] [Mekanism]: mekores added recipe of type PurificationChamber to the recipe list.
[23:21:14] [Server thread/INFO] [Mekanism]: mekores added recipe of type Crusher to the recipe list.
[23:21:14] [Server thread/INFO] [Mekanism]: mekores added recipe of type EnrichmentChamber to the recipe list.
[23:21:14] [Server thread/INFO] [Mekanism]: mekores added recipe of type EnrichmentChamber to the recipe list.
[23:21:14] [Server thread/INFO] [Mekanism]: mekores added recipe of type Combiner to the recipe list.
[23:21:14] [Server thread/INFO] [FML]: Injecting itemstacks
[23:21:14] [Server thread/INFO] [FML]: Itemstack injection complete
[23:21:14] [Server thread/INFO] [hordes]: Loaded entity srparasites:rupter as class com.dhanantry.scapeandrunparasites.entity.monster.inborn.EntityMudo with weight 70, min day 0 and max day 40
[23:21:14] [Server thread/INFO] [hordes]: Loaded entity srparasites:sim_human as class com.dhanantry.scapeandrunparasites.entity.monster.infected.EntityInfHuman with weight 40, min day 0 and max day 40
[23:21:14] [Server thread/INFO] [hordes]: Loaded entity srparasites:sim_villager as class com.dhanantry.scapeandrunparasites.entity.monster.infected.EntityInfVillager with weight 40, min day 0 and max day 40
[23:21:14] [Server thread/INFO] [hordes]: Loaded entity srparasites:sim_cow as class com.dhanantry.scapeandrunparasites.entity.monster.infected.EntityInfCow with weight 40, min day 0 and max day 40
[23:21:14] [Server thread/INFO] [hordes]: Loaded entity srparasites:sim_pig as class com.dhanantry.scapeandrunparasites.entity.monster.infected.EntityInfPig with weight 40, min day 0 and max day 40
[23:21:14] [Server thread/INFO] [hordes]: Loaded entity srparasites:sim_sheep as class com.dhanantry.scapeandrunparasites.entity.monster.infected.EntityInfSheep with weight 40, min day 0 and max day 40
[23:21:14] [Server thread/INFO] [hordes]: Loaded entity srparasites:sim_wolf as class com.dhanantry.scapeandrunparasites.entity.monster.infected.EntityInfWolf with weight 20, min day 0 and max day 40
[23:21:14] [Server thread/INFO] [hordes]: Loaded entity srparasites:sim_horse as class com.dhanantry.scapeandrunparasites.entity.monster.infected.EntityInfHorse with weight 20, min day 0 and max day 40
[23:21:14] [Server thread/INFO] [hordes]: Loaded entity srparasites:sim_bigspider as class com.dhanantry.scapeandrunparasites.entity.monster.infected.EntityDorpa with weight 5, min day 0 and max day 40
[23:21:14] [Server thread/INFO] [hordes]: Loaded entity srparasites:sim_bear as class com.dhanantry.scapeandrunparasites.entity.monster.infected.EntityInfBear with weight 5, min day 0 and max day 40
[23:21:14] [Server thread/INFO] [hordes]: Loaded entity srparasites:rupter as class com.dhanantry.scapeandrunparasites.entity.monster.inborn.EntityMudo with weight 70, min day 59 and max day 75
[23:21:14] [Server thread/INFO] [hordes]: Loaded entity srparasites:sim_wolf as class com.dhanantry.scapeandrunparasites.entity.monster.infected.EntityInfWolf with weight 50, min day 59 and max day 75
[23:21:14] [Server thread/INFO] [hordes]: Loaded entity srparasites:sim_horse as class com.dhanantry.scapeandrunparasites.entity.monster.infected.EntityInfHorse with weight 50, min day 59 and max day 75
[23:21:14] [Server thread/INFO] [hordes]: Loaded entity srparasites:sim_bigspider as class com.dhanantry.scapeandrunparasites.entity.monster.infected.EntityDorpa with weight 50, min day 59 and max day 75
[23:21:14] [Server thread/INFO] [hordes]: Loaded entity srparasites:sim_bear as class com.dhanantry.scapeandrunparasites.entity.monster.infected.EntityInfBear with weight 50, min day 59 and max day 75
[23:21:14] [Server thread/INFO] [hordes]: Loaded entity srparasites:sim_enderman as class com.dhanantry.scapeandrunparasites.entity.monster.infected.EntityInfEnderman with weight 20, min day 59 and max day 75
[23:21:14] [Server thread/INFO] [hordes]: Loaded entity srparasites:pri_longarms as class com.dhanantry.scapeandrunparasites.entity.monster.primitive.EntityShyco with weight 20, min day 59 and max day 75
[23:21:14] [Server thread/INFO] [hordes]: Loaded entity srparasites:pri_summoner as class com.dhanantry.scapeandrunparasites.entity.monster.primitive.EntityCanra with weight 20, min day 59 and max day 75
[23:21:14] [Server thread/INFO] [hordes]: Loaded entity srparasites:pri_bolster as class com.dhanantry.scapeandrunparasites.entity.monster.primitive.EntityBano with weight 20, min day 59 and max day 75
[23:21:14] [Server thread/INFO] [hordes]: Loaded entity srparasites:pri_reeker as class com.dhanantry.scapeandrunparasites.entity.monster.primitive.EntityNogla with weight 20, min day 59 and max day 75
[23:21:14] [Server thread/INFO] [hordes]: Loaded entity srparasites:pri_yelloweye as class com.dhanantry.scapeandrunparasites.entity.monster.primitive.EntityEmana with weight 20, min day 59 and max day 75
[23:21:14] [Server thread/INFO] [hordes]: Loaded entity srparasites:pri_vermin as class com.dhanantry.scapeandrunparasites.entity.monster.primitive.EntityIki with weight 20, min day 59 and max day 75
[23:21:14] [Server thread/INFO] [hordes]: Loaded entity srparasites:pri_tozoon as class com.dhanantry.scapeandrunparasites.entity.monster.primitive.EntityWymo with weight 20, min day 59 and max day 75
[23:21:14] [Server thread/INFO] [hordes]: Loaded entity srparasites:pri_arachnida as class com.dhanantry.scapeandrunparasites.entity.monster.primitive.EntityRanrac with weight 20, min day 59 and max day 75
[23:21:14] [Server thread/INFO] [hordes]: Loaded entity srparasites:pri_manducater as class com.dhanantry.scapeandrunparasites.entity.monster.primitive.EntityHull with weight 20, min day 59 and max day 75
[23:21:14] [Server thread/INFO] [hordes]: Loaded entity srparasites:fer_human as class com.dhanantry.scapeandrunparasites.entity.monster.feral.EntityFerHuman with weight 70, min day 89 and max day 105
[23:21:14] [Server thread/INFO] [hordes]: Loaded entity srparasites:fer_villager as class com.dhanantry.scapeandrunparasites.entity.monster.feral.EntityFerVillager with weight 70, min day 89 and max day 105
[23:21:14] [Server thread/INFO] [hordes]: Loaded entity srparasites:fer_cow as class com.dhanantry.scapeandrunparasites.entity.monster.feral.EntityFerCow with weight 70, min day 89 and max day 105
[23:21:14] [Server thread/INFO] [hordes]: Loaded entity srparasites:fer_pig as class com.dhanantry.scapeandrunparasites.entity.monster.feral.EntityFerPig with weight 70, min day 89 and max day 105
[23:21:14] [Server thread/INFO] [hordes]: Loaded entity srparasites:fer_sheep as class com.dhanantry.scapeandrunparasites.entity.monster.feral.EntityFerSheep with weight 70, min day 89 and max day 105
[23:21:14] [Server thread/INFO] [hordes]: Loaded entity srparasites:fer_horse as class com.dhanantry.scapeandrunparasites.entity.monster.feral.EntityFerHorse with weight 70, min day 89 and max day 105
[23:21:14] [Server thread/ERROR] [hordes]: Error adding entity srparasites:fer_bigspider null Entity hordes:default is not registered
java.lang.Exception: Entity hordes:default is not registered
	at net.smileycorp.hordes.hordeevent.HordeSpawnTable.deserialize(HordeSpawnTable.java:127) [HordeSpawnTable.class:1.12.2-1.5.3a]
	at net.smileycorp.hordes.config.data.hordeevent.HordeTableLoader.loadTables(HordeTableLoader.java:47) [HordeTableLoader.class:1.12.2-1.5.3a]
	at net.smileycorp.hordes.common.CommonProxy.postInit(CommonProxy.java:67) [CommonProxy.class:1.12.2-1.5.3a]
	at net.smileycorp.hordes.common.Hordes.postInit(Hordes.java:33) [Hordes.class:1.12.2-1.5.3a]
	at sun.reflect.NativeMethodAccessorImpl.invoke0(Native Method) ~[?:1.8.0_492]
	at sun.reflect.NativeMethodAccessorImpl.invoke(NativeMethodAccessorImpl.java:62) ~[?:1.8.0_492]
	at sun.reflect.DelegatingMethodAccessorImpl.invoke(DelegatingMethodAccessorImpl.java:43) ~[?:1.8.0_492]
	at java.lang.reflect.Method.invoke(Method.java:498) ~[?:1.8.0_492]
	at net.minecraftforge.fml.common.FMLModContainer.handleModStateEvent(FMLModContainer.java:637) [FMLModContainer.class:?]
	at sun.reflect.GeneratedMethodAccessor13.invoke(Unknown Source) ~[?:?]
	at sun.reflect.DelegatingMethodAccessorImpl.invoke(DelegatingMethodAccessorImpl.java:43) ~[?:1.8.0_492]
	at java.lang.reflect.Method.invoke(Method.java:498) ~[?:1.8.0_492]
	at com.google.common.eventbus.Subscriber.invokeSubscriberMethod(Subscriber.java:91) [minecraft_server.1.12.2.jar:?]
	at com.google.common.eventbus.Subscriber$SynchronizedSubscriber.invokeSubscriberMethod(Subscriber.java:150) [minecraft_server.1.12.2.jar:?]
	at com.google.common.eventbus.Subscriber$1.run(Subscriber.java:76) [minecraft_server.1.12.2.jar:?]
	at com.google.common.util.concurrent.MoreExecutors$DirectExecutor.execute(MoreExecutors.java:399) [minecraft_server.1.12.2.jar:?]
	at com.google.common.eventbus.Subscriber.dispatchEvent(Subscriber.java:71) [minecraft_server.1.12.2.jar:?]
	at com.google.common.eventbus.Dispatcher$PerThreadQueuedDispatcher.dispatch(Dispatcher.java:116) [minecraft_server.1.12.2.jar:?]
	at com.google.common.eventbus.EventBus.post(EventBus.java:217) [minecraft_server.1.12.2.jar:?]
	at net.minecraftforge.fml.common.LoadController.sendEventToModContainer(LoadController.java:219) [LoadController.class:?]
	at net.minecraftforge.fml.common.LoadController.propogateStateMessage(LoadController.java:197) [LoadController.class:?]
	at sun.reflect.NativeMethodAccessorImpl.invoke0(Native Method) ~[?:1.8.0_492]
	at sun.reflect.NativeMethodAccessorImpl.invoke(NativeMethodAccessorImpl.java:62) ~[?:1.8.0_492]
	at sun.reflect.DelegatingMethodAccessorImpl.invoke(DelegatingMethodAccessorImpl.java:43) ~[?:1.8.0_492]
	at java.lang.reflect.Method.invoke(Method.java:498) ~[?:1.8.0_492]
	at com.google.common.eventbus.Subscriber.invokeSubscriberMethod(Subscriber.java:91) [minecraft_server.1.12.2.jar:?]
	at com.google.common.eventbus.Subscriber$SynchronizedSubscriber.invokeSubscriberMethod(Subscriber.java:150) [minecraft_server.1.12.2.jar:?]
	at com.google.common.eventbus.Subscriber$1.run(Subscriber.java:76) [minecraft_server.1.12.2.jar:?]
	at com.google.common.util.concurrent.MoreExecutors$DirectExecutor.execute(MoreExecutors.java:399) [minecraft_server.1.12.2.jar:?]
	at com.google.common.eventbus.Subscriber.dispatchEvent(Subscriber.java:71) [minecraft_server.1.12.2.jar:?]
	at com.google.common.eventbus.Dispatcher$PerThreadQueuedDispatcher.dispatch(Dispatcher.java:116) [minecraft_server.1.12.2.jar:?]
	at com.google.common.eventbus.EventBus.post(EventBus.java:217) [minecraft_server.1.12.2.jar:?]
	at net.minecraftforge.fml.common.LoadController.distributeStateMessage(LoadController.java:136) [LoadController.class:?]
	at net.minecraftforge.fml.common.Loader.initializeMods(Loader.java:754) [Loader.class:?]
	at net.minecraftforge.fml.server.FMLServerHandler.finishServerLoading(FMLServerHandler.java:108) [FMLServerHandler.class:?]
	at net.minecraftforge.fml.common.FMLCommonHandler.onServerStarted(FMLCommonHandler.java:338) [FMLCommonHandler.class:?]
	at net.minecraft.server.dedicated.DedicatedServer.func_71197_b(DedicatedServer.java:219) [nz.class:?]
	at net.minecraft.server.MinecraftServer.run(MinecraftServer.java:486) [MinecraftServer.class:?]
	at java.lang.Thread.run(Thread.java:750) [?:1.8.0_492]
[23:21:14] [Server thread/INFO] [STDERR]: [net.smileycorp.hordes.common.HordesLogger:logError:48]: java.lang.Exception: Entity hordes:default is not registered
[23:21:14] [Server thread/INFO] [STDERR]: [net.smileycorp.hordes.common.HordesLogger:logError:48]: 	at net.smileycorp.hordes.hordeevent.HordeSpawnTable.deserialize(HordeSpawnTable.java:127)
[23:21:14] [Server thread/INFO] [STDERR]: [net.smileycorp.hordes.common.HordesLogger:logError:48]: 	at net.smileycorp.hordes.config.data.hordeevent.HordeTableLoader.loadTables(HordeTableLoader.java:47)
[23:21:14] [Server thread/INFO] [STDERR]: [net.smileycorp.hordes.common.HordesLogger:logError:48]: 	at net.smileycorp.hordes.common.CommonProxy.postInit(CommonProxy.java:67)
[23:21:14] [Server thread/INFO] [STDERR]: [net.smileycorp.hordes.common.HordesLogger:logError:48]: 	at net.smileycorp.hordes.common.Hordes.postInit(Hordes.java:33)
[23:21:14] [Server thread/INFO] [STDERR]: [net.smileycorp.hordes.common.HordesLogger:logError:48]: 	at sun.reflect.NativeMethodAccessorImpl.invoke0(Native Method)
[23:21:14] [Server thread/INFO] [STDERR]: [net.smileycorp.hordes.common.HordesLogger:logError:48]: 	at sun.reflect.NativeMethodAccessorImpl.invoke(NativeMethodAccessorImpl.java:62)
[23:21:14] [Server thread/INFO] [STDERR]: [net.smileycorp.hordes.common.HordesLogger:logError:48]: 	at sun.reflect.DelegatingMethodAccessorImpl.invoke(DelegatingMethodAccessorImpl.java:43)
[23:21:14] [Server thread/INFO] [STDERR]: [net.smileycorp.hordes.common.HordesLogger:logError:48]: 	at java.lang.reflect.Method.invoke(Method.java:498)
[23:21:14] [Server thread/INFO] [STDERR]: [net.smileycorp.hordes.common.HordesLogger:logError:48]: 	at net.minecraftforge.fml.common.FMLModContainer.handleModStateEvent(FMLModContainer.java:637)
[23:21:14] [Server thread/INFO] [STDERR]: [net.smileycorp.hordes.common.HordesLogger:logError:48]: 	at sun.reflect.GeneratedMethodAccessor13.invoke(Unknown Source)
[23:21:14] [Server thread/INFO] [STDERR]: [net.smileycorp.hordes.common.HordesLogger:logError:48]: 	at sun.reflect.DelegatingMethodAccessorImpl.invoke(DelegatingMethodAccessorImpl.java:43)
[23:21:14] [Server thread/INFO] [STDERR]: [net.smileycorp.hordes.common.HordesLogger:logError:48]: 	at java.lang.reflect.Method.invoke(Method.java:498)
[23:21:14] [Server thread/INFO] [STDERR]: [net.smileycorp.hordes.common.HordesLogger:logError:48]: 	at com.google.common.eventbus.Subscriber.invokeSubscriberMethod(Subscriber.java:91)
[23:21:14] [Server thread/INFO] [STDERR]: [net.smileycorp.hordes.common.HordesLogger:logError:48]: 	at com.google.common.eventbus.Subscriber$SynchronizedSubscriber.invokeSubscriberMethod(Subscriber.java:150)
[23:21:14] [Server thread/INFO] [STDERR]: [net.smileycorp.hordes.common.HordesLogger:logError:48]: 	at com.google.common.eventbus.Subscriber$1.run(Subscriber.java:76)
[23:21:14] [Server thread/INFO] [STDERR]: [net.smileycorp.hordes.common.HordesLogger:logError:48]: 	at com.google.common.util.concurrent.MoreExecutors$DirectExecutor.execute(MoreExecutors.java:399)
[23:21:14] [Server thread/INFO] [STDERR]: [net.smileycorp.hordes.common.HordesLogger:logError:48]: 	at com.google.common.eventbus.Subscriber.dispatchEvent(Subscriber.java:71)
[23:21:14] [Server thread/INFO] [STDERR]: [net.smileycorp.hordes.common.HordesLogger:logError:48]: 	at com.google.common.eventbus.Dispatcher$PerThreadQueuedDispatcher.dispatch(Dispatcher.java:116)
[23:21:14] [Server thread/INFO] [STDERR]: [net.smileycorp.hordes.common.HordesLogger:logError:48]: 	at com.google.common.eventbus.EventBus.post(EventBus.java:217)
[23:21:14] [Server thread/INFO] [STDERR]: [net.smileycorp.hordes.common.HordesLogger:logError:48]: 	at net.minecraftforge.fml.common.LoadController.sendEventToModContainer(LoadController.java:219)
[23:21:14] [Server thread/INFO] [STDERR]: [net.smileycorp.hordes.common.HordesLogger:logError:48]: 	at net.minecraftforge.fml.common.LoadController.propogateStateMessage(LoadController.java:197)
[23:21:14] [Server thread/INFO] [STDERR]: [net.smileycorp.hordes.common.HordesLogger:logError:48]: 	at sun.reflect.NativeMethodAccessorImpl.invoke0(Native Method)
[23:21:14] [Server thread/INFO] [STDERR]: [net.smileycorp.hordes.common.HordesLogger:logError:48]: 	at sun.reflect.NativeMethodAccessorImpl.invoke(NativeMethodAccessorImpl.java:62)
[23:21:14] [Server thread/INFO] [STDERR]: [net.smileycorp.hordes.common.HordesLogger:logError:48]: 	at sun.reflect.DelegatingMethodAccessorImpl.invoke(DelegatingMethodAccessorImpl.java:43)
[23:21:14] [Server thread/INFO] [STDERR]: [net.smileycorp.hordes.common.HordesLogger:logError:48]: 	at java.lang.reflect.Method.invoke(Method.java:498)
[23:21:14] [Server thread/INFO] [STDERR]: [net.smileycorp.hordes.common.HordesLogger:logError:48]: 	at com.google.common.eventbus.Subscriber.invokeSubscriberMethod(Subscriber.java:91)
[23:21:14] [Server thread/INFO] [STDERR]: [net.smileycorp.hordes.common.HordesLogger:logError:48]: 	at com.google.common.eventbus.Subscriber$SynchronizedSubscriber.invokeSubscriberMethod(Subscriber.java:150)
[23:21:14] [Server thread/INFO] [STDERR]: [net.smileycorp.hordes.common.HordesLogger:logError:48]: 	at com.google.common.eventbus.Subscriber$1.run(Subscriber.java:76)
[23:21:14] [Server thread/INFO] [STDERR]: [net.smileycorp.hordes.common.HordesLogger:logError:48]: 	at com.google.common.util.concurrent.MoreExecutors$DirectExecutor.execute(MoreExecutors.java:399)
[23:21:14] [Server thread/INFO] [STDERR]: [net.smileycorp.hordes.common.HordesLogger:logError:48]: 	at com.google.common.eventbus.Subscriber.dispatchEvent(Subscriber.java:71)
[23:21:14] [Server thread/INFO] [STDERR]: [net.smileycorp.hordes.common.HordesLogger:logError:48]: 	at com.google.common.eventbus.Dispatcher$PerThreadQueuedDispatcher.dispatch(Dispatcher.java:116)
[23:21:14] [Server thread/INFO] [STDERR]: [net.smileycorp.hordes.common.HordesLogger:logError:48]: 	at com.google.common.eventbus.EventBus.post(EventBus.java:217)
[23:21:14] [Server thread/INFO] [STDERR]: [net.smileycorp.hordes.common.HordesLogger:logError:48]: 	at net.minecraftforge.fml.common.LoadController.distributeStateMessage(LoadController.java:136)
[23:21:14] [Server thread/INFO] [STDERR]: [net.smileycorp.hordes.common.HordesLogger:logError:48]: 	at net.minecraftforge.fml.common.Loader.initializeMods(Loader.java:754)
[23:21:14] [Server thread/INFO] [STDERR]: [net.smileycorp.hordes.common.HordesLogger:logError:48]: 	at net.minecraftforge.fml.server.FMLServerHandler.finishServerLoading(FMLServerHandler.java:108)
[23:21:14] [Server thread/INFO] [STDERR]: [net.smileycorp.hordes.common.HordesLogger:logError:48]: 	at net.minecraftforge.fml.common.FMLCommonHandler.onServerStarted(FMLCommonHandler.java:338)
[23:21:14] [Server thread/INFO] [STDERR]: [net.smileycorp.hordes.common.HordesLogger:logError:48]: 	at net.minecraft.server.dedicated.DedicatedServer.func_71197_b(DedicatedServer.java:219)
[23:21:14] [Server thread/INFO] [STDERR]: [net.smileycorp.hordes.common.HordesLogger:logError:48]: 	at net.minecraft.server.MinecraftServer.run(MinecraftServer.java:486)
[23:21:14] [Server thread/INFO] [STDERR]: [net.smileycorp.hordes.common.HordesLogger:logError:48]: 	at java.lang.Thread.run(Thread.java:750)
[23:21:14] [Server thread/INFO] [hordes]: Loaded entity srparasites:fer_bear as class com.dhanantry.scapeandrunparasites.entity.monster.feral.EntityFerBear with weight 70, min day 89 and max day 105
[23:21:14] [Server thread/INFO] [hordes]: Loaded entity srparasites:thrall as class com.dhanantry.scapeandrunparasites.entity.monster.crude.EntityMes with weight 70, min day 89 and max day 105
[23:21:14] [Server thread/INFO] [hordes]: Loaded entity srparasites:fer_enderman as class com.dhanantry.scapeandrunparasites.entity.monster.feral.EntityFerEnderman with weight 40, min day 89 and max day 105
[23:21:14] [Server thread/INFO] [hordes]: Loaded entity srparasites:carrier_light as class com.dhanantry.scapeandrunparasites.entity.monster.inborn.EntityGothol with weight 40, min day 89 and max day 105
[23:21:14] [Server thread/INFO] [hordes]: Loaded entity srparasites:carrier_flying as class com.dhanantry.scapeandrunparasites.entity.monster.inborn.EntityButhol with weight 40, min day 89 and max day 105
[23:21:14] [Server thread/INFO] [hordes]: Loaded entity srparasites:ada_yelloweye as class com.dhanantry.scapeandrunparasites.entity.monster.adapted.EntityEmanaAdapted with weight 40, min day 89 and max day 105
[23:21:14] [Server thread/INFO] [hordes]: Loaded entity srparasites:crux as class com.dhanantry.scapeandrunparasites.entity.monster.crude.EntityCrux with weight 40, min day 89 and max day 105
[23:21:14] [Server thread/INFO] [hordes]: Loaded entity srparasites:hi_golem as class com.dhanantry.scapeandrunparasites.entity.monster.hijacked.EntityHiGolem with weight 40, min day 89 and max day 105
[23:21:14] [Server thread/INFO] [hordes]: Loaded entity srparasites:host as class com.dhanantry.scapeandrunparasites.entity.monster.crude.EntityHost with weight 30, min day 89 and max day 105
[23:21:14] [Server thread/INFO] [hordes]: Loaded entity srparasites:mangler as class com.dhanantry.scapeandrunparasites.entity.monster.inborn.EntityNuuh with weight 20, min day 89 and max day 105
[23:21:14] [Server thread/INFO] [hordes]: Loaded entity srparasites:marauder as class com.dhanantry.scapeandrunparasites.entity.monster.pure.EntityEsor with weight 5, min day 89 and max day 105
[23:21:14] [Server thread/INFO] [hordes]: Loaded entity srparasites:mangler as class com.dhanantry.scapeandrunparasites.entity.monster.inborn.EntityNuuh with weight 70, min day 119 and max day 135
[23:21:14] [Server thread/INFO] [hordes]: Loaded entity srparasites:fer_human as class com.dhanantry.scapeandrunparasites.entity.monster.feral.EntityFerHuman with weight 70, min day 119 and max day 135
[23:21:14] [Server thread/INFO] [hordes]: Loaded entity srparasites:fer_villager as class com.dhanantry.scapeandrunparasites.entity.monster.feral.EntityFerVillager with weight 70, min day 119 and max day 135
[23:21:14] [Server thread/INFO] [hordes]: Loaded entity srparasites:fer_cow as class com.dhanantry.scapeandrunparasites.entity.monster.feral.EntityFerCow with weight 70, min day 119 and max day 135
[23:21:14] [Server thread/INFO] [hordes]: Loaded entity srparasites:fer_pig as class com.dhanantry.scapeandrunparasites.entity.monster.feral.EntityFerPig with weight 70, min day 119 and max day 135
[23:21:14] [Server thread/INFO] [hordes]: Loaded entity srparasites:fer_sheep as class com.dhanantry.scapeandrunparasites.entity.monster.feral.EntityFerSheep with weight 70, min day 119 and max day 135
[23:21:14] [Server thread/INFO] [hordes]: Loaded entity srparasites:fer_horse as class com.dhanantry.scapeandrunparasites.entity.monster.feral.EntityFerHorse with weight 70, min day 119 and max day 135
[23:21:14] [Server thread/ERROR] [hordes]: Error adding entity srparasites:fer_bigspider null Entity hordes:default is not registered
java.lang.Exception: Entity hordes:default is not registered
	at net.smileycorp.hordes.hordeevent.HordeSpawnTable.deserialize(HordeSpawnTable.java:127) [HordeSpawnTable.class:1.12.2-1.5.3a]
	at net.smileycorp.hordes.config.data.hordeevent.HordeTableLoader.loadTables(HordeTableLoader.java:47) [HordeTableLoader.class:1.12.2-1.5.3a]
	at net.smileycorp.hordes.common.CommonProxy.postInit(CommonProxy.java:67) [CommonProxy.class:1.12.2-1.5.3a]
	at net.smileycorp.hordes.common.Hordes.postInit(Hordes.java:33) [Hordes.class:1.12.2-1.5.3a]
	at sun.reflect.NativeMethodAccessorImpl.invoke0(Native Method) ~[?:1.8.0_492]
	at sun.reflect.NativeMethodAccessorImpl.invoke(NativeMethodAccessorImpl.java:62) ~[?:1.8.0_492]
	at sun.reflect.DelegatingMethodAccessorImpl.invoke(DelegatingMethodAccessorImpl.java:43) ~[?:1.8.0_492]
	at java.lang.reflect.Method.invoke(Method.java:498) ~[?:1.8.0_492]
	at net.minecraftforge.fml.common.FMLModContainer.handleModStateEvent(FMLModContainer.java:637) [FMLModContainer.class:?]
	at sun.reflect.GeneratedMethodAccessor13.invoke(Unknown Source) ~[?:?]
	at sun.reflect.DelegatingMethodAccessorImpl.invoke(DelegatingMethodAccessorImpl.java:43) ~[?:1.8.0_492]
	at java.lang.reflect.Method.invoke(Method.java:498) ~[?:1.8.0_492]
	at com.google.common.eventbus.Subscriber.invokeSubscriberMethod(Subscriber.java:91) [minecraft_server.1.12.2.jar:?]
	at com.google.common.eventbus.Subscriber$SynchronizedSubscriber.invokeSubscriberMethod(Subscriber.java:150) [minecraft_server.1.12.2.jar:?]
	at com.google.common.eventbus.Subscriber$1.run(Subscriber.java:76) [minecraft_server.1.12.2.jar:?]
	at com.google.common.util.concurrent.MoreExecutors$DirectExecutor.execute(MoreExecutors.java:399) [minecraft_server.1.12.2.jar:?]
	at com.google.common.eventbus.Subscriber.dispatchEvent(Subscriber.java:71) [minecraft_server.1.12.2.jar:?]
	at com.google.common.eventbus.Dispatcher$PerThreadQueuedDispatcher.dispatch(Dispatcher.java:116) [minecraft_server.1.12.2.jar:?]
	at com.google.common.eventbus.EventBus.post(EventBus.java:217) [minecraft_server.1.12.2.jar:?]
	at net.minecraftforge.fml.common.LoadController.sendEventToModContainer(LoadController.java:219) [LoadController.class:?]
	at net.minecraftforge.fml.common.LoadController.propogateStateMessage(LoadController.java:197) [LoadController.class:?]
	at sun.reflect.NativeMethodAccessorImpl.invoke0(Native Method) ~[?:1.8.0_492]
	at sun.reflect.NativeMethodAccessorImpl.invoke(NativeMethodAccessorImpl.java:62) ~[?:1.8.0_492]
	at sun.reflect.DelegatingMethodAccessorImpl.invoke(DelegatingMethodAccessorImpl.java:43) ~[?:1.8.0_492]
	at java.lang.reflect.Method.invoke(Method.java:498) ~[?:1.8.0_492]
	at com.google.common.eventbus.Subscriber.invokeSubscriberMethod(Subscriber.java:91) [minecraft_server.1.12.2.jar:?]
	at com.google.common.eventbus.Subscriber$SynchronizedSubscriber.invokeSubscriberMethod(Subscriber.java:150) [minecraft_server.1.12.2.jar:?]
	at com.google.common.eventbus.Subscriber$1.run(Subscriber.java:76) [minecraft_server.1.12.2.jar:?]
	at com.google.common.util.concurrent.MoreExecutors$DirectExecutor.execute(MoreExecutors.java:399) [minecraft_server.1.12.2.jar:?]
	at com.google.common.eventbus.Subscriber.dispatchEvent(Subscriber.java:71) [minecraft_server.1.12.2.jar:?]
	at com.google.common.eventbus.Dispatcher$PerThreadQueuedDispatcher.dispatch(Dispatcher.java:116) [minecraft_server.1.12.2.jar:?]
	at com.google.common.eventbus.EventBus.post(EventBus.java:217) [minecraft_server.1.12.2.jar:?]
	at net.minecraftforge.fml.common.LoadController.distributeStateMessage(LoadController.java:136) [LoadController.class:?]
	at net.minecraftforge.fml.common.Loader.initializeMods(Loader.java:754) [Loader.class:?]
	at net.minecraftforge.fml.server.FMLServerHandler.finishServerLoading(FMLServerHandler.java:108) [FMLServerHandler.class:?]
	at net.minecraftforge.fml.common.FMLCommonHandler.onServerStarted(FMLCommonHandler.java:338) [FMLCommonHandler.class:?]
	at net.minecraft.server.dedicated.DedicatedServer.func_71197_b(DedicatedServer.java:219) [nz.class:?]
	at net.minecraft.server.MinecraftServer.run(MinecraftServer.java:486) [MinecraftServer.class:?]
	at java.lang.Thread.run(Thread.java:750) [?:1.8.0_492]
[23:21:14] [Server thread/INFO] [STDERR]: [net.smileycorp.hordes.common.HordesLogger:logError:48]: java.lang.Exception: Entity hordes:default is not registered
[23:21:14] [Server thread/INFO] [STDERR]: [net.smileycorp.hordes.common.HordesLogger:logError:48]: 	at net.smileycorp.hordes.hordeevent.HordeSpawnTable.deserialize(HordeSpawnTable.java:127)
[23:21:14] [Server thread/INFO] [STDERR]: [net.smileycorp.hordes.common.HordesLogger:logError:48]: 	at net.smileycorp.hordes.config.data.hordeevent.HordeTableLoader.loadTables(HordeTableLoader.java:47)
[23:21:14] [Server thread/INFO] [STDERR]: [net.smileycorp.hordes.common.HordesLogger:logError:48]: 	at net.smileycorp.hordes.common.CommonProxy.postInit(CommonProxy.java:67)
[23:21:14] [Server thread/INFO] [STDERR]: [net.smileycorp.hordes.common.HordesLogger:logError:48]: 	at net.smileycorp.hordes.common.Hordes.postInit(Hordes.java:33)
[23:21:14] [Server thread/INFO] [STDERR]: [net.smileycorp.hordes.common.HordesLogger:logError:48]: 	at sun.reflect.NativeMethodAccessorImpl.invoke0(Native Method)
[23:21:14] [Server thread/INFO] [STDERR]: [net.smileycorp.hordes.common.HordesLogger:logError:48]: 	at sun.reflect.NativeMethodAccessorImpl.invoke(NativeMethodAccessorImpl.java:62)
[23:21:14] [Server thread/INFO] [STDERR]: [net.smileycorp.hordes.common.HordesLogger:logError:48]: 	at sun.reflect.DelegatingMethodAccessorImpl.invoke(DelegatingMethodAccessorImpl.java:43)
[23:21:14] [Server thread/INFO] [STDERR]: [net.smileycorp.hordes.common.HordesLogger:logError:48]: 	at java.lang.reflect.Method.invoke(Method.java:498)
[23:21:14] [Server thread/INFO] [STDERR]: [net.smileycorp.hordes.common.HordesLogger:logError:48]: 	at net.minecraftforge.fml.common.FMLModContainer.handleModStateEvent(FMLModContainer.java:637)
[23:21:14] [Server thread/INFO] [STDERR]: [net.smileycorp.hordes.common.HordesLogger:logError:48]: 	at sun.reflect.GeneratedMethodAccessor13.invoke(Unknown Source)
[23:21:14] [Server thread/INFO] [STDERR]: [net.smileycorp.hordes.common.HordesLogger:logError:48]: 	at sun.reflect.DelegatingMethodAccessorImpl.invoke(DelegatingMethodAccessorImpl.java:43)
[23:21:14] [Server thread/INFO] [STDERR]: [net.smileycorp.hordes.common.HordesLogger:logError:48]: 	at java.lang.reflect.Method.invoke(Method.java:498)
[23:21:14] [Server thread/INFO] [STDERR]: [net.smileycorp.hordes.common.HordesLogger:logError:48]: 	at com.google.common.eventbus.Subscriber.invokeSubscriberMethod(Subscriber.java:91)
[23:21:14] [Server thread/INFO] [STDERR]: [net.smileycorp.hordes.common.HordesLogger:logError:48]: 	at com.google.common.eventbus.Subscriber$SynchronizedSubscriber.invokeSubscriberMethod(Subscriber.java:150)
[23:21:14] [Server thread/INFO] [STDERR]: [net.smileycorp.hordes.common.HordesLogger:logError:48]: 	at com.google.common.eventbus.Subscriber$1.run(Subscriber.java:76)
[23:21:14] [Server thread/INFO] [STDERR]: [net.smileycorp.hordes.common.HordesLogger:logError:48]: 	at com.google.common.util.concurrent.MoreExecutors$DirectExecutor.execute(MoreExecutors.java:399)
[23:21:14] [Server thread/INFO] [STDERR]: [net.smileycorp.hordes.common.HordesLogger:logError:48]: 	at com.google.common.eventbus.Subscriber.dispatchEvent(Subscriber.java:71)
[23:21:14] [Server thread/INFO] [STDERR]: [net.smileycorp.hordes.common.HordesLogger:logError:48]: 	at com.google.common.eventbus.Dispatcher$PerThreadQueuedDispatcher.dispatch(Dispatcher.java:116)
[23:21:14] [Server thread/INFO] [STDERR]: [net.smileycorp.hordes.common.HordesLogger:logError:48]: 	at com.google.common.eventbus.EventBus.post(EventBus.java:217)
[23:21:14] [Server thread/INFO] [STDERR]: [net.smileycorp.hordes.common.HordesLogger:logError:48]: 	at net.minecraftforge.fml.common.LoadController.sendEventToModContainer(LoadController.java:219)
[23:21:14] [Server thread/INFO] [STDERR]: [net.smileycorp.hordes.common.HordesLogger:logError:48]: 	at net.minecraftforge.fml.common.LoadController.propogateStateMessage(LoadController.java:197)
[23:21:14] [Server thread/INFO] [STDERR]: [net.smileycorp.hordes.common.HordesLogger:logError:48]: 	at sun.reflect.NativeMethodAccessorImpl.invoke0(Native Method)
[23:21:14] [Server thread/INFO] [STDERR]: [net.smileycorp.hordes.common.HordesLogger:logError:48]: 	at sun.reflect.NativeMethodAccessorImpl.invoke(NativeMethodAccessorImpl.java:62)
[23:21:14] [Server thread/INFO] [STDERR]: [net.smileycorp.hordes.common.HordesLogger:logError:48]: 	at sun.reflect.DelegatingMethodAccessorImpl.invoke(DelegatingMethodAccessorImpl.java:43)
[23:21:14] [Server thread/INFO] [STDERR]: [net.smileycorp.hordes.common.HordesLogger:logError:48]: 	at java.lang.reflect.Method.invoke(Method.java:498)
[23:21:14] [Server thread/INFO] [STDERR]: [net.smileycorp.hordes.common.HordesLogger:logError:48]: 	at com.google.common.eventbus.Subscriber.invokeSubscriberMethod(Subscriber.java:91)
[23:21:14] [Server thread/INFO] [STDERR]: [net.smileycorp.hordes.common.HordesLogger:logError:48]: 	at com.google.common.eventbus.Subscriber$SynchronizedSubscriber.invokeSubscriberMethod(Subscriber.java:150)
[23:21:14] [Server thread/INFO] [STDERR]: [net.smileycorp.hordes.common.HordesLogger:logError:48]: 	at com.google.common.eventbus.Subscriber$1.run(Subscriber.java:76)
[23:21:14] [Server thread/INFO] [STDERR]: [net.smileycorp.hordes.common.HordesLogger:logError:48]: 	at com.google.common.util.concurrent.MoreExecutors$DirectExecutor.execute(MoreExecutors.java:399)
[23:21:14] [Server thread/INFO] [STDERR]: [net.smileycorp.hordes.common.HordesLogger:logError:48]: 	at com.google.common.eventbus.Subscriber.dispatchEvent(Subscriber.java:71)
[23:21:14] [Server thread/INFO] [STDERR]: [net.smileycorp.hordes.common.HordesLogger:logError:48]: 	at com.google.common.eventbus.Dispatcher$PerThreadQueuedDispatcher.dispatch(Dispatcher.java:116)
[23:21:14] [Server thread/INFO] [STDERR]: [net.smileycorp.hordes.common.HordesLogger:logError:48]: 	at com.google.common.eventbus.EventBus.post(EventBus.java:217)
[23:21:14] [Server thread/INFO] [STDERR]: [net.smileycorp.hordes.common.HordesLogger:logError:48]: 	at net.minecraftforge.fml.common.LoadController.distributeStateMessage(LoadController.java:136)
[23:21:14] [Server thread/INFO] [STDERR]: [net.smileycorp.hordes.common.HordesLogger:logError:48]: 	at net.minecraftforge.fml.common.Loader.initializeMods(Loader.java:754)
[23:21:14] [Server thread/INFO] [STDERR]: [net.smileycorp.hordes.common.HordesLogger:logError:48]: 	at net.minecraftforge.fml.server.FMLServerHandler.finishServerLoading(FMLServerHandler.java:108)
[23:21:14] [Server thread/INFO] [STDERR]: [net.smileycorp.hordes.common.HordesLogger:logError:48]: 	at net.minecraftforge.fml.common.FMLCommonHandler.onServerStarted(FMLCommonHandler.java:338)
[23:21:14] [Server thread/INFO] [STDERR]: [net.smileycorp.hordes.common.HordesLogger:logError:48]: 	at net.minecraft.server.dedicated.DedicatedServer.func_71197_b(DedicatedServer.java:219)
[23:21:14] [Server thread/INFO] [STDERR]: [net.smileycorp.hordes.common.HordesLogger:logError:48]: 	at net.minecraft.server.MinecraftServer.run(MinecraftServer.java:486)
[23:21:14] [Server thread/INFO] [STDERR]: [net.smileycorp.hordes.common.HordesLogger:logError:48]: 	at java.lang.Thread.run(Thread.java:750)
[23:21:14] [Server thread/INFO] [hordes]: Loaded entity srparasites:fer_bear as class com.dhanantry.scapeandrunparasites.entity.monster.feral.EntityFerBear with weight 70, min day 119 and max day 135
[23:21:14] [Server thread/INFO] [hordes]: Loaded entity srparasites:thrall as class com.dhanantry.scapeandrunparasites.entity.monster.crude.EntityMes with weight 70, min day 119 and max day 135
[23:21:14] [Server thread/INFO] [hordes]: Loaded entity srparasites:fer_enderman as class com.dhanantry.scapeandrunparasites.entity.monster.feral.EntityFerEnderman with weight 50, min day 119 and max day 135
[23:21:14] [Server thread/INFO] [hordes]: Loaded entity srparasites:ada_yelloweye as class com.dhanantry.scapeandrunparasites.entity.monster.adapted.EntityEmanaAdapted with weight 50, min day 119 and max day 135
[23:21:14] [Server thread/INFO] [hordes]: Loaded entity srparasites:crux as class com.dhanantry.scapeandrunparasites.entity.monster.crude.EntityCrux with weight 50, min day 119 and max day 135
[23:21:14] [Server thread/INFO] [hordes]: Loaded entity srparasites:hi_golem as class com.dhanantry.scapeandrunparasites.entity.monster.hijacked.EntityHiGolem with weight 50, min day 119 and max day 135
[23:21:14] [Server thread/INFO] [hordes]: Loaded entity srparasites:host as class com.dhanantry.scapeandrunparasites.entity.monster.crude.EntityHost with weight 40, min day 119 and max day 135
[23:21:14] [Server thread/INFO] [hordes]: Loaded entity srparasites:ada_longarms as class com.dhanantry.scapeandrunparasites.entity.monster.adapted.EntityShycoAdapted with weight 20, min day 119 and max day 135
[23:21:14] [Server thread/INFO] [hordes]: Loaded entity srparasites:ada_summoner as class com.dhanantry.scapeandrunparasites.entity.monster.adapted.EntityCanraAdapted with weight 20, min day 119 and max day 135
[23:21:14] [Server thread/INFO] [hordes]: Loaded entity srparasites:ada_bolster as class com.dhanantry.scapeandrunparasites.entity.monster.adapted.EntityBanoAdapted with weight 20, min day 119 and max day 135
[23:21:14] [Server thread/INFO] [hordes]: Loaded entity srparasites:ada_reeker as class com.dhanantry.scapeandrunparasites.entity.monster.adapted.EntityNoglaAdapted with weight 20, min day 119 and max day 135
[23:21:14] [Server thread/INFO] [hordes]: Loaded entity srparasites:ada_arachnida as class com.dhanantry.scapeandrunparasites.entity.monster.adapted.EntityRanracAdapted with weight 20, min day 119 and max day 135
[23:21:14] [Server thread/INFO] [hordes]: Loaded entity srparasites:ada_manducater as class com.dhanantry.scapeandrunparasites.entity.monster.adapted.EntityHullAdapted with weight 20, min day 119 and max day 135
[23:21:14] [Server thread/INFO] [hordes]: Loaded entity srparasites:marauder as class com.dhanantry.scapeandrunparasites.entity.monster.pure.EntityEsor with weight 10, min day 119 and max day 135
[23:21:14] [Server thread/INFO] [hordes]: Loaded entity srparasites:overseer as class com.dhanantry.scapeandrunparasites.entity.monster.pure.EntityAlafha with weight 10, min day 119 and max day 135
[23:21:14] [Server thread/INFO] [hordes]: Loaded entity srparasites:bomber_light as class com.dhanantry.scapeandrunparasites.entity.monster.pure.EntityOmboo with weight 10, min day 119 and max day 135
[23:21:14] [Server thread/INFO] [hordes]: Loaded entity srparasites:sim_dragone as class com.dhanantry.scapeandrunparasites.entity.monster.infected.EntityInfDragonE with weight 5, min day 119 and max day 135
[23:21:14] [Server thread/INFO] [hordes]: Loaded entity srparasites:hostii as class com.dhanantry.scapeandrunparasites.entity.monster.crude.EntityHostII with weight 5, min day 119 and max day 135
[23:21:14] [Server thread/INFO] [hordes]: Loaded entity srparasites:grunt as class com.dhanantry.scapeandrunparasites.entity.monster.pure.EntityFlog with weight 70, min day 149 and max day 165
[23:21:14] [Server thread/INFO] [hordes]: Loaded entity srparasites:mangler as class com.dhanantry.scapeandrunparasites.entity.monster.inborn.EntityNuuh with weight 70, min day 149 and max day 165
[23:21:14] [Server thread/INFO] [hordes]: Loaded entity srparasites:fer_enderman as class com.dhanantry.scapeandrunparasites.entity.monster.feral.EntityFerEnderman with weight 50, min day 149 and max day 165
[23:21:14] [Server thread/INFO] [hordes]: Loaded entity srparasites:ada_longarms as class com.dhanantry.scapeandrunparasites.entity.monster.adapted.EntityShycoAdapted with weight 40, min day 149 and max day 165
[23:21:14] [Server thread/INFO] [hordes]: Loaded entity srparasites:ada_summoner as class com.dhanantry.scapeandrunparasites.entity.monster.adapted.EntityCanraAdapted with weight 40, min day 149 and max day 165
[23:21:14] [Server thread/INFO] [hordes]: Loaded entity srparasites:ada_bolster as class com.dhanantry.scapeandrunparasites.entity.monster.adapted.EntityBanoAdapted with weight 40, min day 149 and max day 165
[23:21:14] [Server thread/INFO] [hordes]: Loaded entity srparasites:ada_reeker as class com.dhanantry.scapeandrunparasites.entity.monster.adapted.EntityNoglaAdapted with weight 40, min day 149 and max day 165
[23:21:14] [Server thread/INFO] [hordes]: Loaded entity srparasites:ada_manducater as class com.dhanantry.scapeandrunparasites.entity.monster.adapted.EntityHullAdapted with weight 40, min day 149 and max day 165
[23:21:14] [Server thread/INFO] [hordes]: Loaded entity srparasites:ada_yelloweye as class com.dhanantry.scapeandrunparasites.entity.monster.adapted.EntityEmanaAdapted with weight 40, min day 149 and max day 165
[23:21:14] [Server thread/INFO] [hordes]: Loaded entity srparasites:marauder as class com.dhanantry.scapeandrunparasites.entity.monster.pure.EntityEsor with weight 40, min day 149 and max day 165
[23:21:14] [Server thread/INFO] [hordes]: Loaded entity srparasites:overseer as class com.dhanantry.scapeandrunparasites.entity.monster.pure.EntityAlafha with weight 40, min day 149 and max day 165
[23:21:14] [Server thread/INFO] [hordes]: Loaded entity srparasites:bomber_light as class com.dhanantry.scapeandrunparasites.entity.monster.pure.EntityOmboo with weight 40, min day 149 and max day 165
[23:21:14] [Server thread/INFO] [hordes]: Loaded entity srparasites:monarch as class com.dhanantry.scapeandrunparasites.entity.monster.pure.EntityOrch with weight 40, min day 149 and max day 165
[23:21:14] [Server thread/INFO] [hordes]: Loaded entity srparasites:warden as class com.dhanantry.scapeandrunparasites.entity.monster.pure.EntityGanro with weight 40, min day 149 and max day 165
[23:21:14] [Server thread/INFO] [hordes]: Loaded entity srparasites:vigilante as class com.dhanantry.scapeandrunparasites.entity.monster.pure.EntityAnged with weight 40, min day 149 and max day 165
[23:21:14] [Server thread/INFO] [hordes]: Loaded entity srparasites:ada_arachnida as class com.dhanantry.scapeandrunparasites.entity.monster.adapted.EntityRanracAdapted with weight 30, min day 149 and max day 165
[23:21:14] [Server thread/INFO] [hordes]: Loaded entity srparasites:sim_dragone as class com.dhanantry.scapeandrunparasites.entity.monster.infected.EntityInfDragonE with weight 30, min day 149 and max day 165
[23:21:14] [Server thread/INFO] [hordes]: Loaded entity srparasites:hostii as class com.dhanantry.scapeandrunparasites.entity.monster.crude.EntityHostII with weight 30, min day 149 and max day 165
[23:21:14] [Server thread/INFO] [hordes]: Loaded entity srparasites:bomber_heavy as class com.dhanantry.scapeandrunparasites.entity.monster.pure.preeminent.EntityJinjo with weight 5, min day 149 and max day 165
[23:21:14] [Server thread/INFO] [hordes]: Loaded entity srparasites:pri_yelloweye as class com.dhanantry.scapeandrunparasites.entity.monster.primitive.EntityEmana with weight 70, min day 179 and max day 195
[23:21:14] [Server thread/INFO] [hordes]: Loaded entity srparasites:pri_vermin as class com.dhanantry.scapeandrunparasites.entity.monster.primitive.EntityIki with weight 70, min day 179 and max day 195
[23:21:14] [Server thread/INFO] [hordes]: Loaded entity srparasites:ada_yelloweye as class com.dhanantry.scapeandrunparasites.entity.monster.adapted.EntityEmanaAdapted with weight 60, min day 179 and max day 195
[23:21:14] [Server thread/INFO] [hordes]: Loaded entity srparasites:carrier_flying as class com.dhanantry.scapeandrunparasites.entity.monster.inborn.EntityButhol with weight 60, min day 179 and max day 195
[23:21:14] [Server thread/INFO] [hordes]: Loaded entity srparasites:overseer as class com.dhanantry.scapeandrunparasites.entity.monster.pure.EntityAlafha with weight 50, min day 179 and max day 195
[23:21:14] [Server thread/INFO] [hordes]: Loaded entity srparasites:bomber_light as class com.dhanantry.scapeandrunparasites.entity.monster.pure.EntityOmboo with weight 50, min day 179 and max day 195
[23:21:14] [Server thread/INFO] [hordes]: Loaded entity srparasites:sim_dragone as class com.dhanantry.scapeandrunparasites.entity.monster.infected.EntityInfDragonE with weight 30, min day 179 and max day 195
[23:21:14] [Server thread/INFO] [hordes]: Loaded entity srparasites:wraith as class com.dhanantry.scapeandrunparasites.entity.monster.pure.preeminent.EntityElvia with weight 20, min day 179 and max day 195
[23:21:14] [Server thread/INFO] [hordes]: Loaded entity srparasites:bogle as class com.dhanantry.scapeandrunparasites.entity.monster.pure.preeminent.EntityLencia with weight 20, min day 179 and max day 195
[23:21:14] [Server thread/INFO] [hordes]: Loaded entity srparasites:bomber_heavy as class com.dhanantry.scapeandrunparasites.entity.monster.pure.preeminent.EntityJinjo with weight 20, min day 179 and max day 195
[23:21:14] [Server thread/INFO] [hordes]: Loaded entity srparasites:bogle as class com.dhanantry.scapeandrunparasites.entity.monster.pure.preeminent.EntityLencia with weight 20, min day 179 and max day 195
[23:21:14] [Server thread/INFO] [hordes]: Loaded entity srparasites:anc_dreadnaut as class com.dhanantry.scapeandrunparasites.entity.monster.ancient.EntityOronco with weight 5, min day 179 and max day 195
[23:21:14] [Server thread/INFO] [hordes]: Loaded entity srparasites:grunt as class com.dhanantry.scapeandrunparasites.entity.monster.pure.EntityFlog with weight 70, min day 209 and max day 0
[23:21:14] [Server thread/INFO] [hordes]: Loaded entity srparasites:mangler as class com.dhanantry.scapeandrunparasites.entity.monster.inborn.EntityNuuh with weight 70, min day 209 and max day 0
[23:21:14] [Server thread/INFO] [hordes]: Loaded entity srparasites:fer_enderman as class com.dhanantry.scapeandrunparasites.entity.monster.feral.EntityFerEnderman with weight 50, min day 209 and max day 0
[23:21:14] [Server thread/INFO] [hordes]: Loaded entity srparasites:marauder as class com.dhanantry.scapeandrunparasites.entity.monster.pure.EntityEsor with weight 40, min day 209 and max day 0
[23:21:14] [Server thread/INFO] [hordes]: Loaded entity srparasites:overseer as class com.dhanantry.scapeandrunparasites.entity.monster.pure.EntityAlafha with weight 40, min day 209 and max day 0
[23:21:14] [Server thread/INFO] [hordes]: Loaded entity srparasites:bomber_light as class com.dhanantry.scapeandrunparasites.entity.monster.pure.EntityOmboo with weight 40, min day 209 and max day 0
[23:21:14] [Server thread/INFO] [hordes]: Loaded entity srparasites:monarch as class com.dhanantry.scapeandrunparasites.entity.monster.pure.EntityOrch with weight 40, min day 209 and max day 0
[23:21:14] [Server thread/INFO] [hordes]: Loaded entity srparasites:warden as class com.dhanantry.scapeandrunparasites.entity.monster.pure.EntityGanro with weight 40, min day 209 and max day 0
[23:21:14] [Server thread/INFO] [hordes]: Loaded entity srparasites:vigilante as class com.dhanantry.scapeandrunparasites.entity.monster.pure.EntityAnged with weight 40, min day 209 and max day 0
[23:21:14] [Server thread/INFO] [hordes]: Loaded entity srparasites:sim_dragone as class com.dhanantry.scapeandrunparasites.entity.monster.infected.EntityInfDragonE with weight 40, min day 209 and max day 0
[23:21:14] [Server thread/INFO] [hordes]: Loaded entity srparasites:hostii as class com.dhanantry.scapeandrunparasites.entity.monster.crude.EntityHostII with weight 40, min day 209 and max day 0
[23:21:14] [Server thread/INFO] [hordes]: Loaded entity srparasites:bomber_heavy as class com.dhanantry.scapeandrunparasites.entity.monster.pure.preeminent.EntityJinjo with weight 20, min day 209 and max day 0
[23:21:14] [Server thread/INFO] [hordes]: Loaded entity srparasites:wraith as class com.dhanantry.scapeandrunparasites.entity.monster.pure.preeminent.EntityElvia with weight 20, min day 209 and max day 0
[23:21:14] [Server thread/INFO] [hordes]: Loaded entity srparasites:bogle as class com.dhanantry.scapeandrunparasites.entity.monster.pure.preeminent.EntityLencia with weight 20, min day 209 and max day 0
[23:21:14] [Server thread/INFO] [hordes]: Loaded entity srparasites:haunter as class com.dhanantry.scapeandrunparasites.entity.monster.pure.preeminent.EntityPheon with weight 20, min day 209 and max day 0
[23:21:14] [Server thread/INFO] [hordes]: Loaded entity srparasites:carrier_colony as class com.dhanantry.scapeandrunparasites.entity.monster.pure.preeminent.EntityVesta with weight 20, min day 209 and max day 0
[23:21:14] [Server thread/INFO] [hordes]: Loaded entity srparasites:anc_dreadnaut as class com.dhanantry.scapeandrunparasites.entity.monster.ancient.EntityOronco with weight 10, min day 209 and max day 0
[23:21:14] [Server thread/INFO] [hordes]: Loaded entity srparasites:anc_overlord as class com.dhanantry.scapeandrunparasites.entity.monster.ancient.EntityTerla with weight 10, min day 209 and max day 0
[23:21:14] [Server thread/INFO] [hordes]: loaded horde table hordes:default
[23:21:14] [Server thread/INFO] [hordes]: Loaded entity minecraft:zombie as class net.minecraft.entity.monster.EntityZombie with weight 20, min day 0 and max day 20
[23:21:14] [Server thread/INFO] [hordes]: Loaded entity minecraft:skeleton as class net.minecraft.entity.monster.EntitySkeleton with weight 10, min day 20 and max day 30
[23:21:14] [Server thread/INFO] [hordes]: Loaded entity minecraft:spider as class net.minecraft.entity.monster.EntitySpider with weight 15, min day 20 and max day 30
[23:21:14] [Server thread/INFO] [hordes]: Loaded entity minecraft:creeper as class net.minecraft.entity.monster.EntityCreeper with weight 5, min day 30 and max day 30
[23:21:14] [Server thread/INFO] [hordes]: Loaded entity minecraft:husk as class net.minecraft.entity.monster.EntityHusk with weight 20, min day 30 and max day 50
[23:21:14] [Server thread/INFO] [hordes]: Loaded entity minecraft:stray as class net.minecraft.entity.monster.EntityStray with weight 10, min day 40 and max day 50
[23:21:14] [Server thread/INFO] [hordes]: Loaded entity minecraft:cave_spider as class net.minecraft.entity.monster.EntityCaveSpider with weight 10, min day 40 and max day 50
[23:21:14] [Server thread/INFO] [hordes]: Loaded entity minecraft:witch as class net.minecraft.entity.monster.EntityWitch with weight 5, min day 40 and max day 50
[23:21:14] [Server thread/INFO] [hordes]: Loaded entity minecraft:zombie_horse as class net.minecraft.entity.passive.EntityZombieHorse with weight 3, min day 40 and max day 0
[23:21:14] [Server thread/INFO] [hordes]: Loaded entity minecraft:vindication_illager as class net.minecraft.entity.monster.EntityVindicator with weight 5, min day 50 and max day 0
[23:21:14] [Server thread/INFO] [hordes]: Loaded entity minecraft:wither_skeleton as class net.minecraft.entity.monster.EntityWitherSkeleton with weight 10, min day 50 and max day 0
[23:21:14] [Server thread/INFO] [hordes]: Loaded entity minecraft:cave_spider as class net.minecraft.entity.monster.EntityCaveSpider with weight 15, min day 60 and max day 0
[23:21:14] [Server thread/INFO] [hordes]: Loaded entity minecraft:skeleton_horse as class net.minecraft.entity.passive.EntitySkeletonHorse with weight 3, min day 40 and max day 0
[23:21:14] [Server thread/INFO] [hordes]: loaded horde table hordes:mixed_mobs
[23:21:14] [Server thread/INFO] [hordes]: Loaded entity minecraft:skeleton as class net.minecraft.entity.monster.EntitySkeleton with weight 10, min day 0 and max day 20
[23:21:14] [Server thread/INFO] [hordes]: Loaded entity minecraft:skeleton as class net.minecraft.entity.monster.EntitySkeleton with weight 20, min day 0 and max day 30
[23:21:14] [Server thread/INFO] [hordes]: Loaded entity minecraft:skeleton_horse as class net.minecraft.entity.passive.EntitySkeletonHorse with weight 5, min day 20 and max day 50
[23:21:14] [Server thread/INFO] [hordes]: Loaded entity minecraft:stray as class net.minecraft.entity.monster.EntityStray with weight 10, min day 20 and max day 0
[23:21:14] [Server thread/INFO] [hordes]: Loaded entity minecraft:wither_skeleton as class net.minecraft.entity.monster.EntityWitherSkeleton with weight 10, min day 40 and max day 0
[23:21:14] [Server thread/INFO] [hordes]: Loaded entity minecraft:skeleton_horse as class net.minecraft.entity.passive.EntitySkeletonHorse with weight 5, min day 40 and max day 0
[23:21:14] [Server thread/INFO] [hordes]: loaded horde table hordes:skeletons
[23:21:14] [Server thread/INFO] [hordes]: loaded horde script hordes:default
[23:21:14] [Server thread/INFO] [AE2:S]: Post Initialization ( started )
[23:21:14] [Server thread/INFO] [AE2:S]: Industrial Craft 2 - Integration Disabled
[23:21:14] [Server thread/INFO] [AE2:S]: Railcraft - Integration Disabled
[23:21:14] [Server thread/INFO] [AE2:S]: Mine Factory Reloaded - Integration Disabled
[23:21:14] [Server thread/INFO] [AE2:S]: Waila - Integration Enable
[23:21:14] [Server thread/INFO] [AE2:S]: Mekanism - Integration Enable
[23:21:14] [Server thread/INFO] [AE2:S]: OpenComputers - Integration Disabled
[23:21:14] [Server thread/INFO] [AE2:S]: TheOneProbe - Integration Disabled
[23:21:14] [Server thread/INFO] [AE2:S]: Tesla - Integration Disabled
[23:21:14] [Server thread/INFO] [AE2:S]: CraftTweaker - Integration Enable
[23:21:14] [Server thread/INFO] [AE2:S]: Post Initialization ( ended after 172ms )
[23:21:14] [Server thread/INFO] [tconstruct-TinkerSmeltery]: Started adding oredict melting recipes
[23:21:16] [Server thread/INFO] [tconstruct-TinkerSmeltery]: Oredict melting recipes finished in 1898.550087 ms
[23:21:16] [Server thread/INFO] [bhc]: Post-Initialization finished.
[23:21:16] [Server thread/INFO] [Rin's So Many Enchantments?]: PostInitializing Rin's So Many Enchantments?...
[23:21:16] [Server thread/INFO] [betterbuilderswands]: Added 'minecraft:lapis_ore/0=>1*minecraft:lapis_ore/4=>minecraft:lapis_ore/0' to mapping
[23:21:16] [Server thread/INFO] [betterbuilderswands]: Added 'minecraft:lit_redstone_ore/0=>1*minecraft:redstone_ore/0=>minecraft:lit_redstone_ore/0' to mapping
[23:21:16] [Server thread/INFO] [betterbuilderswands]: Added 'minecraft:grass/0=>1*minecraft:grass/0=>minecraft:grass/0' to mapping
[23:21:16] [Server thread/INFO] [betterbuilderswands]: Added 'minecraft:grass/0=>1*minecraft:dirt/0=>minecraft:dirt/0' to mapping
[23:21:16] [Server thread/INFO] [betterbuilderswands]: Added 'minecraft:dirt/1=>1*minecraft:dirt/1=>minecraft:dirt/1' to mapping
[23:21:16] [Server thread/INFO] [betterbuilderswands]: Added 'minecraft:dirt/1=>1*minecraft:dirt/0=>minecraft:dirt/0' to mapping
[23:21:16] [Server thread/INFO] [betterbuilderswands]: Added 'minecraft:dirt/2=>1*minecraft:dirt/2=>minecraft:dirt/2' to mapping
[23:21:16] [Server thread/INFO] [betterbuilderswands]: Added 'minecraft:dirt/2=>1*minecraft:dirt/0=>minecraft:dirt/0' to mapping
[23:21:18] [Server thread/INFO] [defaultworldgenerator-port]: Injecting Server Defaults
[23:21:18] [Server thread/INFO] [defaultworldgenerator-port]: Default World Type UUID not set in server.properties
[23:21:18] [Server thread/INFO] [defaultworldgenerator-port]: World exists, not updating server.properties
[23:21:18] [Server thread/INFO] [STDOUT]: [lieutenant.core.Lieutenant:postInit:35]: lieutenant is post-loading!
[23:21:18] [Server thread/INFO] [STDOUT]: [extratan.core.ExtraTAN:postInit:110]: extratan is post-loading!
[23:21:18] [Server thread/INFO] [jjweaponconf]: postinit
[23:21:18] [Server thread/INFO] [Mekanism]: Fake player readout: UUID = 46e82cd0-d480-3d48-800a-77431ede078e, name = [Mekanism]
[23:21:18] [Server thread/INFO] [Mekanism]: Hooked into AE2 successfully.
[23:21:18] [Server thread/INFO] [Mekanism]: Finished loading Cardboard Box blacklist (loaded 0 entries)
[23:21:18] [Server thread/INFO] [Mekanism]: Hooking complete.
[23:21:18] [Server thread/INFO] [mekores]: Searching for valid Mekanism ores...
[23:21:18] [Server thread/INFO] [mekores]: Found ore Cobalt from mod(s) tconstruct
[23:21:18] [Server thread/INFO] [mekores]: Found ore Ardite from mod(s) tconstruct
[23:21:18] [Server thread/INFO] [mekores]: Found ore AncientDebris from mod(s) futuremc
[23:21:18] [Server thread/WARN] [mekores]: Unknown ore AncientDebris!
[23:21:18] [Server thread/INFO] [mekores]: Found ore Aluminum from mod(s) immersiveengineering
[23:21:18] [Server thread/INFO] [mekores]: Found ore Nickel from mod(s) immersiveengineering
[23:21:18] [Server thread/INFO] [mekores]: Found ore Uranium from mod(s) immersiveengineering
[23:21:18] [Server thread/INFO] [mekores]: Found 5 valid, 1 invalid ores from mod(s) tconstruct, futuremc, immersiveengineering
[23:21:18] [Server thread/INFO] [STDOUT]: [com.bobmowzie.mowziesmobs.server.spawn.SpawnHandler:getBiomesFromConfig:146]: Reflection failed
[23:21:18] [Server thread/INFO] [STDOUT]: [com.bobmowzie.mowziesmobs.server.spawn.SpawnHandler:getBiomesFromConfig:146]: Reflection failed
[23:21:18] [Server thread/INFO] [STDOUT]: [com.bobmowzie.mowziesmobs.server.spawn.SpawnHandler:getBiomesFromConfig:146]: Reflection failed
[23:21:18] [Server thread/INFO] [STDOUT]: [com.bobmowzie.mowziesmobs.server.spawn.SpawnHandler:getBiomesFromConfig:146]: Reflection failed
[23:21:18] [Server thread/INFO] [STDOUT]: [com.bobmowzie.mowziesmobs.server.spawn.SpawnHandler:getBiomesFromConfig:146]: Reflection failed
[23:21:18] [Server thread/INFO] [STDOUT]: [com.bobmowzie.mowziesmobs.server.spawn.SpawnHandler:getBiomesFromConfig:146]: Reflection failed
[23:21:18] [Server thread/INFO] [STDOUT]: [com.bobmowzie.mowziesmobs.server.spawn.SpawnHandler:getBiomesFromConfig:146]: Reflection failed
[23:21:18] [Server thread/INFO] [STDOUT]: [com.bobmowzie.mowziesmobs.server.spawn.SpawnHandler:getBiomesFromConfig:146]: Reflection failed
[23:21:18] [LunatriusCore Version Check/ERROR] [lunatriuscore]: Something went wrong!
com.google.gson.JsonSyntaxException: java.lang.IllegalStateException: Expected BEGIN_OBJECT but was STRING at line 1 column 1 path $
	at com.google.gson.internal.bind.ReflectiveTypeAdapterFactory$Adapter.read(ReflectiveTypeAdapterFactory.java:224) ~[ReflectiveTypeAdapterFactory$Adapter.class:?]
	at com.google.gson.Gson.fromJson(Gson.java:887) ~[Gson.class:?]
	at com.google.gson.Gson.fromJson(Gson.java:852) ~[Gson.class:?]
	at com.google.gson.Gson.fromJson(Gson.java:801) ~[Gson.class:?]
	at com.google.gson.Gson.fromJson(Gson.java:773) ~[Gson.class:?]
	at com.github.lunatrius.core.version.VersionChecker$1.run(VersionChecker.java:58) [VersionChecker$1.class:?]
Caused by: java.lang.IllegalStateException: Expected BEGIN_OBJECT but was STRING at line 1 column 1 path $
	at com.google.gson.stream.JsonReader.beginObject(JsonReader.java:385) ~[JsonReader.class:?]
	at com.google.gson.internal.bind.ReflectiveTypeAdapterFactory$Adapter.read(ReflectiveTypeAdapterFactory.java:213) ~[ReflectiveTypeAdapterFactory$Adapter.class:?]
	... 5 more
[23:21:19] [Server thread/WARN] [openmodularturrets]: Tried to add duplicate mob to mob list: ArmorStand
[23:21:19] [Server thread/INFO] [srparasites]: [MOD COMPATIBILITY] 1 of 2 modules activated
[23:21:19] [Server thread/INFO] [reborncore]: Loaded registrys for net.minecraftforge.fml.common.event.FMLPostInitializationEvent in 0ms
[23:21:19] [Server thread/INFO] [spawnercraft]: postInit finished.
[23:21:19] [Server thread/ERROR] [vtt]: Unknown profession "vtt:brewer" in file "brewer.json"
[23:21:19] [Server thread/ERROR] [vtt]: Unknown profession "vtt:redstoner" in file "redstoner.json"
[23:21:19] [Server thread/ERROR] [vtt]: Unknown career "necromancer" in file "necromancer.json"
[23:21:19] [Server thread/INFO] [xaero.minimap.XaeroMinimap]: Loading Xaero's Minimap - Stage 2/2 (Server)
[23:21:19] [Server thread/INFO] [xaero.map.WorldMap]: Loading Xaero's World Map - Stage 2/2 (Server)
[23:21:19] [Server thread/INFO] [additions]: Postinitializing addons.
[23:21:19] [Server thread/ERROR] [supermartijn642corelib]: Encountered exception in tag json 'minecraft:blocks/wooden_trapdoors.json' in mod 'Macaw's Trapdoors'!
com.google.gson.JsonParseException: Entry must be an object!
	at com.supermartijn642.core.data.tag.CustomTagEntries.deserialize(CustomTagEntries.java:60) ~[CustomTagEntries.class:?]
	at com.supermartijn642.core.data.TagLoader.lambda$readTagFile$4(TagLoader.java:202) ~[TagLoader.class:?]
	at java.lang.Iterable.forEach(Iterable.java:75) ~[?:1.8.0_492]
	at com.supermartijn642.core.data.TagLoader.readTagFile(TagLoader.java:201) ~[TagLoader.class:?]
	at com.supermartijn642.core.data.TagLoader.lambda$loadTags$2(TagLoader.java:125) ~[TagLoader.class:?]
	at java.util.stream.ForEachOps$ForEachOp$OfRef.accept(ForEachOps.java:183) ~[?:1.8.0_492]
	at java.util.stream.ReferencePipeline$3$1.accept(ReferencePipeline.java:193) ~[?:1.8.0_492]
	at java.util.Iterator.forEachRemaining(Iterator.java:116) ~[?:1.8.0_492]
	at java.util.Spliterators$IteratorSpliterator.forEachRemaining(Spliterators.java:1801) ~[?:1.8.0_492]
	at java.util.stream.AbstractPipeline.copyInto(AbstractPipeline.java:482) ~[?:1.8.0_492]
	at java.util.stream.AbstractPipeline.wrapAndCopyInto(AbstractPipeline.java:472) ~[?:1.8.0_492]
	at java.util.stream.ForEachOps$ForEachOp.evaluateSequential(ForEachOps.java:150) ~[?:1.8.0_492]
	at java.util.stream.ForEachOps$ForEachOp$OfRef.evaluateSequential(ForEachOps.java:173) ~[?:1.8.0_492]
	at java.util.stream.AbstractPipeline.evaluate(AbstractPipeline.java:234) ~[?:1.8.0_492]
	at java.util.stream.ReferencePipeline.forEach(ReferencePipeline.java:485) ~[?:1.8.0_492]
	at com.supermartijn642.core.data.TagLoader.loadTags(TagLoader.java:111) ~[TagLoader.class:?]
	at java.util.ArrayList.forEach(ArrayList.java:1259) [?:1.8.0_492]
	at com.supermartijn642.core.data.TagLoader.loadTags(TagLoader.java:45) [TagLoader.class:?]
	at com.supermartijn642.core.CoreLib.onLoadComplete(CoreLib.java:72) [CoreLib.class:?]
	at sun.reflect.NativeMethodAccessorImpl.invoke0(Native Method) ~[?:1.8.0_492]
	at sun.reflect.NativeMethodAccessorImpl.invoke(NativeMethodAccessorImpl.java:62) ~[?:1.8.0_492]
	at sun.reflect.DelegatingMethodAccessorImpl.invoke(DelegatingMethodAccessorImpl.java:43) ~[?:1.8.0_492]
	at java.lang.reflect.Method.invoke(Method.java:498) ~[?:1.8.0_492]
	at net.minecraftforge.fml.common.FMLModContainer.handleModStateEvent(FMLModContainer.java:637) [FMLModContainer.class:?]
	at sun.reflect.GeneratedMethodAccessor13.invoke(Unknown Source) ~[?:?]
	at sun.reflect.DelegatingMethodAccessorImpl.invoke(DelegatingMethodAccessorImpl.java:43) ~[?:1.8.0_492]
	at java.lang.reflect.Method.invoke(Method.java:498) ~[?:1.8.0_492]
	at com.google.common.eventbus.Subscriber.invokeSubscriberMethod(Subscriber.java:91) [minecraft_server.1.12.2.jar:?]
	at com.google.common.eventbus.Subscriber$SynchronizedSubscriber.invokeSubscriberMethod(Subscriber.java:150) [minecraft_server.1.12.2.jar:?]
	at com.google.common.eventbus.Subscriber$1.run(Subscriber.java:76) [minecraft_server.1.12.2.jar:?]
	at com.google.common.util.concurrent.MoreExecutors$DirectExecutor.execute(MoreExecutors.java:399) [minecraft_server.1.12.2.jar:?]
	at com.google.common.eventbus.Subscriber.dispatchEvent(Subscriber.java:71) [minecraft_server.1.12.2.jar:?]
	at com.google.common.eventbus.Dispatcher$PerThreadQueuedDispatcher.dispatch(Dispatcher.java:116) [minecraft_server.1.12.2.jar:?]
	at com.google.common.eventbus.EventBus.post(EventBus.java:217) [minecraft_server.1.12.2.jar:?]
	at net.minecraftforge.fml.common.LoadController.sendEventToModContainer(LoadController.java:219) [LoadController.class:?]
	at net.minecraftforge.fml.common.LoadController.propogateStateMessage(LoadController.java:197) [LoadController.class:?]
	at sun.reflect.NativeMethodAccessorImpl.invoke0(Native Method) ~[?:1.8.0_492]
	at sun.reflect.NativeMethodAccessorImpl.invoke(NativeMethodAccessorImpl.java:62) ~[?:1.8.0_492]
	at sun.reflect.DelegatingMethodAccessorImpl.invoke(DelegatingMethodAccessorImpl.java:43) ~[?:1.8.0_492]
	at java.lang.reflect.Method.invoke(Method.java:498) ~[?:1.8.0_492]
	at com.google.common.eventbus.Subscriber.invokeSubscriberMethod(Subscriber.java:91) [minecraft_server.1.12.2.jar:?]
	at com.google.common.eventbus.Subscriber$SynchronizedSubscriber.invokeSubscriberMethod(Subscriber.java:150) [minecraft_server.1.12.2.jar:?]
	at com.google.common.eventbus.Subscriber$1.run(Subscriber.java:76) [minecraft_server.1.12.2.jar:?]
	at com.google.common.util.concurrent.MoreExecutors$DirectExecutor.execute(MoreExecutors.java:399) [minecraft_server.1.12.2.jar:?]
	at com.google.common.eventbus.Subscriber.dispatchEvent(Subscriber.java:71) [minecraft_server.1.12.2.jar:?]
	at com.google.common.eventbus.Dispatcher$PerThreadQueuedDispatcher.dispatch(Dispatcher.java:116) [minecraft_server.1.12.2.jar:?]
	at com.google.common.eventbus.EventBus.post(EventBus.java:217) [minecraft_server.1.12.2.jar:?]
	at net.minecraftforge.fml.common.LoadController.distributeStateMessage(LoadController.java:136) [LoadController.class:?]
	at net.minecraftforge.fml.common.Loader.initializeMods(Loader.java:757) [Loader.class:?]
	at net.minecraftforge.fml.server.FMLServerHandler.finishServerLoading(FMLServerHandler.java:108) [FMLServerHandler.class:?]
	at net.minecraftforge.fml.common.FMLCommonHandler.onServerStarted(FMLCommonHandler.java:338) [FMLCommonHandler.class:?]
	at net.minecraft.server.dedicated.DedicatedServer.func_71197_b(DedicatedServer.java:219) [nz.class:?]
	at net.minecraft.server.MinecraftServer.run(MinecraftServer.java:486) [MinecraftServer.class:?]
	at java.lang.Thread.run(Thread.java:750) [?:1.8.0_492]
[23:21:19] [Server thread/ERROR] [supermartijn642corelib]: Encountered exception in tag json 'minecraft:items/wooden_trapdoors.json' in mod 'Macaw's Trapdoors'!
com.google.gson.JsonParseException: Entry must be an object!
	at com.supermartijn642.core.data.tag.CustomTagEntries.deserialize(CustomTagEntries.java:60) ~[CustomTagEntries.class:?]
	at com.supermartijn642.core.data.TagLoader.lambda$readTagFile$4(TagLoader.java:202) ~[TagLoader.class:?]
	at java.lang.Iterable.forEach(Iterable.java:75) ~[?:1.8.0_492]
	at com.supermartijn642.core.data.TagLoader.readTagFile(TagLoader.java:201) ~[TagLoader.class:?]
	at com.supermartijn642.core.data.TagLoader.lambda$loadTags$2(TagLoader.java:125) ~[TagLoader.class:?]
	at java.util.stream.ForEachOps$ForEachOp$OfRef.accept(ForEachOps.java:183) ~[?:1.8.0_492]
	at java.util.stream.ReferencePipeline$3$1.accept(ReferencePipeline.java:193) ~[?:1.8.0_492]
	at java.util.Iterator.forEachRemaining(Iterator.java:116) ~[?:1.8.0_492]
	at java.util.Spliterators$IteratorSpliterator.forEachRemaining(Spliterators.java:1801) ~[?:1.8.0_492]
	at java.util.stream.AbstractPipeline.copyInto(AbstractPipeline.java:482) ~[?:1.8.0_492]
	at java.util.stream.AbstractPipeline.wrapAndCopyInto(AbstractPipeline.java:472) ~[?:1.8.0_492]
	at java.util.stream.ForEachOps$ForEachOp.evaluateSequential(ForEachOps.java:150) ~[?:1.8.0_492]
	at java.util.stream.ForEachOps$ForEachOp$OfRef.evaluateSequential(ForEachOps.java:173) ~[?:1.8.0_492]
	at java.util.stream.AbstractPipeline.evaluate(AbstractPipeline.java:234) ~[?:1.8.0_492]
	at java.util.stream.ReferencePipeline.forEach(ReferencePipeline.java:485) ~[?:1.8.0_492]
	at com.supermartijn642.core.data.TagLoader.loadTags(TagLoader.java:111) ~[TagLoader.class:?]
	at java.util.ArrayList.forEach(ArrayList.java:1259) [?:1.8.0_492]
	at com.supermartijn642.core.data.TagLoader.loadTags(TagLoader.java:45) [TagLoader.class:?]
	at com.supermartijn642.core.CoreLib.onLoadComplete(CoreLib.java:72) [CoreLib.class:?]
	at sun.reflect.NativeMethodAccessorImpl.invoke0(Native Method) ~[?:1.8.0_492]
	at sun.reflect.NativeMethodAccessorImpl.invoke(NativeMethodAccessorImpl.java:62) ~[?:1.8.0_492]
	at sun.reflect.DelegatingMethodAccessorImpl.invoke(DelegatingMethodAccessorImpl.java:43) ~[?:1.8.0_492]
	at java.lang.reflect.Method.invoke(Method.java:498) ~[?:1.8.0_492]
	at net.minecraftforge.fml.common.FMLModContainer.handleModStateEvent(FMLModContainer.java:637) [FMLModContainer.class:?]
	at sun.reflect.GeneratedMethodAccessor13.invoke(Unknown Source) ~[?:?]
	at sun.reflect.DelegatingMethodAccessorImpl.invoke(DelegatingMethodAccessorImpl.java:43) ~[?:1.8.0_492]
	at java.lang.reflect.Method.invoke(Method.java:498) ~[?:1.8.0_492]
	at com.google.common.eventbus.Subscriber.invokeSubscriberMethod(Subscriber.java:91) [minecraft_server.1.12.2.jar:?]
	at com.google.common.eventbus.Subscriber$SynchronizedSubscriber.invokeSubscriberMethod(Subscriber.java:150) [minecraft_server.1.12.2.jar:?]
	at com.google.common.eventbus.Subscriber$1.run(Subscriber.java:76) [minecraft_server.1.12.2.jar:?]
	at com.google.common.util.concurrent.MoreExecutors$DirectExecutor.execute(MoreExecutors.java:399) [minecraft_server.1.12.2.jar:?]
	at com.google.common.eventbus.Subscriber.dispatchEvent(Subscriber.java:71) [minecraft_server.1.12.2.jar:?]
	at com.google.common.eventbus.Dispatcher$PerThreadQueuedDispatcher.dispatch(Dispatcher.java:116) [minecraft_server.1.12.2.jar:?]
	at com.google.common.eventbus.EventBus.post(EventBus.java:217) [minecraft_server.1.12.2.jar:?]
	at net.minecraftforge.fml.common.LoadController.sendEventToModContainer(LoadController.java:219) [LoadController.class:?]
	at net.minecraftforge.fml.common.LoadController.propogateStateMessage(LoadController.java:197) [LoadController.class:?]
	at sun.reflect.NativeMethodAccessorImpl.invoke0(Native Method) ~[?:1.8.0_492]
	at sun.reflect.NativeMethodAccessorImpl.invoke(NativeMethodAccessorImpl.java:62) ~[?:1.8.0_492]
	at sun.reflect.DelegatingMethodAccessorImpl.invoke(DelegatingMethodAccessorImpl.java:43) ~[?:1.8.0_492]
	at java.lang.reflect.Method.invoke(Method.java:498) ~[?:1.8.0_492]
	at com.google.common.eventbus.Subscriber.invokeSubscriberMethod(Subscriber.java:91) [minecraft_server.1.12.2.jar:?]
	at com.google.common.eventbus.Subscriber$SynchronizedSubscriber.invokeSubscriberMethod(Subscriber.java:150) [minecraft_server.1.12.2.jar:?]
	at com.google.common.eventbus.Subscriber$1.run(Subscriber.java:76) [minecraft_server.1.12.2.jar:?]
	at com.google.common.util.concurrent.MoreExecutors$DirectExecutor.execute(MoreExecutors.java:399) [minecraft_server.1.12.2.jar:?]
	at com.google.common.eventbus.Subscriber.dispatchEvent(Subscriber.java:71) [minecraft_server.1.12.2.jar:?]
	at com.google.common.eventbus.Dispatcher$PerThreadQueuedDispatcher.dispatch(Dispatcher.java:116) [minecraft_server.1.12.2.jar:?]
	at com.google.common.eventbus.EventBus.post(EventBus.java:217) [minecraft_server.1.12.2.jar:?]
	at net.minecraftforge.fml.common.LoadController.distributeStateMessage(LoadController.java:136) [LoadController.class:?]
	at net.minecraftforge.fml.common.Loader.initializeMods(Loader.java:757) [Loader.class:?]
	at net.minecraftforge.fml.server.FMLServerHandler.finishServerLoading(FMLServerHandler.java:108) [FMLServerHandler.class:?]
	at net.minecraftforge.fml.common.FMLCommonHandler.onServerStarted(FMLCommonHandler.java:338) [FMLCommonHandler.class:?]
	at net.minecraft.server.dedicated.DedicatedServer.func_71197_b(DedicatedServer.java:219) [nz.class:?]
	at net.minecraft.server.MinecraftServer.run(MinecraftServer.java:486) [MinecraftServer.class:?]
	at java.lang.Thread.run(Thread.java:750) [?:1.8.0_492]
[23:21:19] [Server thread/INFO] [supermartijn642corelib]: Loaded '8' block tags
[23:21:19] [Server thread/INFO] [supermartijn642corelib]: Loaded '1' item tags
[23:21:19] [Server thread/INFO] [cofhcore]: CoFH Core: Load Complete.
[23:21:19] [Server thread/INFO] [bnbgaminglib]: FML mod loading complete. There appear to be 1 BNBGaming mods present.
[23:21:19] [Server thread/INFO] [dsurround]: Initializing registry [Dimension Registry]
[23:21:19] [Server thread/ERROR] [Enchanting Plus]: Tried to blacklist enchantment futuremc:riptide but it does not exist.
[23:21:19] [Server thread/ERROR] [Enchanting Plus]: Tried to blacklist enchantment futuremc:channeling but it does not exist.
[23:21:19] [Server thread/ERROR] [Enchanting Plus]: Tried to blacklist enchantment futuremc:impaling but it does not exist.
[23:21:19] [Server thread/ERROR] [Enchanting Plus]: Tried to blacklist enchantment futuremc:loyalty but it does not exist.
[23:21:19] [Server thread/ERROR] [Enchanting Plus]: Tried to blacklist enchantment somanyenchantments:mathematics but it does not exist.
[23:21:19] [Server thread/ERROR] [Enchanting Plus]: Tried to blacklist enchantment somanyenchantments:history but it does not exist.
[23:21:19] [Server thread/ERROR] [Enchanting Plus]: Tried to blacklist enchantment somanyenchantments:science but it does not exist.
[23:21:19] [Server thread/ERROR] [Enchanting Plus]: Tried to blacklist enchantment somanyenchantments:pe but it does not exist.
[23:21:19] [Server thread/ERROR] [Enchanting Plus]: Tried to blacklist enchantment somanyenchantments:english but it does not exist.
[23:21:19] [Server thread/ERROR] [Enchanting Plus]: Tried to blacklist enchantment somanyenchantments:atomicdeconstructor but it does not exist.
[23:21:19] [Server thread/ERROR] [Enchanting Plus]: Tried to blacklist enchantment somanyenchantments:luckmagnification but it does not exist.
[23:21:19] [Server thread/INFO] [Waila]: Starting Waila...
[23:21:19] [Server thread/INFO] [Waila]: Gathering annotated plugins...
[23:21:19] [Server thread/INFO] [Waila]: Gathering wrapped IMC plugins...
[23:21:19] [Server thread/INFO] [Waila]: Registering plugins...
[23:21:19] [Server thread/INFO] [Waila]: Registering plugin at mcp.mobius.waila.addons.core.PluginCore
[23:21:19] [Server thread/INFO] [Waila]: Registering plugin at blusunrize.immersiveengineering.common.util.compat.waila.IEWailaDataProvider
[23:21:19] [Server thread/INFO] [Waila]: Registering plugin at mcp.mobius.waila.addons.minecraft.PluginMinecraft
[23:21:19] [Server thread/INFO] [Waila]: Registering plugin at mcp.mobius.waila.addons.capability.PluginCapability
[23:21:19] [Server thread/INFO] [Waila]: Registering plugin at appeng.integration.modules.waila.WailaModule
[23:21:19] [Server thread/ERROR] [Waila]: Error registering wrapped plugin from appliedenergistics2 at appeng.integration.modules.waila.WailaModule.register
[23:21:19] [Server thread/INFO] [Waila]: Registering plugin at com.zeitheron.hammercore.compat.waila.GetWaila
[23:21:19] [Server thread/INFO] [HammerLib]: Waila API hooked!
[23:21:19] [Server thread/INFO] [Waila]: Registering plugin at net.blay09.mods.cookingforblockheads.compat.WailaProvider
[23:21:19] [Server thread/INFO] [Waila]: Registering plugin at omtteam.omlib.compatibility.hwyla.OMLibWailaPlugin
[23:21:19] [Server thread/INFO] [Waila]: Registering plugin at slimeknights.tconstruct.plugin.waila.WailaRegistrar
[23:21:19] [Server thread/INFO] [Waila]: Starting Waila took 110.1 ms
[23:21:20] [Server thread/INFO] [FML]: Forge Mod Loader has successfully loaded 215 mods
[23:21:20] [Server thread/INFO] [defaultworldgenerator-port]: Loading Data For: StringTypeNode{value=Calamity World}
[23:21:20] [Server thread/INFO] [mcjtylib_ng]: Preparing all world data
[23:21:20] [Server thread/INFO] [net.minecraft.server.dedicated.DedicatedServer]: Preparing level "world"
[23:21:20] [Server thread/INFO] [FML]: Injecting existing registry data into this server instance
[23:21:21] [Server thread/INFO] [FML]: Applying holder lookups
[23:21:21] [Server thread/INFO] [FML]: Holder lookups applied
[23:21:22] [Server thread/INFO] [ChunkGenLimitTransformer]: Transforming net.minecraft.server.management.PlayerChunkMap
[23:21:22] [Server thread/INFO] [ChunkGenLimitTransformer]:  > Finding method func_72693_b
[23:21:22] [Server thread/INFO] [ChunkGenLimitTransformer]:  > Transforming PlayerChunkMap.tick()
[23:21:22] [Server thread/INFO] [ChunkGenLimitTransformer]:  >>> Replacing constant 50000000L with getTimeLimit
[23:21:22] [Server thread/INFO] [ChunkGenLimitTransformer]:  >>> Replacing constant 49 with getChunkLimit
[23:21:22] [Server thread/INFO] [FML]: Loading dimension 0 (world) (net.minecraft.server.dedicated.DedicatedServer@39c8df3e)
[23:21:22] [Server thread/INFO] [improvableskills]: Injecting parchment into LootTable 'quark:chests/pirate_chest'!
[23:21:22] [Server thread/INFO] [improvableskills]: Injecting scroll for skill 'improvableskills:generic_protection' into LootTable 'minecraft:chests/simple_dungeon'!
[23:21:22] [Server thread/INFO] [improvableskills]: Injecting parchment into LootTable 'minecraft:chests/simple_dungeon'!
[23:21:22] [Server thread/ERROR] [loottweaker.sanity_checks]: Duplicate entry name 'written_book' in pool 'bookpool' of table '{}'. Duplicate added as 'written_book0'.
Report this to the loot adder.
[23:21:22] [Server thread/ERROR] [loottweaker.sanity_checks]: Duplicate entry name 'written_book' in pool 'bookpool' of table '{}'. Duplicate added as 'written_book0'.
Report this to the loot adder.
[23:21:22] [Server thread/ERROR] [loottweaker.sanity_checks]: Duplicate entry name 'written_book' in pool 'bookpool' of table '{}'. Duplicate added as 'written_book0'.
Report this to the loot adder.
[23:21:22] [Server thread/ERROR] [loottweaker.sanity_checks]: Duplicate entry name 'written_book' in pool 'bookpool' of table '{}'. Duplicate added as 'written_book0'.
Report this to the loot adder.
[23:21:22] [Server thread/ERROR] [loottweaker.sanity_checks]: Duplicate entry name 'written_book' in pool 'bookpool' of table '{}'. Duplicate added as 'written_book0'.
Report this to the loot adder.
[23:21:22] [Server thread/ERROR] [loottweaker.sanity_checks]: Duplicate entry name 'written_book' in pool 'bookpool' of table '{}'. Duplicate added as 'written_book0'.
Report this to the loot adder.
[23:21:22] [Server thread/ERROR] [loottweaker.sanity_checks]: Duplicate entry name 'written_book' in pool 'bookpool' of table '{}'. Duplicate added as 'written_book0'.
Report this to the loot adder.
[23:21:22] [Server thread/ERROR] [loottweaker.sanity_checks]: Duplicate entry name 'written_book' in pool 'bookpool' of table '{}'. Duplicate added as 'written_book0'.
Report this to the loot adder.
[23:21:22] [Server thread/ERROR] [loottweaker.sanity_checks]: Duplicate entry name 'written_book' in pool 'bookpool' of table '{}'. Duplicate added as 'written_book0'.
Report this to the loot adder.
[23:21:22] [Server thread/ERROR] [loottweaker.sanity_checks]: Duplicate entry name 'written_book' in pool 'bookpool' of table '{}'. Duplicate added as 'written_book0'.
Report this to the loot adder.
[23:21:22] [Server thread/ERROR] [loottweaker.sanity_checks]: Duplicate entry name 'written_book' in pool 'bookpool' of table '{}'. Duplicate added as 'written_book0'.
Report this to the loot adder.
[23:21:22] [Server thread/ERROR] [loottweaker.sanity_checks]: Duplicate entry name 'written_book' in pool 'bookpool' of table '{}'. Duplicate added as 'written_book0'.
Report this to the loot adder.
[23:21:22] [Server thread/ERROR] [loottweaker.sanity_checks]: Duplicate entry name 'written_book' in pool 'bookpool' of table '{}'. Duplicate added as 'written_book0'.
Report this to the loot adder.
[23:21:22] [Server thread/ERROR] [loottweaker.sanity_checks]: Duplicate entry name 'written_book' in pool 'bookpool' of table '{}'. Duplicate added as 'written_book0'.
Report this to the loot adder.
[23:21:22] [Server thread/ERROR] [loottweaker.sanity_checks]: Duplicate entry name 'written_book' in pool 'bookpool' of table '{}'. Duplicate added as 'written_book0'.
Report this to the loot adder.
[23:21:22] [Server thread/ERROR] [loottweaker.sanity_checks]: Duplicate entry name 'written_book' in pool 'bookpool' of table '{}'. Duplicate added as 'written_book0'.
Report this to the loot adder.
[23:21:22] [Server thread/ERROR] [loottweaker.sanity_checks]: Duplicate entry name 'written_book' in pool 'bookpool' of table '{}'. Duplicate added as 'written_book0'.
Report this to the loot adder.
[23:21:22] [Server thread/ERROR] [loottweaker.sanity_checks]: Duplicate entry name 'written_book' in pool 'bookpool' of table '{}'. Duplicate added as 'written_book0'.
Report this to the loot adder.
[23:21:22] [Server thread/INFO] [improvableskills]: Injecting scroll for skill 'improvableskills:alchemist' into LootTable 'minecraft:entities/witch'!
[23:21:22] [Server thread/INFO] [improvableskills]: Injecting scroll for skill 'improvableskills:obsidian_skin' into LootTable 'minecraft:chests/nether_bridge'!
[23:21:22] [Server thread/INFO] [improvableskills]: Injecting parchment into LootTable 'minecraft:chests/nether_bridge'!
[23:21:22] [Server thread/INFO] [improvableskills]: Injecting parchment into LootTable 'minecraft:chests/abandoned_mineshaft'!
[23:21:22] [Server thread/INFO] [improvableskills]: Injecting scroll for skill 'improvableskills:growth' into LootTable 'minecraft:chests/jungle_temple'!
[23:21:22] [Server thread/INFO] [improvableskills]: Injecting parchment into LootTable 'minecraft:chests/jungle_temple'!
[23:21:22] [Server thread/INFO] [improvableskills]: Injecting scroll for skill 'improvableskills:treasure_sands' into LootTable 'minecraft:chests/desert_pyramid'!
[23:21:22] [Server thread/INFO] [improvableskills]: Injecting parchment into LootTable 'minecraft:chests/desert_pyramid'!
[23:21:22] [Server thread/INFO] [improvableskills]: Injecting scroll for skill 'improvableskills:enchanter' into LootTable 'minecraft:chests/stronghold_library'!
[23:21:22] [Server thread/INFO] [improvableskills]: Injecting parchment into LootTable 'minecraft:chests/stronghold_library'!
[23:21:22] [Server thread/INFO] [improvableskills]: Injecting parchment into LootTable 'immersiveengineering:chests/stronghold_library'!
[23:21:22] [Server thread/ERROR] [loottweaker.sanity_checks]: Duplicate entry name 'written_book' in pool 'bookpool' of table '{}'. Duplicate added as 'written_book0'.
Report this to the loot adder.
[23:21:22] [Server thread/ERROR] [loottweaker.sanity_checks]: Duplicate entry name 'written_book' in pool 'bookpool' of table '{}'. Duplicate added as 'written_book0'.
Report this to the loot adder.
[23:21:22] [Server thread/ERROR] [loottweaker.sanity_checks]: Duplicate entry name 'written_book' in pool 'bookpool' of table '{}'. Duplicate added as 'written_book0'.
Report this to the loot adder.
[23:21:22] [Server thread/ERROR] [loottweaker.sanity_checks]: Duplicate entry name 'written_book' in pool 'bookpool' of table '{}'. Duplicate added as 'written_book0'.
Report this to the loot adder.
[23:21:22] [Server thread/ERROR] [loottweaker.sanity_checks]: Duplicate entry name 'written_book' in pool 'bookpool' of table '{}'. Duplicate added as 'written_book0'.
Report this to the loot adder.
[23:21:22] [Server thread/ERROR] [loottweaker.sanity_checks]: Duplicate entry name 'written_book' in pool 'bookpool' of table '{}'. Duplicate added as 'written_book0'.
Report this to the loot adder.
[23:21:22] [Server thread/ERROR] [loottweaker.sanity_checks]: Duplicate entry name 'written_book' in pool 'bookpool' of table '{}'. Duplicate added as 'written_book0'.
Report this to the loot adder.
[23:21:22] [Server thread/ERROR] [loottweaker.sanity_checks]: Duplicate entry name 'written_book' in pool 'bookpool' of table '{}'. Duplicate added as 'written_book0'.
Report this to the loot adder.
[23:21:22] [Server thread/ERROR] [loottweaker.sanity_checks]: Duplicate entry name 'written_book' in pool 'bookpool' of table '{}'. Duplicate added as 'written_book0'.
Report this to the loot adder.
[23:21:22] [Server thread/ERROR] [loottweaker.sanity_checks]: Duplicate entry name 'written_book' in pool 'bookpool' of table '{}'. Duplicate added as 'written_book0'.
Report this to the loot adder.
[23:21:22] [Server thread/ERROR] [loottweaker.sanity_checks]: Duplicate entry name 'written_book' in pool 'bookpool' of table '{}'. Duplicate added as 'written_book0'.
Report this to the loot adder.
[23:21:22] [Server thread/ERROR] [loottweaker.sanity_checks]: Duplicate entry name 'written_book' in pool 'bookpool' of table '{}'. Duplicate added as 'written_book0'.
Report this to the loot adder.
[23:21:22] [Server thread/ERROR] [loottweaker.sanity_checks]: Duplicate entry name 'written_book' in pool 'bookpool' of table '{}'. Duplicate added as 'written_book0'.
Report this to the loot adder.
[23:21:22] [Server thread/ERROR] [loottweaker.sanity_checks]: Duplicate entry name 'written_book' in pool 'bookpool' of table '{}'. Duplicate added as 'written_book0'.
Report this to the loot adder.
[23:21:22] [Server thread/ERROR] [loottweaker.sanity_checks]: Duplicate entry name 'written_book' in pool 'bookpool' of table '{}'. Duplicate added as 'written_book0'.
Report this to the loot adder.
[23:21:22] [Server thread/ERROR] [loottweaker.sanity_checks]: Duplicate entry name 'written_book' in pool 'bookpool' of table '{}'. Duplicate added as 'written_book0'.
Report this to the loot adder.
[23:21:22] [Server thread/ERROR] [loottweaker.sanity_checks]: Duplicate entry name 'written_book' in pool 'bookpool' of table '{}'. Duplicate added as 'written_book0'.
Report this to the loot adder.
[23:21:22] [Server thread/ERROR] [loottweaker.sanity_checks]: Duplicate entry name 'written_book' in pool 'bookpool' of table '{}'. Duplicate added as 'written_book0'.
Report this to the loot adder.
[23:21:22] [Server thread/INFO] [improvableskills]: Injecting parchment into LootTable 'wolfarmor:chests/inject/dungeon'!
[23:21:22] [Server thread/INFO] [improvableskills]: Injecting parchment into LootTable 'immersiveengineering:chests/village_blacksmith'!
[23:21:22] [Server thread/INFO] [improvableskills]: Injecting parchment into LootTable 'minecraft:chests/spawn_bonus_chest'!
[23:21:22] [Server thread/INFO] [improvableskills]: Injecting parchment into LootTable 'mysticalworld:chests/hut'!
[23:21:22] [Server thread/INFO] [improvableskills]: Injecting parchment into LootTable 'minecraft:chests/stronghold_corridor'!
[23:21:22] [Server thread/INFO] [improvableskills]: Injecting scroll for skill 'improvableskills:atkdmg_ranged' into LootTable 'minecraft:entities/skeleton'!
[23:21:22] [Server thread/INFO] [improvableskills]: Injecting scroll for skill 'improvableskills:ender_manipulator' into LootTable 'minecraft:entities/enderman'!
[23:21:22] [Server thread/INFO] [improvableskills]: Injecting parchment into LootTable 'lostcities:chests/raildungeonchest'!
[23:21:22] [Server thread/INFO] [improvableskills]: Injecting parchment into LootTable 'minecraft:chests/igloo_chest'!
[23:21:22] [Server thread/ERROR] [loottweaker.sanity_checks]: Duplicate entry name 'written_book' in pool 'bookpool' of table '{}'. Duplicate added as 'written_book0'.
Report this to the loot adder.
[23:21:22] [Server thread/ERROR] [loottweaker.sanity_checks]: Duplicate entry name 'written_book' in pool 'bookpool' of table '{}'. Duplicate added as 'written_book0'.
Report this to the loot adder.
[23:21:22] [Server thread/ERROR] [loottweaker.sanity_checks]: Duplicate entry name 'written_book' in pool 'bookpool' of table '{}'. Duplicate added as 'written_book0'.
Report this to the loot adder.
[23:21:22] [Server thread/ERROR] [loottweaker.sanity_checks]: Duplicate entry name 'written_book' in pool 'bookpool' of table '{}'. Duplicate added as 'written_book0'.
Report this to the loot adder.
[23:21:22] [Server thread/ERROR] [loottweaker.sanity_checks]: Duplicate entry name 'written_book' in pool 'bookpool' of table '{}'. Duplicate added as 'written_book0'.
Report this to the loot adder.
[23:21:22] [Server thread/ERROR] [loottweaker.sanity_checks]: Duplicate entry name 'written_book' in pool 'bookpool' of table '{}'. Duplicate added as 'written_book0'.
Report this to the loot adder.
[23:21:22] [Server thread/ERROR] [loottweaker.sanity_checks]: Duplicate entry name 'written_book' in pool 'bookpool' of table '{}'. Duplicate added as 'written_book0'.
Report this to the loot adder.
[23:21:22] [Server thread/ERROR] [loottweaker.sanity_checks]: Duplicate entry name 'written_book' in pool 'bookpool' of table '{}'. Duplicate added as 'written_book0'.
Report this to the loot adder.
[23:21:22] [Server thread/ERROR] [loottweaker.sanity_checks]: Duplicate entry name 'written_book' in pool 'bookpool' of table '{}'. Duplicate added as 'written_book0'.
Report this to the loot adder.
[23:21:22] [Server thread/ERROR] [loottweaker.sanity_checks]: Duplicate entry name 'written_book' in pool 'bookpool' of table '{}'. Duplicate added as 'written_book0'.
Report this to the loot adder.
[23:21:22] [Server thread/ERROR] [loottweaker.sanity_checks]: Duplicate entry name 'written_book' in pool 'bookpool' of table '{}'. Duplicate added as 'written_book0'.
Report this to the loot adder.
[23:21:22] [Server thread/ERROR] [loottweaker.sanity_checks]: Duplicate entry name 'written_book' in pool 'bookpool' of table '{}'. Duplicate added as 'written_book0'.
Report this to the loot adder.
[23:21:22] [Server thread/ERROR] [loottweaker.sanity_checks]: Duplicate entry name 'written_book' in pool 'bookpool' of table '{}'. Duplicate added as 'written_book0'.
Report this to the loot adder.
[23:21:22] [Server thread/ERROR] [loottweaker.sanity_checks]: Duplicate entry name 'written_book' in pool 'bookpool' of table '{}'. Duplicate added as 'written_book0'.
Report this to the loot adder.
[23:21:22] [Server thread/ERROR] [loottweaker.sanity_checks]: Duplicate entry name 'written_book' in pool 'bookpool' of table '{}'. Duplicate added as 'written_book0'.
Report this to the loot adder.
[23:21:22] [Server thread/ERROR] [loottweaker.sanity_checks]: Duplicate entry name 'written_book' in pool 'bookpool' of table '{}'. Duplicate added as 'written_book0'.
Report this to the loot adder.
[23:21:22] [Server thread/ERROR] [loottweaker.sanity_checks]: Duplicate entry name 'written_book' in pool 'bookpool' of table '{}'. Duplicate added as 'written_book0'.
Report this to the loot adder.
[23:21:22] [Server thread/ERROR] [loottweaker.sanity_checks]: Duplicate entry name 'written_book' in pool 'bookpool' of table '{}'. Duplicate added as 'written_book0'.
Report this to the loot adder.
[23:21:22] [Server thread/ERROR] [loottweaker.sanity_checks]: Duplicate pool name 'futuremc:salmon' in table 'futuremc:entities/salmon'. Duplicate added as 'futuremc:salmon0'.
Report this to the loot adder.
[23:21:22] [Server thread/INFO] [improvableskills]: Injecting parchment into LootTable 'minecraft:chests/stronghold_crossing'!
[23:21:22] [Server thread/INFO] [improvableskills]: Injecting parchment into LootTable 'lostcities:chests/lostcitychest'!
[23:21:22] [Server thread/INFO] [improvableskills]: Injecting parchment into LootTable 'primitivemobs:chests/mimic_treasure'!
[23:21:22] [Server thread/INFO] [improvableskills]: Injecting parchment into LootTable 'minecraft:chests/village_blacksmith'!
[23:21:22] [Server thread/INFO] [improvableskills]: Injecting parchment into LootTable 'immersiveengineering:chests/village_blacksmith'!
[23:21:22] [Server thread/ERROR] [loottweaker.sanity_checks]: Duplicate entry name 'written_book' in pool 'bookpool' of table '{}'. Duplicate added as 'written_book0'.
Report this to the loot adder.
[23:21:22] [Server thread/ERROR] [loottweaker.sanity_checks]: Duplicate entry name 'written_book' in pool 'bookpool' of table '{}'. Duplicate added as 'written_book0'.
Report this to the loot adder.
[23:21:22] [Server thread/ERROR] [loottweaker.sanity_checks]: Duplicate entry name 'written_book' in pool 'bookpool' of table '{}'. Duplicate added as 'written_book0'.
Report this to the loot adder.
[23:21:22] [Server thread/ERROR] [loottweaker.sanity_checks]: Duplicate entry name 'written_book' in pool 'bookpool' of table '{}'. Duplicate added as 'written_book0'.
Report this to the loot adder.
[23:21:22] [Server thread/ERROR] [loottweaker.sanity_checks]: Duplicate entry name 'written_book' in pool 'bookpool' of table '{}'. Duplicate added as 'written_book0'.
Report this to the loot adder.
[23:21:22] [Server thread/ERROR] [loottweaker.sanity_checks]: Duplicate entry name 'written_book' in pool 'bookpool' of table '{}'. Duplicate added as 'written_book0'.
Report this to the loot adder.
[23:21:22] [Server thread/ERROR] [loottweaker.sanity_checks]: Duplicate entry name 'written_book' in pool 'bookpool' of table '{}'. Duplicate added as 'written_book0'.
Report this to the loot adder.
[23:21:22] [Server thread/ERROR] [loottweaker.sanity_checks]: Duplicate entry name 'written_book' in pool 'bookpool' of table '{}'. Duplicate added as 'written_book0'.
Report this to the loot adder.
[23:21:22] [Server thread/ERROR] [loottweaker.sanity_checks]: Duplicate entry name 'written_book' in pool 'bookpool' of table '{}'. Duplicate added as 'written_book0'.
Report this to the loot adder.
[23:21:22] [Server thread/ERROR] [loottweaker.sanity_checks]: Duplicate entry name 'written_book' in pool 'bookpool' of table '{}'. Duplicate added as 'written_book0'.
Report this to the loot adder.
[23:21:22] [Server thread/ERROR] [loottweaker.sanity_checks]: Duplicate entry name 'written_book' in pool 'bookpool' of table '{}'. Duplicate added as 'written_book0'.
Report this to the loot adder.
[23:21:22] [Server thread/ERROR] [loottweaker.sanity_checks]: Duplicate entry name 'written_book' in pool 'bookpool' of table '{}'. Duplicate added as 'written_book0'.
Report this to the loot adder.
[23:21:22] [Server thread/ERROR] [loottweaker.sanity_checks]: Duplicate entry name 'written_book' in pool 'bookpool' of table '{}'. Duplicate added as 'written_book0'.
Report this to the loot adder.
[23:21:22] [Server thread/ERROR] [loottweaker.sanity_checks]: Duplicate entry name 'written_book' in pool 'bookpool' of table '{}'. Duplicate added as 'written_book0'.
Report this to the loot adder.
[23:21:22] [Server thread/ERROR] [loottweaker.sanity_checks]: Duplicate entry name 'written_book' in pool 'bookpool' of table '{}'. Duplicate added as 'written_book0'.
Report this to the loot adder.
[23:21:22] [Server thread/ERROR] [loottweaker.sanity_checks]: Duplicate entry name 'written_book' in pool 'bookpool' of table '{}'. Duplicate added as 'written_book0'.
Report this to the loot adder.
[23:21:22] [Server thread/ERROR] [loottweaker.sanity_checks]: Duplicate entry name 'written_book' in pool 'bookpool' of table '{}'. Duplicate added as 'written_book0'.
Report this to the loot adder.
[23:21:22] [Server thread/ERROR] [loottweaker.sanity_checks]: Duplicate entry name 'written_book' in pool 'bookpool' of table '{}'. Duplicate added as 'written_book0'.
Report this to the loot adder.
[23:21:22] [Server thread/INFO] [improvableskills]: Injecting parchment into LootTable 'primitivemobs:chests/mimic_trap'!
[23:21:22] [Server thread/INFO] [improvableskills]: Injecting parchment into LootTable 'minecraft:chests/jungle_temple_dispenser'!
[23:21:22] [Server thread/INFO] [improvableskills]: Injecting parchment into LootTable 'minecraft:chests/woodland_mansion'!
[23:21:22] [Server thread/ERROR] [loottweaker.sanity_checks]: Duplicate entry name 'written_book' in pool 'bookpool' of table '{}'. Duplicate added as 'written_book0'.
Report this to the loot adder.
[23:21:22] [Server thread/ERROR] [loottweaker.sanity_checks]: Duplicate entry name 'written_book' in pool 'bookpool' of table '{}'. Duplicate added as 'written_book0'.
Report this to the loot adder.
[23:21:22] [Server thread/ERROR] [loottweaker.sanity_checks]: Duplicate entry name 'written_book' in pool 'bookpool' of table '{}'. Duplicate added as 'written_book0'.
Report this to the loot adder.
[23:21:22] [Server thread/ERROR] [loottweaker.sanity_checks]: Duplicate entry name 'written_book' in pool 'bookpool' of table '{}'. Duplicate added as 'written_book0'.
Report this to the loot adder.
[23:21:22] [Server thread/ERROR] [loottweaker.sanity_checks]: Duplicate entry name 'written_book' in pool 'bookpool' of table '{}'. Duplicate added as 'written_book0'.
Report this to the loot adder.
[23:21:22] [Server thread/ERROR] [loottweaker.sanity_checks]: Duplicate entry name 'written_book' in pool 'bookpool' of table '{}'. Duplicate added as 'written_book0'.
Report this to the loot adder.
[23:21:22] [Server thread/ERROR] [loottweaker.sanity_checks]: Duplicate entry name 'written_book' in pool 'bookpool' of table '{}'. Duplicate added as 'written_book0'.
Report this to the loot adder.
[23:21:22] [Server thread/ERROR] [loottweaker.sanity_checks]: Duplicate entry name 'written_book' in pool 'bookpool' of table '{}'. Duplicate added as 'written_book0'.
Report this to the loot adder.
[23:21:22] [Server thread/ERROR] [loottweaker.sanity_checks]: Duplicate entry name 'written_book' in pool 'bookpool' of table '{}'. Duplicate added as 'written_book0'.
Report this to the loot adder.
[23:21:22] [Server thread/ERROR] [loottweaker.sanity_checks]: Duplicate entry name 'written_book' in pool 'bookpool' of table '{}'. Duplicate added as 'written_book0'.
Report this to the loot adder.
[23:21:22] [Server thread/ERROR] [loottweaker.sanity_checks]: Duplicate entry name 'written_book' in pool 'bookpool' of table '{}'. Duplicate added as 'written_book0'.
Report this to the loot adder.
[23:21:22] [Server thread/ERROR] [loottweaker.sanity_checks]: Duplicate entry name 'written_book' in pool 'bookpool' of table '{}'. Duplicate added as 'written_book0'.
Report this to the loot adder.
[23:21:22] [Server thread/ERROR] [loottweaker.sanity_checks]: Duplicate entry name 'written_book' in pool 'bookpool' of table '{}'. Duplicate added as 'written_book0'.
Report this to the loot adder.
[23:21:22] [Server thread/ERROR] [loottweaker.sanity_checks]: Duplicate entry name 'written_book' in pool 'bookpool' of table '{}'. Duplicate added as 'written_book0'.
Report this to the loot adder.
[23:21:22] [Server thread/ERROR] [loottweaker.sanity_checks]: Duplicate entry name 'written_book' in pool 'bookpool' of table '{}'. Duplicate added as 'written_book0'.
Report this to the loot adder.
[23:21:22] [Server thread/ERROR] [loottweaker.sanity_checks]: Duplicate entry name 'written_book' in pool 'bookpool' of table '{}'. Duplicate added as 'written_book0'.
Report this to the loot adder.
[23:21:22] [Server thread/ERROR] [loottweaker.sanity_checks]: Duplicate entry name 'written_book' in pool 'bookpool' of table '{}'. Duplicate added as 'written_book0'.
Report this to the loot adder.
[23:21:22] [Server thread/ERROR] [loottweaker.sanity_checks]: Duplicate entry name 'written_book' in pool 'bookpool' of table '{}'. Duplicate added as 'written_book0'.
Report this to the loot adder.
[23:21:22] [Server thread/INFO] [improvableskills]: Injecting parchment into LootTable 'immersiveengineering:chests/stronghold_library'!
[23:21:22] [Server thread/INFO] [improvableskills]: Injecting scroll for skill 'improvableskills:health' into LootTable 'minecraft:chests/end_city_treasure'!
[23:21:22] [Server thread/INFO] [improvableskills]: Injecting parchment into LootTable 'minecraft:chests/end_city_treasure'!
[23:21:22] [Server thread/ERROR] [net.minecraft.advancements.AdvancementManager]: Parsing error loading built-in advancement minecraft:recipes/redstone/trapdoor
com.google.gson.JsonSyntaxException: Unknown recipe 'minecraft:trapdoor'
	at net.minecraft.advancements.AdvancementRewards$Deserializer.deserialize(AdvancementRewards.java:171) ~[l$a.class:?]
	at net.minecraft.advancements.AdvancementRewards$Deserializer.deserialize(AdvancementRewards.java:147) ~[l$a.class:?]
	at com.google.gson.internal.bind.TreeTypeAdapter.read(TreeTypeAdapter.java:69) ~[TreeTypeAdapter.class:?]
	at com.google.gson.Gson.fromJson(Gson.java:887) ~[Gson.class:?]
	at com.google.gson.Gson.fromJson(Gson.java:952) ~[Gson.class:?]
	at com.google.gson.internal.bind.TreeTypeAdapter$GsonContextImpl.deserialize(TreeTypeAdapter.java:162) ~[TreeTypeAdapter$GsonContextImpl.class:?]
	at net.minecraft.util.JsonUtils.func_188179_a(SourceFile:439) ~[rc.class:?]
	at net.minecraft.util.JsonUtils.func_188177_a(SourceFile:455) ~[rc.class:?]
	at net.minecraft.advancements.Advancement$Builder.func_192059_a(SourceFile:203) ~[i$a.class:?]
	at net.minecraft.advancements.AdvancementManager$1.deserialize(AdvancementManager.java:50) ~[ns$1.class:?]
	at net.minecraft.advancements.AdvancementManager$1.deserialize(AdvancementManager.java:46) ~[ns$1.class:?]
	at com.google.gson.internal.bind.TreeTypeAdapter.read(TreeTypeAdapter.java:69) ~[TreeTypeAdapter.class:?]
	at net.minecraft.util.JsonUtils.func_188173_a(SourceFile:492) ~[rc.class:?]
	at net.minecraft.util.JsonUtils.func_193839_a(SourceFile:532) ~[rc.class:?]
	at net.minecraft.advancements.AdvancementManager.func_192777_a(AdvancementManager.java:184) [ns.class:?]
	at net.minecraft.advancements.AdvancementManager.func_192779_a(AdvancementManager.java:68) [ns.class:?]
	at net.minecraft.advancements.AdvancementManager.<init>(AdvancementManager.java:60) [ns.class:?]
	at net.minecraft.world.WorldServer.func_175643_b(WorldServer.java:156) [oo.class:?]
	at net.minecraft.server.MinecraftServer.func_71247_a(MinecraftServer.java:298) [MinecraftServer.class:?]
	at net.minecraft.server.dedicated.DedicatedServer.func_71197_b(DedicatedServer.java:270) [nz.class:?]
	at net.minecraft.server.MinecraftServer.run(MinecraftServer.java:486) [MinecraftServer.class:?]
	at java.lang.Thread.run(Thread.java:750) [?:1.8.0_492]
[23:21:22] [Server thread/ERROR] [FML]: Parsing error loading built-in advancement appliedenergistics2:main/facade
com.google.gson.JsonSyntaxException: Expected item to be an item, was unknown string 'appliedenergistics2:facade'
	at net.minecraft.util.JsonUtils.func_188172_b(SourceFile:124) ~[rc.class:?]
	at net.minecraft.util.JsonUtils.func_188180_i(SourceFile:135) ~[rc.class:?]
	at net.minecraft.advancements.DisplayInfo.func_193221_a(DisplayInfo.java:133) ~[r.class:?]
	at net.minecraft.advancements.DisplayInfo.func_192294_a(DisplayInfo.java:111) ~[r.class:?]
	at net.minecraft.advancements.Advancement$Builder.func_192059_a(SourceFile:202) ~[i$a.class:?]
	at net.minecraft.advancements.AdvancementManager$1.deserialize(AdvancementManager.java:50) ~[ns$1.class:?]
	at net.minecraft.advancements.AdvancementManager$1.deserialize(AdvancementManager.java:46) ~[ns$1.class:?]
	at com.google.gson.internal.bind.TreeTypeAdapter.read(TreeTypeAdapter.java:69) ~[TreeTypeAdapter.class:?]
	at net.minecraft.util.JsonUtils.func_188173_a(SourceFile:492) ~[rc.class:?]
	at net.minecraft.util.JsonUtils.func_188176_a(SourceFile:517) ~[rc.class:?]
	at net.minecraft.util.JsonUtils.func_188178_a(SourceFile:537) ~[rc.class:?]
	at net.minecraftforge.common.ForgeHooks.lambda$loadAdvancements$0(ForgeHooks.java:1381) ~[ForgeHooks.class:14.23.5.2860]
	at net.minecraftforge.common.crafting.CraftingHelper.findFiles(CraftingHelper.java:833) [CraftingHelper.class:?]
	at net.minecraftforge.common.ForgeHooks.loadAdvancements(ForgeHooks.java:1359) [ForgeHooks.class:14.23.5.2860]
	at net.minecraftforge.common.ForgeHooks.loadAdvancements(ForgeHooks.java:1326) [ForgeHooks.class:14.23.5.2860]
	at net.minecraft.advancements.AdvancementManager.func_192779_a(AdvancementManager.java:69) [ns.class:?]
	at net.minecraft.advancements.AdvancementManager.<init>(AdvancementManager.java:60) [ns.class:?]
	at net.minecraft.world.WorldServer.func_175643_b(WorldServer.java:156) [oo.class:?]
	at net.minecraft.server.MinecraftServer.func_71247_a(MinecraftServer.java:298) [MinecraftServer.class:?]
	at net.minecraft.server.dedicated.DedicatedServer.func_71197_b(DedicatedServer.java:270) [nz.class:?]
	at net.minecraft.server.MinecraftServer.run(MinecraftServer.java:486) [MinecraftServer.class:?]
	at java.lang.Thread.run(Thread.java:750) [?:1.8.0_492]
[23:21:22] [Server thread/ERROR] [FML]: Parsing error loading built-in advancement biomesoplenty:recipes/redstone/trapdoor_from_bop_wood
com.google.gson.JsonSyntaxException: Unknown recipe 'minecraft:trapdoor'
	at net.minecraft.advancements.AdvancementRewards$Deserializer.deserialize(AdvancementRewards.java:171) ~[l$a.class:?]
	at net.minecraft.advancements.AdvancementRewards$Deserializer.deserialize(AdvancementRewards.java:147) ~[l$a.class:?]
	at com.google.gson.internal.bind.TreeTypeAdapter.read(TreeTypeAdapter.java:69) ~[TreeTypeAdapter.class:?]
	at com.google.gson.Gson.fromJson(Gson.java:887) ~[Gson.class:?]
	at com.google.gson.Gson.fromJson(Gson.java:952) ~[Gson.class:?]
	at com.google.gson.internal.bind.TreeTypeAdapter$GsonContextImpl.deserialize(TreeTypeAdapter.java:162) ~[TreeTypeAdapter$GsonContextImpl.class:?]
	at net.minecraft.util.JsonUtils.func_188179_a(SourceFile:439) ~[rc.class:?]
	at net.minecraft.util.JsonUtils.func_188177_a(SourceFile:455) ~[rc.class:?]
	at net.minecraft.advancements.Advancement$Builder.func_192059_a(SourceFile:203) ~[i$a.class:?]
	at net.minecraft.advancements.AdvancementManager$1.deserialize(AdvancementManager.java:50) ~[ns$1.class:?]
	at net.minecraft.advancements.AdvancementManager$1.deserialize(AdvancementManager.java:46) ~[ns$1.class:?]
	at com.google.gson.internal.bind.TreeTypeAdapter.read(TreeTypeAdapter.java:69) ~[TreeTypeAdapter.class:?]
	at net.minecraft.util.JsonUtils.func_188173_a(SourceFile:492) ~[rc.class:?]
	at net.minecraft.util.JsonUtils.func_188176_a(SourceFile:517) ~[rc.class:?]
	at net.minecraft.util.JsonUtils.func_188178_a(SourceFile:537) ~[rc.class:?]
	at net.minecraftforge.common.ForgeHooks.lambda$loadAdvancements$0(ForgeHooks.java:1381) ~[ForgeHooks.class:14.23.5.2860]
	at net.minecraftforge.common.crafting.CraftingHelper.findFiles(CraftingHelper.java:833) [CraftingHelper.class:?]
	at net.minecraftforge.common.ForgeHooks.loadAdvancements(ForgeHooks.java:1359) [ForgeHooks.class:14.23.5.2860]
	at net.minecraftforge.common.ForgeHooks.loadAdvancements(ForgeHooks.java:1326) [ForgeHooks.class:14.23.5.2860]
	at net.minecraft.advancements.AdvancementManager.func_192779_a(AdvancementManager.java:69) [ns.class:?]
	at net.minecraft.advancements.AdvancementManager.<init>(AdvancementManager.java:60) [ns.class:?]
	at net.minecraft.world.WorldServer.func_175643_b(WorldServer.java:156) [oo.class:?]
	at net.minecraft.server.MinecraftServer.func_71247_a(MinecraftServer.java:298) [MinecraftServer.class:?]
	at net.minecraft.server.dedicated.DedicatedServer.func_71197_b(DedicatedServer.java:270) [nz.class:?]
	at net.minecraft.server.MinecraftServer.run(MinecraftServer.java:486) [MinecraftServer.class:?]
	at java.lang.Thread.run(Thread.java:750) [?:1.8.0_492]
[23:21:22] [Server thread/ERROR] [FML]: Parsing error loading built-in advancement mujmajnkraftsbettersurvival:wood_spear
com.google.gson.JsonSyntaxException: Unknown recipe 'mujmajnkraftsbettersurvival:wood_spear'
	at net.minecraft.advancements.AdvancementRewards$Deserializer.deserialize(AdvancementRewards.java:171) ~[l$a.class:?]
	at net.minecraft.advancements.AdvancementRewards$Deserializer.deserialize(AdvancementRewards.java:147) ~[l$a.class:?]
	at com.google.gson.internal.bind.TreeTypeAdapter.read(TreeTypeAdapter.java:69) ~[TreeTypeAdapter.class:?]
	at com.google.gson.Gson.fromJson(Gson.java:887) ~[Gson.class:?]
	at com.google.gson.Gson.fromJson(Gson.java:952) ~[Gson.class:?]
	at com.google.gson.internal.bind.TreeTypeAdapter$GsonContextImpl.deserialize(TreeTypeAdapter.java:162) ~[TreeTypeAdapter$GsonContextImpl.class:?]
	at net.minecraft.util.JsonUtils.func_188179_a(SourceFile:439) ~[rc.class:?]
	at net.minecraft.util.JsonUtils.func_188177_a(SourceFile:455) ~[rc.class:?]
	at net.minecraft.advancements.Advancement$Builder.func_192059_a(SourceFile:203) ~[i$a.class:?]
	at net.minecraft.advancements.AdvancementManager$1.deserialize(AdvancementManager.java:50) ~[ns$1.class:?]
	at net.minecraft.advancements.AdvancementManager$1.deserialize(AdvancementManager.java:46) ~[ns$1.class:?]
	at com.google.gson.internal.bind.TreeTypeAdapter.read(TreeTypeAdapter.java:69) ~[TreeTypeAdapter.class:?]
	at net.minecraft.util.JsonUtils.func_188173_a(SourceFile:492) ~[rc.class:?]
	at net.minecraft.util.JsonUtils.func_188176_a(SourceFile:517) ~[rc.class:?]
	at net.minecraft.util.JsonUtils.func_188178_a(SourceFile:537) ~[rc.class:?]
	at net.minecraftforge.common.ForgeHooks.lambda$loadAdvancements$0(ForgeHooks.java:1381) ~[ForgeHooks.class:14.23.5.2860]
	at net.minecraftforge.common.crafting.CraftingHelper.findFiles(CraftingHelper.java:833) [CraftingHelper.class:?]
	at net.minecraftforge.common.ForgeHooks.loadAdvancements(ForgeHooks.java:1359) [ForgeHooks.class:14.23.5.2860]
	at net.minecraftforge.common.ForgeHooks.loadAdvancements(ForgeHooks.java:1326) [ForgeHooks.class:14.23.5.2860]
	at net.minecraft.advancements.AdvancementManager.func_192779_a(AdvancementManager.java:69) [ns.class:?]
	at net.minecraft.advancements.AdvancementManager.<init>(AdvancementManager.java:60) [ns.class:?]
	at net.minecraft.world.WorldServer.func_175643_b(WorldServer.java:156) [oo.class:?]
	at net.minecraft.server.MinecraftServer.func_71247_a(MinecraftServer.java:298) [MinecraftServer.class:?]
	at net.minecraft.server.dedicated.DedicatedServer.func_71197_b(DedicatedServer.java:270) [nz.class:?]
	at net.minecraft.server.MinecraftServer.run(MinecraftServer.java:486) [MinecraftServer.class:?]
	at java.lang.Thread.run(Thread.java:750) [?:1.8.0_492]
[23:21:22] [Server thread/ERROR] [FML]: Parsing error loading built-in advancement mujmajnkraftsbettersurvival:wood_hammer
com.google.gson.JsonSyntaxException: Unknown recipe 'mujmajnkraftsbettersurvival:wood_hammer'
	at net.minecraft.advancements.AdvancementRewards$Deserializer.deserialize(AdvancementRewards.java:171) ~[l$a.class:?]
	at net.minecraft.advancements.AdvancementRewards$Deserializer.deserialize(AdvancementRewards.java:147) ~[l$a.class:?]
	at com.google.gson.internal.bind.TreeTypeAdapter.read(TreeTypeAdapter.java:69) ~[TreeTypeAdapter.class:?]
	at com.google.gson.Gson.fromJson(Gson.java:887) ~[Gson.class:?]
	at com.google.gson.Gson.fromJson(Gson.java:952) ~[Gson.class:?]
	at com.google.gson.internal.bind.TreeTypeAdapter$GsonContextImpl.deserialize(TreeTypeAdapter.java:162) ~[TreeTypeAdapter$GsonContextImpl.class:?]
	at net.minecraft.util.JsonUtils.func_188179_a(SourceFile:439) ~[rc.class:?]
	at net.minecraft.util.JsonUtils.func_188177_a(SourceFile:455) ~[rc.class:?]
	at net.minecraft.advancements.Advancement$Builder.func_192059_a(SourceFile:203) ~[i$a.class:?]
	at net.minecraft.advancements.AdvancementManager$1.deserialize(AdvancementManager.java:50) ~[ns$1.class:?]
	at net.minecraft.advancements.AdvancementManager$1.deserialize(AdvancementManager.java:46) ~[ns$1.class:?]
	at com.google.gson.internal.bind.TreeTypeAdapter.read(TreeTypeAdapter.java:69) ~[TreeTypeAdapter.class:?]
	at net.minecraft.util.JsonUtils.func_188173_a(SourceFile:492) ~[rc.class:?]
	at net.minecraft.util.JsonUtils.func_188176_a(SourceFile:517) ~[rc.class:?]
	at net.minecraft.util.JsonUtils.func_188178_a(SourceFile:537) ~[rc.class:?]
	at net.minecraftforge.common.ForgeHooks.lambda$loadAdvancements$0(ForgeHooks.java:1381) ~[ForgeHooks.class:14.23.5.2860]
	at net.minecraftforge.common.crafting.CraftingHelper.findFiles(CraftingHelper.java:833) [CraftingHelper.class:?]
	at net.minecraftforge.common.ForgeHooks.loadAdvancements(ForgeHooks.java:1359) [ForgeHooks.class:14.23.5.2860]
	at net.minecraftforge.common.ForgeHooks.loadAdvancements(ForgeHooks.java:1326) [ForgeHooks.class:14.23.5.2860]
	at net.minecraft.advancements.AdvancementManager.func_192779_a(AdvancementManager.java:69) [ns.class:?]
	at net.minecraft.advancements.AdvancementManager.<init>(AdvancementManager.java:60) [ns.class:?]
	at net.minecraft.world.WorldServer.func_175643_b(WorldServer.java:156) [oo.class:?]
	at net.minecraft.server.MinecraftServer.func_71247_a(MinecraftServer.java:298) [MinecraftServer.class:?]
	at net.minecraft.server.dedicated.DedicatedServer.func_71197_b(DedicatedServer.java:270) [nz.class:?]
	at net.minecraft.server.MinecraftServer.run(MinecraftServer.java:486) [MinecraftServer.class:?]
	at java.lang.Thread.run(Thread.java:750) [?:1.8.0_492]
[23:21:22] [Server thread/ERROR] [FML]: Parsing error loading built-in advancement mujmajnkraftsbettersurvival:wood_dagger
com.google.gson.JsonSyntaxException: Unknown recipe 'mujmajnkraftsbettersurvival:wood_dagger'
	at net.minecraft.advancements.AdvancementRewards$Deserializer.deserialize(AdvancementRewards.java:171) ~[l$a.class:?]
	at net.minecraft.advancements.AdvancementRewards$Deserializer.deserialize(AdvancementRewards.java:147) ~[l$a.class:?]
	at com.google.gson.internal.bind.TreeTypeAdapter.read(TreeTypeAdapter.java:69) ~[TreeTypeAdapter.class:?]
	at com.google.gson.Gson.fromJson(Gson.java:887) ~[Gson.class:?]
	at com.google.gson.Gson.fromJson(Gson.java:952) ~[Gson.class:?]
	at com.google.gson.internal.bind.TreeTypeAdapter$GsonContextImpl.deserialize(TreeTypeAdapter.java:162) ~[TreeTypeAdapter$GsonContextImpl.class:?]
	at net.minecraft.util.JsonUtils.func_188179_a(SourceFile:439) ~[rc.class:?]
	at net.minecraft.util.JsonUtils.func_188177_a(SourceFile:455) ~[rc.class:?]
	at net.minecraft.advancements.Advancement$Builder.func_192059_a(SourceFile:203) ~[i$a.class:?]
	at net.minecraft.advancements.AdvancementManager$1.deserialize(AdvancementManager.java:50) ~[ns$1.class:?]
	at net.minecraft.advancements.AdvancementManager$1.deserialize(AdvancementManager.java:46) ~[ns$1.class:?]
	at com.google.gson.internal.bind.TreeTypeAdapter.read(TreeTypeAdapter.java:69) ~[TreeTypeAdapter.class:?]
	at net.minecraft.util.JsonUtils.func_188173_a(SourceFile:492) ~[rc.class:?]
	at net.minecraft.util.JsonUtils.func_188176_a(SourceFile:517) ~[rc.class:?]
	at net.minecraft.util.JsonUtils.func_188178_a(SourceFile:537) ~[rc.class:?]
	at net.minecraftforge.common.ForgeHooks.lambda$loadAdvancements$0(ForgeHooks.java:1381) ~[ForgeHooks.class:14.23.5.2860]
	at net.minecraftforge.common.crafting.CraftingHelper.findFiles(CraftingHelper.java:833) [CraftingHelper.class:?]
	at net.minecraftforge.common.ForgeHooks.loadAdvancements(ForgeHooks.java:1359) [ForgeHooks.class:14.23.5.2860]
	at net.minecraftforge.common.ForgeHooks.loadAdvancements(ForgeHooks.java:1326) [ForgeHooks.class:14.23.5.2860]
	at net.minecraft.advancements.AdvancementManager.func_192779_a(AdvancementManager.java:69) [ns.class:?]
	at net.minecraft.advancements.AdvancementManager.<init>(AdvancementManager.java:60) [ns.class:?]
	at net.minecraft.world.WorldServer.func_175643_b(WorldServer.java:156) [oo.class:?]
	at net.minecraft.server.MinecraftServer.func_71247_a(MinecraftServer.java:298) [MinecraftServer.class:?]
	at net.minecraft.server.dedicated.DedicatedServer.func_71197_b(DedicatedServer.java:270) [nz.class:?]
	at net.minecraft.server.MinecraftServer.run(MinecraftServer.java:486) [MinecraftServer.class:?]
	at java.lang.Thread.run(Thread.java:750) [?:1.8.0_492]
[23:21:22] [Server thread/ERROR] [FML]: Parsing error loading built-in advancement mujmajnkraftsbettersurvival:wood_battleaxe
com.google.gson.JsonSyntaxException: Unknown recipe 'mujmajnkraftsbettersurvival:wood_battleaxe'
	at net.minecraft.advancements.AdvancementRewards$Deserializer.deserialize(AdvancementRewards.java:171) ~[l$a.class:?]
	at net.minecraft.advancements.AdvancementRewards$Deserializer.deserialize(AdvancementRewards.java:147) ~[l$a.class:?]
	at com.google.gson.internal.bind.TreeTypeAdapter.read(TreeTypeAdapter.java:69) ~[TreeTypeAdapter.class:?]
	at com.google.gson.Gson.fromJson(Gson.java:887) ~[Gson.class:?]
	at com.google.gson.Gson.fromJson(Gson.java:952) ~[Gson.class:?]
	at com.google.gson.internal.bind.TreeTypeAdapter$GsonContextImpl.deserialize(TreeTypeAdapter.java:162) ~[TreeTypeAdapter$GsonContextImpl.class:?]
	at net.minecraft.util.JsonUtils.func_188179_a(SourceFile:439) ~[rc.class:?]
	at net.minecraft.util.JsonUtils.func_188177_a(SourceFile:455) ~[rc.class:?]
	at net.minecraft.advancements.Advancement$Builder.func_192059_a(SourceFile:203) ~[i$a.class:?]
	at net.minecraft.advancements.AdvancementManager$1.deserialize(AdvancementManager.java:50) ~[ns$1.class:?]
	at net.minecraft.advancements.AdvancementManager$1.deserialize(AdvancementManager.java:46) ~[ns$1.class:?]
	at com.google.gson.internal.bind.TreeTypeAdapter.read(TreeTypeAdapter.java:69) ~[TreeTypeAdapter.class:?]
	at net.minecraft.util.JsonUtils.func_188173_a(SourceFile:492) ~[rc.class:?]
	at net.minecraft.util.JsonUtils.func_188176_a(SourceFile:517) ~[rc.class:?]
	at net.minecraft.util.JsonUtils.func_188178_a(SourceFile:537) ~[rc.class:?]
	at net.minecraftforge.common.ForgeHooks.lambda$loadAdvancements$0(ForgeHooks.java:1381) ~[ForgeHooks.class:14.23.5.2860]
	at net.minecraftforge.common.crafting.CraftingHelper.findFiles(CraftingHelper.java:833) [CraftingHelper.class:?]
	at net.minecraftforge.common.ForgeHooks.loadAdvancements(ForgeHooks.java:1359) [ForgeHooks.class:14.23.5.2860]
	at net.minecraftforge.common.ForgeHooks.loadAdvancements(ForgeHooks.java:1326) [ForgeHooks.class:14.23.5.2860]
	at net.minecraft.advancements.AdvancementManager.func_192779_a(AdvancementManager.java:69) [ns.class:?]
	at net.minecraft.advancements.AdvancementManager.<init>(AdvancementManager.java:60) [ns.class:?]
	at net.minecraft.world.WorldServer.func_175643_b(WorldServer.java:156) [oo.class:?]
	at net.minecraft.server.MinecraftServer.func_71247_a(MinecraftServer.java:298) [MinecraftServer.class:?]
	at net.minecraft.server.dedicated.DedicatedServer.func_71197_b(DedicatedServer.java:270) [nz.class:?]
	at net.minecraft.server.MinecraftServer.run(MinecraftServer.java:486) [MinecraftServer.class:?]
	at java.lang.Thread.run(Thread.java:750) [?:1.8.0_492]
[23:21:22] [Server thread/ERROR] [FML]: Parsing error loading built-in advancement mujmajnkraftsbettersurvival:stone_spear
com.google.gson.JsonSyntaxException: Unknown recipe 'mujmajnkraftsbettersurvival:stone_spear'
	at net.minecraft.advancements.AdvancementRewards$Deserializer.deserialize(AdvancementRewards.java:171) ~[l$a.class:?]
	at net.minecraft.advancements.AdvancementRewards$Deserializer.deserialize(AdvancementRewards.java:147) ~[l$a.class:?]
	at com.google.gson.internal.bind.TreeTypeAdapter.read(TreeTypeAdapter.java:69) ~[TreeTypeAdapter.class:?]
	at com.google.gson.Gson.fromJson(Gson.java:887) ~[Gson.class:?]
	at com.google.gson.Gson.fromJson(Gson.java:952) ~[Gson.class:?]
	at com.google.gson.internal.bind.TreeTypeAdapter$GsonContextImpl.deserialize(TreeTypeAdapter.java:162) ~[TreeTypeAdapter$GsonContextImpl.class:?]
	at net.minecraft.util.JsonUtils.func_188179_a(SourceFile:439) ~[rc.class:?]
	at net.minecraft.util.JsonUtils.func_188177_a(SourceFile:455) ~[rc.class:?]
	at net.minecraft.advancements.Advancement$Builder.func_192059_a(SourceFile:203) ~[i$a.class:?]
	at net.minecraft.advancements.AdvancementManager$1.deserialize(AdvancementManager.java:50) ~[ns$1.class:?]
	at net.minecraft.advancements.AdvancementManager$1.deserialize(AdvancementManager.java:46) ~[ns$1.class:?]
	at com.google.gson.internal.bind.TreeTypeAdapter.read(TreeTypeAdapter.java:69) ~[TreeTypeAdapter.class:?]
	at net.minecraft.util.JsonUtils.func_188173_a(SourceFile:492) ~[rc.class:?]
	at net.minecraft.util.JsonUtils.func_188176_a(SourceFile:517) ~[rc.class:?]
	at net.minecraft.util.JsonUtils.func_188178_a(SourceFile:537) ~[rc.class:?]
	at net.minecraftforge.common.ForgeHooks.lambda$loadAdvancements$0(ForgeHooks.java:1381) ~[ForgeHooks.class:14.23.5.2860]
	at net.minecraftforge.common.crafting.CraftingHelper.findFiles(CraftingHelper.java:833) [CraftingHelper.class:?]
	at net.minecraftforge.common.ForgeHooks.loadAdvancements(ForgeHooks.java:1359) [ForgeHooks.class:14.23.5.2860]
	at net.minecraftforge.common.ForgeHooks.loadAdvancements(ForgeHooks.java:1326) [ForgeHooks.class:14.23.5.2860]
	at net.minecraft.advancements.AdvancementManager.func_192779_a(AdvancementManager.java:69) [ns.class:?]
	at net.minecraft.advancements.AdvancementManager.<init>(AdvancementManager.java:60) [ns.class:?]
	at net.minecraft.world.WorldServer.func_175643_b(WorldServer.java:156) [oo.class:?]
	at net.minecraft.server.MinecraftServer.func_71247_a(MinecraftServer.java:298) [MinecraftServer.class:?]
	at net.minecraft.server.dedicated.DedicatedServer.func_71197_b(DedicatedServer.java:270) [nz.class:?]
	at net.minecraft.server.MinecraftServer.run(MinecraftServer.java:486) [MinecraftServer.class:?]
	at java.lang.Thread.run(Thread.java:750) [?:1.8.0_492]
[23:21:22] [Server thread/ERROR] [FML]: Parsing error loading built-in advancement mujmajnkraftsbettersurvival:stone_hammer
com.google.gson.JsonSyntaxException: Unknown recipe 'mujmajnkraftsbettersurvival:stone_hammer'
	at net.minecraft.advancements.AdvancementRewards$Deserializer.deserialize(AdvancementRewards.java:171) ~[l$a.class:?]
	at net.minecraft.advancements.AdvancementRewards$Deserializer.deserialize(AdvancementRewards.java:147) ~[l$a.class:?]
	at com.google.gson.internal.bind.TreeTypeAdapter.read(TreeTypeAdapter.java:69) ~[TreeTypeAdapter.class:?]
	at com.google.gson.Gson.fromJson(Gson.java:887) ~[Gson.class:?]
	at com.google.gson.Gson.fromJson(Gson.java:952) ~[Gson.class:?]
	at com.google.gson.internal.bind.TreeTypeAdapter$GsonContextImpl.deserialize(TreeTypeAdapter.java:162) ~[TreeTypeAdapter$GsonContextImpl.class:?]
	at net.minecraft.util.JsonUtils.func_188179_a(SourceFile:439) ~[rc.class:?]
	at net.minecraft.util.JsonUtils.func_188177_a(SourceFile:455) ~[rc.class:?]
	at net.minecraft.advancements.Advancement$Builder.func_192059_a(SourceFile:203) ~[i$a.class:?]
	at net.minecraft.advancements.AdvancementManager$1.deserialize(AdvancementManager.java:50) ~[ns$1.class:?]
	at net.minecraft.advancements.AdvancementManager$1.deserialize(AdvancementManager.java:46) ~[ns$1.class:?]
	at com.google.gson.internal.bind.TreeTypeAdapter.read(TreeTypeAdapter.java:69) ~[TreeTypeAdapter.class:?]
	at net.minecraft.util.JsonUtils.func_188173_a(SourceFile:492) ~[rc.class:?]
	at net.minecraft.util.JsonUtils.func_188176_a(SourceFile:517) ~[rc.class:?]
	at net.minecraft.util.JsonUtils.func_188178_a(SourceFile:537) ~[rc.class:?]
	at net.minecraftforge.common.ForgeHooks.lambda$loadAdvancements$0(ForgeHooks.java:1381) ~[ForgeHooks.class:14.23.5.2860]
	at net.minecraftforge.common.crafting.CraftingHelper.findFiles(CraftingHelper.java:833) [CraftingHelper.class:?]
	at net.minecraftforge.common.ForgeHooks.loadAdvancements(ForgeHooks.java:1359) [ForgeHooks.class:14.23.5.2860]
	at net.minecraftforge.common.ForgeHooks.loadAdvancements(ForgeHooks.java:1326) [ForgeHooks.class:14.23.5.2860]
	at net.minecraft.advancements.AdvancementManager.func_192779_a(AdvancementManager.java:69) [ns.class:?]
	at net.minecraft.advancements.AdvancementManager.<init>(AdvancementManager.java:60) [ns.class:?]
	at net.minecraft.world.WorldServer.func_175643_b(WorldServer.java:156) [oo.class:?]
	at net.minecraft.server.MinecraftServer.func_71247_a(MinecraftServer.java:298) [MinecraftServer.class:?]
	at net.minecraft.server.dedicated.DedicatedServer.func_71197_b(DedicatedServer.java:270) [nz.class:?]
	at net.minecraft.server.MinecraftServer.run(MinecraftServer.java:486) [MinecraftServer.class:?]
	at java.lang.Thread.run(Thread.java:750) [?:1.8.0_492]
[23:21:22] [Server thread/ERROR] [FML]: Parsing error loading built-in advancement mujmajnkraftsbettersurvival:stone_dagger
com.google.gson.JsonSyntaxException: Unknown recipe 'mujmajnkraftsbettersurvival:stone_dagger'
	at net.minecraft.advancements.AdvancementRewards$Deserializer.deserialize(AdvancementRewards.java:171) ~[l$a.class:?]
	at net.minecraft.advancements.AdvancementRewards$Deserializer.deserialize(AdvancementRewards.java:147) ~[l$a.class:?]
	at com.google.gson.internal.bind.TreeTypeAdapter.read(TreeTypeAdapter.java:69) ~[TreeTypeAdapter.class:?]
	at com.google.gson.Gson.fromJson(Gson.java:887) ~[Gson.class:?]
	at com.google.gson.Gson.fromJson(Gson.java:952) ~[Gson.class:?]
	at com.google.gson.internal.bind.TreeTypeAdapter$GsonContextImpl.deserialize(TreeTypeAdapter.java:162) ~[TreeTypeAdapter$GsonContextImpl.class:?]
	at net.minecraft.util.JsonUtils.func_188179_a(SourceFile:439) ~[rc.class:?]
	at net.minecraft.util.JsonUtils.func_188177_a(SourceFile:455) ~[rc.class:?]
	at net.minecraft.advancements.Advancement$Builder.func_192059_a(SourceFile:203) ~[i$a.class:?]
	at net.minecraft.advancements.AdvancementManager$1.deserialize(AdvancementManager.java:50) ~[ns$1.class:?]
	at net.minecraft.advancements.AdvancementManager$1.deserialize(AdvancementManager.java:46) ~[ns$1.class:?]
	at com.google.gson.internal.bind.TreeTypeAdapter.read(TreeTypeAdapter.java:69) ~[TreeTypeAdapter.class:?]
	at net.minecraft.util.JsonUtils.func_188173_a(SourceFile:492) ~[rc.class:?]
	at net.minecraft.util.JsonUtils.func_188176_a(SourceFile:517) ~[rc.class:?]
	at net.minecraft.util.JsonUtils.func_188178_a(SourceFile:537) ~[rc.class:?]
	at net.minecraftforge.common.ForgeHooks.lambda$loadAdvancements$0(ForgeHooks.java:1381) ~[ForgeHooks.class:14.23.5.2860]
	at net.minecraftforge.common.crafting.CraftingHelper.findFiles(CraftingHelper.java:833) [CraftingHelper.class:?]
	at net.minecraftforge.common.ForgeHooks.loadAdvancements(ForgeHooks.java:1359) [ForgeHooks.class:14.23.5.2860]
	at net.minecraftforge.common.ForgeHooks.loadAdvancements(ForgeHooks.java:1326) [ForgeHooks.class:14.23.5.2860]
	at net.minecraft.advancements.AdvancementManager.func_192779_a(AdvancementManager.java:69) [ns.class:?]
	at net.minecraft.advancements.AdvancementManager.<init>(AdvancementManager.java:60) [ns.class:?]
	at net.minecraft.world.WorldServer.func_175643_b(WorldServer.java:156) [oo.class:?]
	at net.minecraft.server.MinecraftServer.func_71247_a(MinecraftServer.java:298) [MinecraftServer.class:?]
	at net.minecraft.server.dedicated.DedicatedServer.func_71197_b(DedicatedServer.java:270) [nz.class:?]
	at net.minecraft.server.MinecraftServer.run(MinecraftServer.java:486) [MinecraftServer.class:?]
	at java.lang.Thread.run(Thread.java:750) [?:1.8.0_492]
[23:21:22] [Server thread/ERROR] [FML]: Parsing error loading built-in advancement mujmajnkraftsbettersurvival:stone_battleaxe
com.google.gson.JsonSyntaxException: Unknown recipe 'mujmajnkraftsbettersurvival:stone_battleaxe'
	at net.minecraft.advancements.AdvancementRewards$Deserializer.deserialize(AdvancementRewards.java:171) ~[l$a.class:?]
	at net.minecraft.advancements.AdvancementRewards$Deserializer.deserialize(AdvancementRewards.java:147) ~[l$a.class:?]
	at com.google.gson.internal.bind.TreeTypeAdapter.read(TreeTypeAdapter.java:69) ~[TreeTypeAdapter.class:?]
	at com.google.gson.Gson.fromJson(Gson.java:887) ~[Gson.class:?]
	at com.google.gson.Gson.fromJson(Gson.java:952) ~[Gson.class:?]
	at com.google.gson.internal.bind.TreeTypeAdapter$GsonContextImpl.deserialize(TreeTypeAdapter.java:162) ~[TreeTypeAdapter$GsonContextImpl.class:?]
	at net.minecraft.util.JsonUtils.func_188179_a(SourceFile:439) ~[rc.class:?]
	at net.minecraft.util.JsonUtils.func_188177_a(SourceFile:455) ~[rc.class:?]
	at net.minecraft.advancements.Advancement$Builder.func_192059_a(SourceFile:203) ~[i$a.class:?]
	at net.minecraft.advancements.AdvancementManager$1.deserialize(AdvancementManager.java:50) ~[ns$1.class:?]
	at net.minecraft.advancements.AdvancementManager$1.deserialize(AdvancementManager.java:46) ~[ns$1.class:?]
	at com.google.gson.internal.bind.TreeTypeAdapter.read(TreeTypeAdapter.java:69) ~[TreeTypeAdapter.class:?]
	at net.minecraft.util.JsonUtils.func_188173_a(SourceFile:492) ~[rc.class:?]
	at net.minecraft.util.JsonUtils.func_188176_a(SourceFile:517) ~[rc.class:?]
	at net.minecraft.util.JsonUtils.func_188178_a(SourceFile:537) ~[rc.class:?]
	at net.minecraftforge.common.ForgeHooks.lambda$loadAdvancements$0(ForgeHooks.java:1381) ~[ForgeHooks.class:14.23.5.2860]
	at net.minecraftforge.common.crafting.CraftingHelper.findFiles(CraftingHelper.java:833) [CraftingHelper.class:?]
	at net.minecraftforge.common.ForgeHooks.loadAdvancements(ForgeHooks.java:1359) [ForgeHooks.class:14.23.5.2860]
	at net.minecraftforge.common.ForgeHooks.loadAdvancements(ForgeHooks.java:1326) [ForgeHooks.class:14.23.5.2860]
	at net.minecraft.advancements.AdvancementManager.func_192779_a(AdvancementManager.java:69) [ns.class:?]
	at net.minecraft.advancements.AdvancementManager.<init>(AdvancementManager.java:60) [ns.class:?]
	at net.minecraft.world.WorldServer.func_175643_b(WorldServer.java:156) [oo.class:?]
	at net.minecraft.server.MinecraftServer.func_71247_a(MinecraftServer.java:298) [MinecraftServer.class:?]
	at net.minecraft.server.dedicated.DedicatedServer.func_71197_b(DedicatedServer.java:270) [nz.class:?]
	at net.minecraft.server.MinecraftServer.run(MinecraftServer.java:486) [MinecraftServer.class:?]
	at java.lang.Thread.run(Thread.java:750) [?:1.8.0_492]
[23:21:22] [Server thread/ERROR] [FML]: Parsing error loading built-in advancement mujmajnkraftsbettersurvival:iron_spear
com.google.gson.JsonSyntaxException: Unknown recipe 'mujmajnkraftsbettersurvival:iron_spear'
	at net.minecraft.advancements.AdvancementRewards$Deserializer.deserialize(AdvancementRewards.java:171) ~[l$a.class:?]
	at net.minecraft.advancements.AdvancementRewards$Deserializer.deserialize(AdvancementRewards.java:147) ~[l$a.class:?]
	at com.google.gson.internal.bind.TreeTypeAdapter.read(TreeTypeAdapter.java:69) ~[TreeTypeAdapter.class:?]
	at com.google.gson.Gson.fromJson(Gson.java:887) ~[Gson.class:?]
	at com.google.gson.Gson.fromJson(Gson.java:952) ~[Gson.class:?]
	at com.google.gson.internal.bind.TreeTypeAdapter$GsonContextImpl.deserialize(TreeTypeAdapter.java:162) ~[TreeTypeAdapter$GsonContextImpl.class:?]
	at net.minecraft.util.JsonUtils.func_188179_a(SourceFile:439) ~[rc.class:?]
	at net.minecraft.util.JsonUtils.func_188177_a(SourceFile:455) ~[rc.class:?]
	at net.minecraft.advancements.Advancement$Builder.func_192059_a(SourceFile:203) ~[i$a.class:?]
	at net.minecraft.advancements.AdvancementManager$1.deserialize(AdvancementManager.java:50) ~[ns$1.class:?]
	at net.minecraft.advancements.AdvancementManager$1.deserialize(AdvancementManager.java:46) ~[ns$1.class:?]
	at com.google.gson.internal.bind.TreeTypeAdapter.read(TreeTypeAdapter.java:69) ~[TreeTypeAdapter.class:?]
	at net.minecraft.util.JsonUtils.func_188173_a(SourceFile:492) ~[rc.class:?]
	at net.minecraft.util.JsonUtils.func_188176_a(SourceFile:517) ~[rc.class:?]
	at net.minecraft.util.JsonUtils.func_188178_a(SourceFile:537) ~[rc.class:?]
	at net.minecraftforge.common.ForgeHooks.lambda$loadAdvancements$0(ForgeHooks.java:1381) ~[ForgeHooks.class:14.23.5.2860]
	at net.minecraftforge.common.crafting.CraftingHelper.findFiles(CraftingHelper.java:833) [CraftingHelper.class:?]
	at net.minecraftforge.common.ForgeHooks.loadAdvancements(ForgeHooks.java:1359) [ForgeHooks.class:14.23.5.2860]
	at net.minecraftforge.common.ForgeHooks.loadAdvancements(ForgeHooks.java:1326) [ForgeHooks.class:14.23.5.2860]
	at net.minecraft.advancements.AdvancementManager.func_192779_a(AdvancementManager.java:69) [ns.class:?]
	at net.minecraft.advancements.AdvancementManager.<init>(AdvancementManager.java:60) [ns.class:?]
	at net.minecraft.world.WorldServer.func_175643_b(WorldServer.java:156) [oo.class:?]
	at net.minecraft.server.MinecraftServer.func_71247_a(MinecraftServer.java:298) [MinecraftServer.class:?]
	at net.minecraft.server.dedicated.DedicatedServer.func_71197_b(DedicatedServer.java:270) [nz.class:?]
	at net.minecraft.server.MinecraftServer.run(MinecraftServer.java:486) [MinecraftServer.class:?]
	at java.lang.Thread.run(Thread.java:750) [?:1.8.0_492]
[23:21:22] [Server thread/ERROR] [FML]: Parsing error loading built-in advancement mujmajnkraftsbettersurvival:iron_hammer
com.google.gson.JsonSyntaxException: Unknown recipe 'mujmajnkraftsbettersurvival:iron_hammer'
	at net.minecraft.advancements.AdvancementRewards$Deserializer.deserialize(AdvancementRewards.java:171) ~[l$a.class:?]
	at net.minecraft.advancements.AdvancementRewards$Deserializer.deserialize(AdvancementRewards.java:147) ~[l$a.class:?]
	at com.google.gson.internal.bind.TreeTypeAdapter.read(TreeTypeAdapter.java:69) ~[TreeTypeAdapter.class:?]
	at com.google.gson.Gson.fromJson(Gson.java:887) ~[Gson.class:?]
	at com.google.gson.Gson.fromJson(Gson.java:952) ~[Gson.class:?]
	at com.google.gson.internal.bind.TreeTypeAdapter$GsonContextImpl.deserialize(TreeTypeAdapter.java:162) ~[TreeTypeAdapter$GsonContextImpl.class:?]
	at net.minecraft.util.JsonUtils.func_188179_a(SourceFile:439) ~[rc.class:?]
	at net.minecraft.util.JsonUtils.func_188177_a(SourceFile:455) ~[rc.class:?]
	at net.minecraft.advancements.Advancement$Builder.func_192059_a(SourceFile:203) ~[i$a.class:?]
	at net.minecraft.advancements.AdvancementManager$1.deserialize(AdvancementManager.java:50) ~[ns$1.class:?]
	at net.minecraft.advancements.AdvancementManager$1.deserialize(AdvancementManager.java:46) ~[ns$1.class:?]
	at com.google.gson.internal.bind.TreeTypeAdapter.read(TreeTypeAdapter.java:69) ~[TreeTypeAdapter.class:?]
	at net.minecraft.util.JsonUtils.func_188173_a(SourceFile:492) ~[rc.class:?]
	at net.minecraft.util.JsonUtils.func_188176_a(SourceFile:517) ~[rc.class:?]
	at net.minecraft.util.JsonUtils.func_188178_a(SourceFile:537) ~[rc.class:?]
	at net.minecraftforge.common.ForgeHooks.lambda$loadAdvancements$0(ForgeHooks.java:1381) ~[ForgeHooks.class:14.23.5.2860]
	at net.minecraftforge.common.crafting.CraftingHelper.findFiles(CraftingHelper.java:833) [CraftingHelper.class:?]
	at net.minecraftforge.common.ForgeHooks.loadAdvancements(ForgeHooks.java:1359) [ForgeHooks.class:14.23.5.2860]
	at net.minecraftforge.common.ForgeHooks.loadAdvancements(ForgeHooks.java:1326) [ForgeHooks.class:14.23.5.2860]
	at net.minecraft.advancements.AdvancementManager.func_192779_a(AdvancementManager.java:69) [ns.class:?]
	at net.minecraft.advancements.AdvancementManager.<init>(AdvancementManager.java:60) [ns.class:?]
	at net.minecraft.world.WorldServer.func_175643_b(WorldServer.java:156) [oo.class:?]
	at net.minecraft.server.MinecraftServer.func_71247_a(MinecraftServer.java:298) [MinecraftServer.class:?]
	at net.minecraft.server.dedicated.DedicatedServer.func_71197_b(DedicatedServer.java:270) [nz.class:?]
	at net.minecraft.server.MinecraftServer.run(MinecraftServer.java:486) [MinecraftServer.class:?]
	at java.lang.Thread.run(Thread.java:750) [?:1.8.0_492]
[23:21:22] [Server thread/ERROR] [FML]: Parsing error loading built-in advancement mujmajnkraftsbettersurvival:iron_dagger
com.google.gson.JsonSyntaxException: Unknown recipe 'mujmajnkraftsbettersurvival:iron_dagger'
	at net.minecraft.advancements.AdvancementRewards$Deserializer.deserialize(AdvancementRewards.java:171) ~[l$a.class:?]
	at net.minecraft.advancements.AdvancementRewards$Deserializer.deserialize(AdvancementRewards.java:147) ~[l$a.class:?]
	at com.google.gson.internal.bind.TreeTypeAdapter.read(TreeTypeAdapter.java:69) ~[TreeTypeAdapter.class:?]
	at com.google.gson.Gson.fromJson(Gson.java:887) ~[Gson.class:?]
	at com.google.gson.Gson.fromJson(Gson.java:952) ~[Gson.class:?]
	at com.google.gson.internal.bind.TreeTypeAdapter$GsonContextImpl.deserialize(TreeTypeAdapter.java:162) ~[TreeTypeAdapter$GsonContextImpl.class:?]
	at net.minecraft.util.JsonUtils.func_188179_a(SourceFile:439) ~[rc.class:?]
	at net.minecraft.util.JsonUtils.func_188177_a(SourceFile:455) ~[rc.class:?]
	at net.minecraft.advancements.Advancement$Builder.func_192059_a(SourceFile:203) ~[i$a.class:?]
	at net.minecraft.advancements.AdvancementManager$1.deserialize(AdvancementManager.java:50) ~[ns$1.class:?]
	at net.minecraft.advancements.AdvancementManager$1.deserialize(AdvancementManager.java:46) ~[ns$1.class:?]
	at com.google.gson.internal.bind.TreeTypeAdapter.read(TreeTypeAdapter.java:69) ~[TreeTypeAdapter.class:?]
	at net.minecraft.util.JsonUtils.func_188173_a(SourceFile:492) ~[rc.class:?]
	at net.minecraft.util.JsonUtils.func_188176_a(SourceFile:517) ~[rc.class:?]
	at net.minecraft.util.JsonUtils.func_188178_a(SourceFile:537) ~[rc.class:?]
	at net.minecraftforge.common.ForgeHooks.lambda$loadAdvancements$0(ForgeHooks.java:1381) ~[ForgeHooks.class:14.23.5.2860]
	at net.minecraftforge.common.crafting.CraftingHelper.findFiles(CraftingHelper.java:833) [CraftingHelper.class:?]
	at net.minecraftforge.common.ForgeHooks.loadAdvancements(ForgeHooks.java:1359) [ForgeHooks.class:14.23.5.2860]
	at net.minecraftforge.common.ForgeHooks.loadAdvancements(ForgeHooks.java:1326) [ForgeHooks.class:14.23.5.2860]
	at net.minecraft.advancements.AdvancementManager.func_192779_a(AdvancementManager.java:69) [ns.class:?]
	at net.minecraft.advancements.AdvancementManager.<init>(AdvancementManager.java:60) [ns.class:?]
	at net.minecraft.world.WorldServer.func_175643_b(WorldServer.java:156) [oo.class:?]
	at net.minecraft.server.MinecraftServer.func_71247_a(MinecraftServer.java:298) [MinecraftServer.class:?]
	at net.minecraft.server.dedicated.DedicatedServer.func_71197_b(DedicatedServer.java:270) [nz.class:?]
	at net.minecraft.server.MinecraftServer.run(MinecraftServer.java:486) [MinecraftServer.class:?]
	at java.lang.Thread.run(Thread.java:750) [?:1.8.0_492]
[23:21:22] [Server thread/ERROR] [FML]: Parsing error loading built-in advancement mujmajnkraftsbettersurvival:iron_battleaxe
com.google.gson.JsonSyntaxException: Unknown recipe 'mujmajnkraftsbettersurvival:iron_battleaxe'
	at net.minecraft.advancements.AdvancementRewards$Deserializer.deserialize(AdvancementRewards.java:171) ~[l$a.class:?]
	at net.minecraft.advancements.AdvancementRewards$Deserializer.deserialize(AdvancementRewards.java:147) ~[l$a.class:?]
	at com.google.gson.internal.bind.TreeTypeAdapter.read(TreeTypeAdapter.java:69) ~[TreeTypeAdapter.class:?]
	at com.google.gson.Gson.fromJson(Gson.java:887) ~[Gson.class:?]
	at com.google.gson.Gson.fromJson(Gson.java:952) ~[Gson.class:?]
	at com.google.gson.internal.bind.TreeTypeAdapter$GsonContextImpl.deserialize(TreeTypeAdapter.java:162) ~[TreeTypeAdapter$GsonContextImpl.class:?]
	at net.minecraft.util.JsonUtils.func_188179_a(SourceFile:439) ~[rc.class:?]
	at net.minecraft.util.JsonUtils.func_188177_a(SourceFile:455) ~[rc.class:?]
	at net.minecraft.advancements.Advancement$Builder.func_192059_a(SourceFile:203) ~[i$a.class:?]
	at net.minecraft.advancements.AdvancementManager$1.deserialize(AdvancementManager.java:50) ~[ns$1.class:?]
	at net.minecraft.advancements.AdvancementManager$1.deserialize(AdvancementManager.java:46) ~[ns$1.class:?]
	at com.google.gson.internal.bind.TreeTypeAdapter.read(TreeTypeAdapter.java:69) ~[TreeTypeAdapter.class:?]
	at net.minecraft.util.JsonUtils.func_188173_a(SourceFile:492) ~[rc.class:?]
	at net.minecraft.util.JsonUtils.func_188176_a(SourceFile:517) ~[rc.class:?]
	at net.minecraft.util.JsonUtils.func_188178_a(SourceFile:537) ~[rc.class:?]
	at net.minecraftforge.common.ForgeHooks.lambda$loadAdvancements$0(ForgeHooks.java:1381) ~[ForgeHooks.class:14.23.5.2860]
	at net.minecraftforge.common.crafting.CraftingHelper.findFiles(CraftingHelper.java:833) [CraftingHelper.class:?]
	at net.minecraftforge.common.ForgeHooks.loadAdvancements(ForgeHooks.java:1359) [ForgeHooks.class:14.23.5.2860]
	at net.minecraftforge.common.ForgeHooks.loadAdvancements(ForgeHooks.java:1326) [ForgeHooks.class:14.23.5.2860]
	at net.minecraft.advancements.AdvancementManager.func_192779_a(AdvancementManager.java:69) [ns.class:?]
	at net.minecraft.advancements.AdvancementManager.<init>(AdvancementManager.java:60) [ns.class:?]
	at net.minecraft.world.WorldServer.func_175643_b(WorldServer.java:156) [oo.class:?]
	at net.minecraft.server.MinecraftServer.func_71247_a(MinecraftServer.java:298) [MinecraftServer.class:?]
	at net.minecraft.server.dedicated.DedicatedServer.func_71197_b(DedicatedServer.java:270) [nz.class:?]
	at net.minecraft.server.MinecraftServer.run(MinecraftServer.java:486) [MinecraftServer.class:?]
	at java.lang.Thread.run(Thread.java:750) [?:1.8.0_492]
[23:21:22] [Server thread/ERROR] [FML]: Parsing error loading built-in advancement mujmajnkraftsbettersurvival:gold_spear
com.google.gson.JsonSyntaxException: Unknown recipe 'mujmajnkraftsbettersurvival:gold_spear'
	at net.minecraft.advancements.AdvancementRewards$Deserializer.deserialize(AdvancementRewards.java:171) ~[l$a.class:?]
	at net.minecraft.advancements.AdvancementRewards$Deserializer.deserialize(AdvancementRewards.java:147) ~[l$a.class:?]
	at com.google.gson.internal.bind.TreeTypeAdapter.read(TreeTypeAdapter.java:69) ~[TreeTypeAdapter.class:?]
	at com.google.gson.Gson.fromJson(Gson.java:887) ~[Gson.class:?]
	at com.google.gson.Gson.fromJson(Gson.java:952) ~[Gson.class:?]
	at com.google.gson.internal.bind.TreeTypeAdapter$GsonContextImpl.deserialize(TreeTypeAdapter.java:162) ~[TreeTypeAdapter$GsonContextImpl.class:?]
	at net.minecraft.util.JsonUtils.func_188179_a(SourceFile:439) ~[rc.class:?]
	at net.minecraft.util.JsonUtils.func_188177_a(SourceFile:455) ~[rc.class:?]
	at net.minecraft.advancements.Advancement$Builder.func_192059_a(SourceFile:203) ~[i$a.class:?]
	at net.minecraft.advancements.AdvancementManager$1.deserialize(AdvancementManager.java:50) ~[ns$1.class:?]
	at net.minecraft.advancements.AdvancementManager$1.deserialize(AdvancementManager.java:46) ~[ns$1.class:?]
	at com.google.gson.internal.bind.TreeTypeAdapter.read(TreeTypeAdapter.java:69) ~[TreeTypeAdapter.class:?]
	at net.minecraft.util.JsonUtils.func_188173_a(SourceFile:492) ~[rc.class:?]
	at net.minecraft.util.JsonUtils.func_188176_a(SourceFile:517) ~[rc.class:?]
	at net.minecraft.util.JsonUtils.func_188178_a(SourceFile:537) ~[rc.class:?]
	at net.minecraftforge.common.ForgeHooks.lambda$loadAdvancements$0(ForgeHooks.java:1381) ~[ForgeHooks.class:14.23.5.2860]
	at net.minecraftforge.common.crafting.CraftingHelper.findFiles(CraftingHelper.java:833) [CraftingHelper.class:?]
	at net.minecraftforge.common.ForgeHooks.loadAdvancements(ForgeHooks.java:1359) [ForgeHooks.class:14.23.5.2860]
	at net.minecraftforge.common.ForgeHooks.loadAdvancements(ForgeHooks.java:1326) [ForgeHooks.class:14.23.5.2860]
	at net.minecraft.advancements.AdvancementManager.func_192779_a(AdvancementManager.java:69) [ns.class:?]
	at net.minecraft.advancements.AdvancementManager.<init>(AdvancementManager.java:60) [ns.class:?]
	at net.minecraft.world.WorldServer.func_175643_b(WorldServer.java:156) [oo.class:?]
	at net.minecraft.server.MinecraftServer.func_71247_a(MinecraftServer.java:298) [MinecraftServer.class:?]
	at net.minecraft.server.dedicated.DedicatedServer.func_71197_b(DedicatedServer.java:270) [nz.class:?]
	at net.minecraft.server.MinecraftServer.run(MinecraftServer.java:486) [MinecraftServer.class:?]
	at java.lang.Thread.run(Thread.java:750) [?:1.8.0_492]
[23:21:22] [Server thread/ERROR] [FML]: Parsing error loading built-in advancement mujmajnkraftsbettersurvival:gold_hammer
com.google.gson.JsonSyntaxException: Unknown recipe 'mujmajnkraftsbettersurvival:gold_hammer'
	at net.minecraft.advancements.AdvancementRewards$Deserializer.deserialize(AdvancementRewards.java:171) ~[l$a.class:?]
	at net.minecraft.advancements.AdvancementRewards$Deserializer.deserialize(AdvancementRewards.java:147) ~[l$a.class:?]
	at com.google.gson.internal.bind.TreeTypeAdapter.read(TreeTypeAdapter.java:69) ~[TreeTypeAdapter.class:?]
	at com.google.gson.Gson.fromJson(Gson.java:887) ~[Gson.class:?]
	at com.google.gson.Gson.fromJson(Gson.java:952) ~[Gson.class:?]
	at com.google.gson.internal.bind.TreeTypeAdapter$GsonContextImpl.deserialize(TreeTypeAdapter.java:162) ~[TreeTypeAdapter$GsonContextImpl.class:?]
	at net.minecraft.util.JsonUtils.func_188179_a(SourceFile:439) ~[rc.class:?]
	at net.minecraft.util.JsonUtils.func_188177_a(SourceFile:455) ~[rc.class:?]
	at net.minecraft.advancements.Advancement$Builder.func_192059_a(SourceFile:203) ~[i$a.class:?]
	at net.minecraft.advancements.AdvancementManager$1.deserialize(AdvancementManager.java:50) ~[ns$1.class:?]
	at net.minecraft.advancements.AdvancementManager$1.deserialize(AdvancementManager.java:46) ~[ns$1.class:?]
	at com.google.gson.internal.bind.TreeTypeAdapter.read(TreeTypeAdapter.java:69) ~[TreeTypeAdapter.class:?]
	at net.minecraft.util.JsonUtils.func_188173_a(SourceFile:492) ~[rc.class:?]
	at net.minecraft.util.JsonUtils.func_188176_a(SourceFile:517) ~[rc.class:?]
	at net.minecraft.util.JsonUtils.func_188178_a(SourceFile:537) ~[rc.class:?]
	at net.minecraftforge.common.ForgeHooks.lambda$loadAdvancements$0(ForgeHooks.java:1381) ~[ForgeHooks.class:14.23.5.2860]
	at net.minecraftforge.common.crafting.CraftingHelper.findFiles(CraftingHelper.java:833) [CraftingHelper.class:?]
	at net.minecraftforge.common.ForgeHooks.loadAdvancements(ForgeHooks.java:1359) [ForgeHooks.class:14.23.5.2860]
	at net.minecraftforge.common.ForgeHooks.loadAdvancements(ForgeHooks.java:1326) [ForgeHooks.class:14.23.5.2860]
	at net.minecraft.advancements.AdvancementManager.func_192779_a(AdvancementManager.java:69) [ns.class:?]
	at net.minecraft.advancements.AdvancementManager.<init>(AdvancementManager.java:60) [ns.class:?]
	at net.minecraft.world.WorldServer.func_175643_b(WorldServer.java:156) [oo.class:?]
	at net.minecraft.server.MinecraftServer.func_71247_a(MinecraftServer.java:298) [MinecraftServer.class:?]
	at net.minecraft.server.dedicated.DedicatedServer.func_71197_b(DedicatedServer.java:270) [nz.class:?]
	at net.minecraft.server.MinecraftServer.run(MinecraftServer.java:486) [MinecraftServer.class:?]
	at java.lang.Thread.run(Thread.java:750) [?:1.8.0_492]
[23:21:22] [Server thread/ERROR] [FML]: Parsing error loading built-in advancement mujmajnkraftsbettersurvival:gold_dagger
com.google.gson.JsonSyntaxException: Unknown recipe 'mujmajnkraftsbettersurvival:gold_dagger'
	at net.minecraft.advancements.AdvancementRewards$Deserializer.deserialize(AdvancementRewards.java:171) ~[l$a.class:?]
	at net.minecraft.advancements.AdvancementRewards$Deserializer.deserialize(AdvancementRewards.java:147) ~[l$a.class:?]
	at com.google.gson.internal.bind.TreeTypeAdapter.read(TreeTypeAdapter.java:69) ~[TreeTypeAdapter.class:?]
	at com.google.gson.Gson.fromJson(Gson.java:887) ~[Gson.class:?]
	at com.google.gson.Gson.fromJson(Gson.java:952) ~[Gson.class:?]
	at com.google.gson.internal.bind.TreeTypeAdapter$GsonContextImpl.deserialize(TreeTypeAdapter.java:162) ~[TreeTypeAdapter$GsonContextImpl.class:?]
	at net.minecraft.util.JsonUtils.func_188179_a(SourceFile:439) ~[rc.class:?]
	at net.minecraft.util.JsonUtils.func_188177_a(SourceFile:455) ~[rc.class:?]
	at net.minecraft.advancements.Advancement$Builder.func_192059_a(SourceFile:203) ~[i$a.class:?]
	at net.minecraft.advancements.AdvancementManager$1.deserialize(AdvancementManager.java:50) ~[ns$1.class:?]
	at net.minecraft.advancements.AdvancementManager$1.deserialize(AdvancementManager.java:46) ~[ns$1.class:?]
	at com.google.gson.internal.bind.TreeTypeAdapter.read(TreeTypeAdapter.java:69) ~[TreeTypeAdapter.class:?]
	at net.minecraft.util.JsonUtils.func_188173_a(SourceFile:492) ~[rc.class:?]
	at net.minecraft.util.JsonUtils.func_188176_a(SourceFile:517) ~[rc.class:?]
	at net.minecraft.util.JsonUtils.func_188178_a(SourceFile:537) ~[rc.class:?]
	at net.minecraftforge.common.ForgeHooks.lambda$loadAdvancements$0(ForgeHooks.java:1381) ~[ForgeHooks.class:14.23.5.2860]
	at net.minecraftforge.common.crafting.CraftingHelper.findFiles(CraftingHelper.java:833) [CraftingHelper.class:?]
	at net.minecraftforge.common.ForgeHooks.loadAdvancements(ForgeHooks.java:1359) [ForgeHooks.class:14.23.5.2860]
	at net.minecraftforge.common.ForgeHooks.loadAdvancements(ForgeHooks.java:1326) [ForgeHooks.class:14.23.5.2860]
	at net.minecraft.advancements.AdvancementManager.func_192779_a(AdvancementManager.java:69) [ns.class:?]
	at net.minecraft.advancements.AdvancementManager.<init>(AdvancementManager.java:60) [ns.class:?]
	at net.minecraft.world.WorldServer.func_175643_b(WorldServer.java:156) [oo.class:?]
	at net.minecraft.server.MinecraftServer.func_71247_a(MinecraftServer.java:298) [MinecraftServer.class:?]
	at net.minecraft.server.dedicated.DedicatedServer.func_71197_b(DedicatedServer.java:270) [nz.class:?]
	at net.minecraft.server.MinecraftServer.run(MinecraftServer.java:486) [MinecraftServer.class:?]
	at java.lang.Thread.run(Thread.java:750) [?:1.8.0_492]
[23:21:22] [Server thread/ERROR] [FML]: Parsing error loading built-in advancement mujmajnkraftsbettersurvival:gold_battleaxe
com.google.gson.JsonSyntaxException: Unknown recipe 'mujmajnkraftsbettersurvival:gold_battleaxe'
	at net.minecraft.advancements.AdvancementRewards$Deserializer.deserialize(AdvancementRewards.java:171) ~[l$a.class:?]
	at net.minecraft.advancements.AdvancementRewards$Deserializer.deserialize(AdvancementRewards.java:147) ~[l$a.class:?]
	at com.google.gson.internal.bind.TreeTypeAdapter.read(TreeTypeAdapter.java:69) ~[TreeTypeAdapter.class:?]
	at com.google.gson.Gson.fromJson(Gson.java:887) ~[Gson.class:?]
	at com.google.gson.Gson.fromJson(Gson.java:952) ~[Gson.class:?]
	at com.google.gson.internal.bind.TreeTypeAdapter$GsonContextImpl.deserialize(TreeTypeAdapter.java:162) ~[TreeTypeAdapter$GsonContextImpl.class:?]
	at net.minecraft.util.JsonUtils.func_188179_a(SourceFile:439) ~[rc.class:?]
	at net.minecraft.util.JsonUtils.func_188177_a(SourceFile:455) ~[rc.class:?]
	at net.minecraft.advancements.Advancement$Builder.func_192059_a(SourceFile:203) ~[i$a.class:?]
	at net.minecraft.advancements.AdvancementManager$1.deserialize(AdvancementManager.java:50) ~[ns$1.class:?]
	at net.minecraft.advancements.AdvancementManager$1.deserialize(AdvancementManager.java:46) ~[ns$1.class:?]
	at com.google.gson.internal.bind.TreeTypeAdapter.read(TreeTypeAdapter.java:69) ~[TreeTypeAdapter.class:?]
	at net.minecraft.util.JsonUtils.func_188173_a(SourceFile:492) ~[rc.class:?]
	at net.minecraft.util.JsonUtils.func_188176_a(SourceFile:517) ~[rc.class:?]
	at net.minecraft.util.JsonUtils.func_188178_a(SourceFile:537) ~[rc.class:?]
	at net.minecraftforge.common.ForgeHooks.lambda$loadAdvancements$0(ForgeHooks.java:1381) ~[ForgeHooks.class:14.23.5.2860]
	at net.minecraftforge.common.crafting.CraftingHelper.findFiles(CraftingHelper.java:833) [CraftingHelper.class:?]
	at net.minecraftforge.common.ForgeHooks.loadAdvancements(ForgeHooks.java:1359) [ForgeHooks.class:14.23.5.2860]
	at net.minecraftforge.common.ForgeHooks.loadAdvancements(ForgeHooks.java:1326) [ForgeHooks.class:14.23.5.2860]
	at net.minecraft.advancements.AdvancementManager.func_192779_a(AdvancementManager.java:69) [ns.class:?]
	at net.minecraft.advancements.AdvancementManager.<init>(AdvancementManager.java:60) [ns.class:?]
	at net.minecraft.world.WorldServer.func_175643_b(WorldServer.java:156) [oo.class:?]
	at net.minecraft.server.MinecraftServer.func_71247_a(MinecraftServer.java:298) [MinecraftServer.class:?]
	at net.minecraft.server.dedicated.DedicatedServer.func_71197_b(DedicatedServer.java:270) [nz.class:?]
	at net.minecraft.server.MinecraftServer.run(MinecraftServer.java:486) [MinecraftServer.class:?]
	at java.lang.Thread.run(Thread.java:750) [?:1.8.0_492]
[23:21:22] [Server thread/ERROR] [FML]: Parsing error loading built-in advancement mujmajnkraftsbettersurvival:diamond_spear
com.google.gson.JsonSyntaxException: Unknown recipe 'mujmajnkraftsbettersurvival:diamond_spear'
	at net.minecraft.advancements.AdvancementRewards$Deserializer.deserialize(AdvancementRewards.java:171) ~[l$a.class:?]
	at net.minecraft.advancements.AdvancementRewards$Deserializer.deserialize(AdvancementRewards.java:147) ~[l$a.class:?]
	at com.google.gson.internal.bind.TreeTypeAdapter.read(TreeTypeAdapter.java:69) ~[TreeTypeAdapter.class:?]
	at com.google.gson.Gson.fromJson(Gson.java:887) ~[Gson.class:?]
	at com.google.gson.Gson.fromJson(Gson.java:952) ~[Gson.class:?]
	at com.google.gson.internal.bind.TreeTypeAdapter$GsonContextImpl.deserialize(TreeTypeAdapter.java:162) ~[TreeTypeAdapter$GsonContextImpl.class:?]
	at net.minecraft.util.JsonUtils.func_188179_a(SourceFile:439) ~[rc.class:?]
	at net.minecraft.util.JsonUtils.func_188177_a(SourceFile:455) ~[rc.class:?]
	at net.minecraft.advancements.Advancement$Builder.func_192059_a(SourceFile:203) ~[i$a.class:?]
	at net.minecraft.advancements.AdvancementManager$1.deserialize(AdvancementManager.java:50) ~[ns$1.class:?]
	at net.minecraft.advancements.AdvancementManager$1.deserialize(AdvancementManager.java:46) ~[ns$1.class:?]
	at com.google.gson.internal.bind.TreeTypeAdapter.read(TreeTypeAdapter.java:69) ~[TreeTypeAdapter.class:?]
	at net.minecraft.util.JsonUtils.func_188173_a(SourceFile:492) ~[rc.class:?]
	at net.minecraft.util.JsonUtils.func_188176_a(SourceFile:517) ~[rc.class:?]
	at net.minecraft.util.JsonUtils.func_188178_a(SourceFile:537) ~[rc.class:?]
	at net.minecraftforge.common.ForgeHooks.lambda$loadAdvancements$0(ForgeHooks.java:1381) ~[ForgeHooks.class:14.23.5.2860]
	at net.minecraftforge.common.crafting.CraftingHelper.findFiles(CraftingHelper.java:833) [CraftingHelper.class:?]
	at net.minecraftforge.common.ForgeHooks.loadAdvancements(ForgeHooks.java:1359) [ForgeHooks.class:14.23.5.2860]
	at net.minecraftforge.common.ForgeHooks.loadAdvancements(ForgeHooks.java:1326) [ForgeHooks.class:14.23.5.2860]
	at net.minecraft.advancements.AdvancementManager.func_192779_a(AdvancementManager.java:69) [ns.class:?]
	at net.minecraft.advancements.AdvancementManager.<init>(AdvancementManager.java:60) [ns.class:?]
	at net.minecraft.world.WorldServer.func_175643_b(WorldServer.java:156) [oo.class:?]
	at net.minecraft.server.MinecraftServer.func_71247_a(MinecraftServer.java:298) [MinecraftServer.class:?]
	at net.minecraft.server.dedicated.DedicatedServer.func_71197_b(DedicatedServer.java:270) [nz.class:?]
	at net.minecraft.server.MinecraftServer.run(MinecraftServer.java:486) [MinecraftServer.class:?]
	at java.lang.Thread.run(Thread.java:750) [?:1.8.0_492]
[23:21:22] [Server thread/ERROR] [FML]: Parsing error loading built-in advancement mujmajnkraftsbettersurvival:diamond_hammer
com.google.gson.JsonSyntaxException: Unknown recipe 'mujmajnkraftsbettersurvival:diamond_hammer'
	at net.minecraft.advancements.AdvancementRewards$Deserializer.deserialize(AdvancementRewards.java:171) ~[l$a.class:?]
	at net.minecraft.advancements.AdvancementRewards$Deserializer.deserialize(AdvancementRewards.java:147) ~[l$a.class:?]
	at com.google.gson.internal.bind.TreeTypeAdapter.read(TreeTypeAdapter.java:69) ~[TreeTypeAdapter.class:?]
	at com.google.gson.Gson.fromJson(Gson.java:887) ~[Gson.class:?]
	at com.google.gson.Gson.fromJson(Gson.java:952) ~[Gson.class:?]
	at com.google.gson.internal.bind.TreeTypeAdapter$GsonContextImpl.deserialize(TreeTypeAdapter.java:162) ~[TreeTypeAdapter$GsonContextImpl.class:?]
	at net.minecraft.util.JsonUtils.func_188179_a(SourceFile:439) ~[rc.class:?]
	at net.minecraft.util.JsonUtils.func_188177_a(SourceFile:455) ~[rc.class:?]
	at net.minecraft.advancements.Advancement$Builder.func_192059_a(SourceFile:203) ~[i$a.class:?]
	at net.minecraft.advancements.AdvancementManager$1.deserialize(AdvancementManager.java:50) ~[ns$1.class:?]
	at net.minecraft.advancements.AdvancementManager$1.deserialize(AdvancementManager.java:46) ~[ns$1.class:?]
	at com.google.gson.internal.bind.TreeTypeAdapter.read(TreeTypeAdapter.java:69) ~[TreeTypeAdapter.class:?]
	at net.minecraft.util.JsonUtils.func_188173_a(SourceFile:492) ~[rc.class:?]
	at net.minecraft.util.JsonUtils.func_188176_a(SourceFile:517) ~[rc.class:?]
	at net.minecraft.util.JsonUtils.func_188178_a(SourceFile:537) ~[rc.class:?]
	at net.minecraftforge.common.ForgeHooks.lambda$loadAdvancements$0(ForgeHooks.java:1381) ~[ForgeHooks.class:14.23.5.2860]
	at net.minecraftforge.common.crafting.CraftingHelper.findFiles(CraftingHelper.java:833) [CraftingHelper.class:?]
	at net.minecraftforge.common.ForgeHooks.loadAdvancements(ForgeHooks.java:1359) [ForgeHooks.class:14.23.5.2860]
	at net.minecraftforge.common.ForgeHooks.loadAdvancements(ForgeHooks.java:1326) [ForgeHooks.class:14.23.5.2860]
	at net.minecraft.advancements.AdvancementManager.func_192779_a(AdvancementManager.java:69) [ns.class:?]
	at net.minecraft.advancements.AdvancementManager.<init>(AdvancementManager.java:60) [ns.class:?]
	at net.minecraft.world.WorldServer.func_175643_b(WorldServer.java:156) [oo.class:?]
	at net.minecraft.server.MinecraftServer.func_71247_a(MinecraftServer.java:298) [MinecraftServer.class:?]
	at net.minecraft.server.dedicated.DedicatedServer.func_71197_b(DedicatedServer.java:270) [nz.class:?]
	at net.minecraft.server.MinecraftServer.run(MinecraftServer.java:486) [MinecraftServer.class:?]
	at java.lang.Thread.run(Thread.java:750) [?:1.8.0_492]
[23:21:22] [Server thread/ERROR] [FML]: Parsing error loading built-in advancement mujmajnkraftsbettersurvival:diamond_dagger
com.google.gson.JsonSyntaxException: Unknown recipe 'mujmajnkraftsbettersurvival:diamond_dagger'
	at net.minecraft.advancements.AdvancementRewards$Deserializer.deserialize(AdvancementRewards.java:171) ~[l$a.class:?]
	at net.minecraft.advancements.AdvancementRewards$Deserializer.deserialize(AdvancementRewards.java:147) ~[l$a.class:?]
	at com.google.gson.internal.bind.TreeTypeAdapter.read(TreeTypeAdapter.java:69) ~[TreeTypeAdapter.class:?]
	at com.google.gson.Gson.fromJson(Gson.java:887) ~[Gson.class:?]
	at com.google.gson.Gson.fromJson(Gson.java:952) ~[Gson.class:?]
	at com.google.gson.internal.bind.TreeTypeAdapter$GsonContextImpl.deserialize(TreeTypeAdapter.java:162) ~[TreeTypeAdapter$GsonContextImpl.class:?]
	at net.minecraft.util.JsonUtils.func_188179_a(SourceFile:439) ~[rc.class:?]
	at net.minecraft.util.JsonUtils.func_188177_a(SourceFile:455) ~[rc.class:?]
	at net.minecraft.advancements.Advancement$Builder.func_192059_a(SourceFile:203) ~[i$a.class:?]
	at net.minecraft.advancements.AdvancementManager$1.deserialize(AdvancementManager.java:50) ~[ns$1.class:?]
	at net.minecraft.advancements.AdvancementManager$1.deserialize(AdvancementManager.java:46) ~[ns$1.class:?]
	at com.google.gson.internal.bind.TreeTypeAdapter.read(TreeTypeAdapter.java:69) ~[TreeTypeAdapter.class:?]
	at net.minecraft.util.JsonUtils.func_188173_a(SourceFile:492) ~[rc.class:?]
	at net.minecraft.util.JsonUtils.func_188176_a(SourceFile:517) ~[rc.class:?]
	at net.minecraft.util.JsonUtils.func_188178_a(SourceFile:537) ~[rc.class:?]
	at net.minecraftforge.common.ForgeHooks.lambda$loadAdvancements$0(ForgeHooks.java:1381) ~[ForgeHooks.class:14.23.5.2860]
	at net.minecraftforge.common.crafting.CraftingHelper.findFiles(CraftingHelper.java:833) [CraftingHelper.class:?]
	at net.minecraftforge.common.ForgeHooks.loadAdvancements(ForgeHooks.java:1359) [ForgeHooks.class:14.23.5.2860]
	at net.minecraftforge.common.ForgeHooks.loadAdvancements(ForgeHooks.java:1326) [ForgeHooks.class:14.23.5.2860]
	at net.minecraft.advancements.AdvancementManager.func_192779_a(AdvancementManager.java:69) [ns.class:?]
	at net.minecraft.advancements.AdvancementManager.<init>(AdvancementManager.java:60) [ns.class:?]
	at net.minecraft.world.WorldServer.func_175643_b(WorldServer.java:156) [oo.class:?]
	at net.minecraft.server.MinecraftServer.func_71247_a(MinecraftServer.java:298) [MinecraftServer.class:?]
	at net.minecraft.server.dedicated.DedicatedServer.func_71197_b(DedicatedServer.java:270) [nz.class:?]
	at net.minecraft.server.MinecraftServer.run(MinecraftServer.java:486) [MinecraftServer.class:?]
	at java.lang.Thread.run(Thread.java:750) [?:1.8.0_492]
[23:21:22] [Server thread/ERROR] [FML]: Parsing error loading built-in advancement mujmajnkraftsbettersurvival:diamond_battleaxe
com.google.gson.JsonSyntaxException: Unknown recipe 'mujmajnkraftsbettersurvival:diamond_battleaxe'
	at net.minecraft.advancements.AdvancementRewards$Deserializer.deserialize(AdvancementRewards.java:171) ~[l$a.class:?]
	at net.minecraft.advancements.AdvancementRewards$Deserializer.deserialize(AdvancementRewards.java:147) ~[l$a.class:?]
	at com.google.gson.internal.bind.TreeTypeAdapter.read(TreeTypeAdapter.java:69) ~[TreeTypeAdapter.class:?]
	at com.google.gson.Gson.fromJson(Gson.java:887) ~[Gson.class:?]
	at com.google.gson.Gson.fromJson(Gson.java:952) ~[Gson.class:?]
	at com.google.gson.internal.bind.TreeTypeAdapter$GsonContextImpl.deserialize(TreeTypeAdapter.java:162) ~[TreeTypeAdapter$GsonContextImpl.class:?]
	at net.minecraft.util.JsonUtils.func_188179_a(SourceFile:439) ~[rc.class:?]
	at net.minecraft.util.JsonUtils.func_188177_a(SourceFile:455) ~[rc.class:?]
	at net.minecraft.advancements.Advancement$Builder.func_192059_a(SourceFile:203) ~[i$a.class:?]
	at net.minecraft.advancements.AdvancementManager$1.deserialize(AdvancementManager.java:50) ~[ns$1.class:?]
	at net.minecraft.advancements.AdvancementManager$1.deserialize(AdvancementManager.java:46) ~[ns$1.class:?]
	at com.google.gson.internal.bind.TreeTypeAdapter.read(TreeTypeAdapter.java:69) ~[TreeTypeAdapter.class:?]
	at net.minecraft.util.JsonUtils.func_188173_a(SourceFile:492) ~[rc.class:?]
	at net.minecraft.util.JsonUtils.func_188176_a(SourceFile:517) ~[rc.class:?]
	at net.minecraft.util.JsonUtils.func_188178_a(SourceFile:537) ~[rc.class:?]
	at net.minecraftforge.common.ForgeHooks.lambda$loadAdvancements$0(ForgeHooks.java:1381) ~[ForgeHooks.class:14.23.5.2860]
	at net.minecraftforge.common.crafting.CraftingHelper.findFiles(CraftingHelper.java:833) [CraftingHelper.class:?]
	at net.minecraftforge.common.ForgeHooks.loadAdvancements(ForgeHooks.java:1359) [ForgeHooks.class:14.23.5.2860]
	at net.minecraftforge.common.ForgeHooks.loadAdvancements(ForgeHooks.java:1326) [ForgeHooks.class:14.23.5.2860]
	at net.minecraft.advancements.AdvancementManager.func_192779_a(AdvancementManager.java:69) [ns.class:?]
	at net.minecraft.advancements.AdvancementManager.<init>(AdvancementManager.java:60) [ns.class:?]
	at net.minecraft.world.WorldServer.func_175643_b(WorldServer.java:156) [oo.class:?]
	at net.minecraft.server.MinecraftServer.func_71247_a(MinecraftServer.java:298) [MinecraftServer.class:?]
	at net.minecraft.server.dedicated.DedicatedServer.func_71197_b(DedicatedServer.java:270) [nz.class:?]
	at net.minecraft.server.MinecraftServer.run(MinecraftServer.java:486) [MinecraftServer.class:?]
	at java.lang.Thread.run(Thread.java:750) [?:1.8.0_492]
[23:21:22] [Server thread/ERROR] [FML]: Parsing error loading built-in advancement mujmajnkraftsbettersurvival:crossbow
com.google.gson.JsonSyntaxException: Unknown recipe 'mujmajnkraftsbettersurvival:crossbow'
	at net.minecraft.advancements.AdvancementRewards$Deserializer.deserialize(AdvancementRewards.java:171) ~[l$a.class:?]
	at net.minecraft.advancements.AdvancementRewards$Deserializer.deserialize(AdvancementRewards.java:147) ~[l$a.class:?]
	at com.google.gson.internal.bind.TreeTypeAdapter.read(TreeTypeAdapter.java:69) ~[TreeTypeAdapter.class:?]
	at com.google.gson.Gson.fromJson(Gson.java:887) ~[Gson.class:?]
	at com.google.gson.Gson.fromJson(Gson.java:952) ~[Gson.class:?]
	at com.google.gson.internal.bind.TreeTypeAdapter$GsonContextImpl.deserialize(TreeTypeAdapter.java:162) ~[TreeTypeAdapter$GsonContextImpl.class:?]
	at net.minecraft.util.JsonUtils.func_188179_a(SourceFile:439) ~[rc.class:?]
	at net.minecraft.util.JsonUtils.func_188177_a(SourceFile:455) ~[rc.class:?]
	at net.minecraft.advancements.Advancement$Builder.func_192059_a(SourceFile:203) ~[i$a.class:?]
	at net.minecraft.advancements.AdvancementManager$1.deserialize(AdvancementManager.java:50) ~[ns$1.class:?]
	at net.minecraft.advancements.AdvancementManager$1.deserialize(AdvancementManager.java:46) ~[ns$1.class:?]
	at com.google.gson.internal.bind.TreeTypeAdapter.read(TreeTypeAdapter.java:69) ~[TreeTypeAdapter.class:?]
	at net.minecraft.util.JsonUtils.func_188173_a(SourceFile:492) ~[rc.class:?]
	at net.minecraft.util.JsonUtils.func_188176_a(SourceFile:517) ~[rc.class:?]
	at net.minecraft.util.JsonUtils.func_188178_a(SourceFile:537) ~[rc.class:?]
	at net.minecraftforge.common.ForgeHooks.lambda$loadAdvancements$0(ForgeHooks.java:1381) ~[ForgeHooks.class:14.23.5.2860]
	at net.minecraftforge.common.crafting.CraftingHelper.findFiles(CraftingHelper.java:833) [CraftingHelper.class:?]
	at net.minecraftforge.common.ForgeHooks.loadAdvancements(ForgeHooks.java:1359) [ForgeHooks.class:14.23.5.2860]
	at net.minecraftforge.common.ForgeHooks.loadAdvancements(ForgeHooks.java:1326) [ForgeHooks.class:14.23.5.2860]
	at net.minecraft.advancements.AdvancementManager.func_192779_a(AdvancementManager.java:69) [ns.class:?]
	at net.minecraft.advancements.AdvancementManager.<init>(AdvancementManager.java:60) [ns.class:?]
	at net.minecraft.world.WorldServer.func_175643_b(WorldServer.java:156) [oo.class:?]
	at net.minecraft.server.MinecraftServer.func_71247_a(MinecraftServer.java:298) [MinecraftServer.class:?]
	at net.minecraft.server.dedicated.DedicatedServer.func_71197_b(DedicatedServer.java:270) [nz.class:?]
	at net.minecraft.server.MinecraftServer.run(MinecraftServer.java:486) [MinecraftServer.class:?]
	at java.lang.Thread.run(Thread.java:750) [?:1.8.0_492]
[23:21:22] [Server thread/ERROR] [FML]: Parsing error loading built-in advancement mcwlights:recipes/torches
com.google.gson.JsonSyntaxException: Unknown recipe 'mcwlights:reinforced_torch'
	at net.minecraft.advancements.AdvancementRewards$Deserializer.deserialize(AdvancementRewards.java:171) ~[l$a.class:?]
	at net.minecraft.advancements.AdvancementRewards$Deserializer.deserialize(AdvancementRewards.java:147) ~[l$a.class:?]
	at com.google.gson.internal.bind.TreeTypeAdapter.read(TreeTypeAdapter.java:69) ~[TreeTypeAdapter.class:?]
	at com.google.gson.Gson.fromJson(Gson.java:887) ~[Gson.class:?]
	at com.google.gson.Gson.fromJson(Gson.java:952) ~[Gson.class:?]
	at com.google.gson.internal.bind.TreeTypeAdapter$GsonContextImpl.deserialize(TreeTypeAdapter.java:162) ~[TreeTypeAdapter$GsonContextImpl.class:?]
	at net.minecraft.util.JsonUtils.func_188179_a(SourceFile:439) ~[rc.class:?]
	at net.minecraft.util.JsonUtils.func_188177_a(SourceFile:455) ~[rc.class:?]
	at net.minecraft.advancements.Advancement$Builder.func_192059_a(SourceFile:203) ~[i$a.class:?]
	at net.minecraft.advancements.AdvancementManager$1.deserialize(AdvancementManager.java:50) ~[ns$1.class:?]
	at net.minecraft.advancements.AdvancementManager$1.deserialize(AdvancementManager.java:46) ~[ns$1.class:?]
	at com.google.gson.internal.bind.TreeTypeAdapter.read(TreeTypeAdapter.java:69) ~[TreeTypeAdapter.class:?]
	at net.minecraft.util.JsonUtils.func_188173_a(SourceFile:492) ~[rc.class:?]
	at net.minecraft.util.JsonUtils.func_188176_a(SourceFile:517) ~[rc.class:?]
	at net.minecraft.util.JsonUtils.func_188178_a(SourceFile:537) ~[rc.class:?]
	at net.minecraftforge.common.ForgeHooks.lambda$loadAdvancements$0(ForgeHooks.java:1381) ~[ForgeHooks.class:14.23.5.2860]
	at net.minecraftforge.common.crafting.CraftingHelper.findFiles(CraftingHelper.java:833) [CraftingHelper.class:?]
	at net.minecraftforge.common.ForgeHooks.loadAdvancements(ForgeHooks.java:1359) [ForgeHooks.class:14.23.5.2860]
	at net.minecraftforge.common.ForgeHooks.loadAdvancements(ForgeHooks.java:1326) [ForgeHooks.class:14.23.5.2860]
	at net.minecraft.advancements.AdvancementManager.func_192779_a(AdvancementManager.java:69) [ns.class:?]
	at net.minecraft.advancements.AdvancementManager.<init>(AdvancementManager.java:60) [ns.class:?]
	at net.minecraft.world.WorldServer.func_175643_b(WorldServer.java:156) [oo.class:?]
	at net.minecraft.server.MinecraftServer.func_71247_a(MinecraftServer.java:298) [MinecraftServer.class:?]
	at net.minecraft.server.dedicated.DedicatedServer.func_71197_b(DedicatedServer.java:270) [nz.class:?]
	at net.minecraft.server.MinecraftServer.run(MinecraftServer.java:486) [MinecraftServer.class:?]
	at java.lang.Thread.run(Thread.java:750) [?:1.8.0_492]
[23:21:22] [Server thread/ERROR] [FML]: Parsing error loading built-in advancement mcwtrpdoors:recipes/metal/metal_trapdoor
com.google.gson.JsonSyntaxException: Unknown recipe 'mcwtrpdoors:metal_trapdoor'
	at net.minecraft.advancements.AdvancementRewards$Deserializer.deserialize(AdvancementRewards.java:171) ~[l$a.class:?]
	at net.minecraft.advancements.AdvancementRewards$Deserializer.deserialize(AdvancementRewards.java:147) ~[l$a.class:?]
	at com.google.gson.internal.bind.TreeTypeAdapter.read(TreeTypeAdapter.java:69) ~[TreeTypeAdapter.class:?]
	at com.google.gson.Gson.fromJson(Gson.java:887) ~[Gson.class:?]
	at com.google.gson.Gson.fromJson(Gson.java:952) ~[Gson.class:?]
	at com.google.gson.internal.bind.TreeTypeAdapter$GsonContextImpl.deserialize(TreeTypeAdapter.java:162) ~[TreeTypeAdapter$GsonContextImpl.class:?]
	at net.minecraft.util.JsonUtils.func_188179_a(SourceFile:439) ~[rc.class:?]
	at net.minecraft.util.JsonUtils.func_188177_a(SourceFile:455) ~[rc.class:?]
	at net.minecraft.advancements.Advancement$Builder.func_192059_a(SourceFile:203) ~[i$a.class:?]
	at net.minecraft.advancements.AdvancementManager$1.deserialize(AdvancementManager.java:50) ~[ns$1.class:?]
	at net.minecraft.advancements.AdvancementManager$1.deserialize(AdvancementManager.java:46) ~[ns$1.class:?]
	at com.google.gson.internal.bind.TreeTypeAdapter.read(TreeTypeAdapter.java:69) ~[TreeTypeAdapter.class:?]
	at net.minecraft.util.JsonUtils.func_188173_a(SourceFile:492) ~[rc.class:?]
	at net.minecraft.util.JsonUtils.func_188176_a(SourceFile:517) ~[rc.class:?]
	at net.minecraft.util.JsonUtils.func_188178_a(SourceFile:537) ~[rc.class:?]
	at net.minecraftforge.common.ForgeHooks.lambda$loadAdvancements$0(ForgeHooks.java:1381) ~[ForgeHooks.class:14.23.5.2860]
	at net.minecraftforge.common.crafting.CraftingHelper.findFiles(CraftingHelper.java:833) [CraftingHelper.class:?]
	at net.minecraftforge.common.ForgeHooks.loadAdvancements(ForgeHooks.java:1359) [ForgeHooks.class:14.23.5.2860]
	at net.minecraftforge.common.ForgeHooks.loadAdvancements(ForgeHooks.java:1326) [ForgeHooks.class:14.23.5.2860]
	at net.minecraft.advancements.AdvancementManager.func_192779_a(AdvancementManager.java:69) [ns.class:?]
	at net.minecraft.advancements.AdvancementManager.<init>(AdvancementManager.java:60) [ns.class:?]
	at net.minecraft.world.WorldServer.func_175643_b(WorldServer.java:156) [oo.class:?]
	at net.minecraft.server.MinecraftServer.func_71247_a(MinecraftServer.java:298) [MinecraftServer.class:?]
	at net.minecraft.server.dedicated.DedicatedServer.func_71197_b(DedicatedServer.java:270) [nz.class:?]
	at net.minecraft.server.MinecraftServer.run(MinecraftServer.java:486) [MinecraftServer.class:?]
	at java.lang.Thread.run(Thread.java:750) [?:1.8.0_492]
[23:21:22] [Server thread/ERROR] [FML]: Parsing error loading built-in advancement mcwtrpdoors:recipes/metal/metal_full_trapdoor
com.google.gson.JsonSyntaxException: Unknown recipe 'mcwtrpdoors:metal_full_trapdoor'
	at net.minecraft.advancements.AdvancementRewards$Deserializer.deserialize(AdvancementRewards.java:171) ~[l$a.class:?]
	at net.minecraft.advancements.AdvancementRewards$Deserializer.deserialize(AdvancementRewards.java:147) ~[l$a.class:?]
	at com.google.gson.internal.bind.TreeTypeAdapter.read(TreeTypeAdapter.java:69) ~[TreeTypeAdapter.class:?]
	at com.google.gson.Gson.fromJson(Gson.java:887) ~[Gson.class:?]
	at com.google.gson.Gson.fromJson(Gson.java:952) ~[Gson.class:?]
	at com.google.gson.internal.bind.TreeTypeAdapter$GsonContextImpl.deserialize(TreeTypeAdapter.java:162) ~[TreeTypeAdapter$GsonContextImpl.class:?]
	at net.minecraft.util.JsonUtils.func_188179_a(SourceFile:439) ~[rc.class:?]
	at net.minecraft.util.JsonUtils.func_188177_a(SourceFile:455) ~[rc.class:?]
	at net.minecraft.advancements.Advancement$Builder.func_192059_a(SourceFile:203) ~[i$a.class:?]
	at net.minecraft.advancements.AdvancementManager$1.deserialize(AdvancementManager.java:50) ~[ns$1.class:?]
	at net.minecraft.advancements.AdvancementManager$1.deserialize(AdvancementManager.java:46) ~[ns$1.class:?]
	at com.google.gson.internal.bind.TreeTypeAdapter.read(TreeTypeAdapter.java:69) ~[TreeTypeAdapter.class:?]
	at net.minecraft.util.JsonUtils.func_188173_a(SourceFile:492) ~[rc.class:?]
	at net.minecraft.util.JsonUtils.func_188176_a(SourceFile:517) ~[rc.class:?]
	at net.minecraft.util.JsonUtils.func_188178_a(SourceFile:537) ~[rc.class:?]
	at net.minecraftforge.common.ForgeHooks.lambda$loadAdvancements$0(ForgeHooks.java:1381) ~[ForgeHooks.class:14.23.5.2860]
	at net.minecraftforge.common.crafting.CraftingHelper.findFiles(CraftingHelper.java:833) [CraftingHelper.class:?]
	at net.minecraftforge.common.ForgeHooks.loadAdvancements(ForgeHooks.java:1359) [ForgeHooks.class:14.23.5.2860]
	at net.minecraftforge.common.ForgeHooks.loadAdvancements(ForgeHooks.java:1326) [ForgeHooks.class:14.23.5.2860]
	at net.minecraft.advancements.AdvancementManager.func_192779_a(AdvancementManager.java:69) [ns.class:?]
	at net.minecraft.advancements.AdvancementManager.<init>(AdvancementManager.java:60) [ns.class:?]
	at net.minecraft.world.WorldServer.func_175643_b(WorldServer.java:156) [oo.class:?]
	at net.minecraft.server.MinecraftServer.func_71247_a(MinecraftServer.java:298) [MinecraftServer.class:?]
	at net.minecraft.server.dedicated.DedicatedServer.func_71197_b(DedicatedServer.java:270) [nz.class:?]
	at net.minecraft.server.MinecraftServer.run(MinecraftServer.java:486) [MinecraftServer.class:?]
	at java.lang.Thread.run(Thread.java:750) [?:1.8.0_492]
[23:21:22] [Server thread/ERROR] [FML]: Parsing error loading built-in advancement simpleplanes:recipes/plane_ft
com.google.gson.JsonSyntaxException: Unknown recipe 'simpleplanes:ft_cherry_helicopter'
	at net.minecraft.advancements.AdvancementRewards$Deserializer.deserialize(AdvancementRewards.java:171) ~[l$a.class:?]
	at net.minecraft.advancements.AdvancementRewards$Deserializer.deserialize(AdvancementRewards.java:147) ~[l$a.class:?]
	at com.google.gson.internal.bind.TreeTypeAdapter.read(TreeTypeAdapter.java:69) ~[TreeTypeAdapter.class:?]
	at com.google.gson.Gson.fromJson(Gson.java:887) ~[Gson.class:?]
	at com.google.gson.Gson.fromJson(Gson.java:952) ~[Gson.class:?]
	at com.google.gson.internal.bind.TreeTypeAdapter$GsonContextImpl.deserialize(TreeTypeAdapter.java:162) ~[TreeTypeAdapter$GsonContextImpl.class:?]
	at net.minecraft.util.JsonUtils.func_188179_a(SourceFile:439) ~[rc.class:?]
	at net.minecraft.util.JsonUtils.func_188177_a(SourceFile:455) ~[rc.class:?]
	at net.minecraft.advancements.Advancement$Builder.func_192059_a(SourceFile:203) ~[i$a.class:?]
	at net.minecraft.advancements.AdvancementManager$1.deserialize(AdvancementManager.java:50) ~[ns$1.class:?]
	at net.minecraft.advancements.AdvancementManager$1.deserialize(AdvancementManager.java:46) ~[ns$1.class:?]
	at com.google.gson.internal.bind.TreeTypeAdapter.read(TreeTypeAdapter.java:69) ~[TreeTypeAdapter.class:?]
	at net.minecraft.util.JsonUtils.func_188173_a(SourceFile:492) ~[rc.class:?]
	at net.minecraft.util.JsonUtils.func_188176_a(SourceFile:517) ~[rc.class:?]
	at net.minecraft.util.JsonUtils.func_188178_a(SourceFile:537) ~[rc.class:?]
	at net.minecraftforge.common.ForgeHooks.lambda$loadAdvancements$0(ForgeHooks.java:1381) ~[ForgeHooks.class:14.23.5.2860]
	at net.minecraftforge.common.crafting.CraftingHelper.findFiles(CraftingHelper.java:833) [CraftingHelper.class:?]
	at net.minecraftforge.common.ForgeHooks.loadAdvancements(ForgeHooks.java:1359) [ForgeHooks.class:14.23.5.2860]
	at net.minecraftforge.common.ForgeHooks.loadAdvancements(ForgeHooks.java:1326) [ForgeHooks.class:14.23.5.2860]
	at net.minecraft.advancements.AdvancementManager.func_192779_a(AdvancementManager.java:69) [ns.class:?]
	at net.minecraft.advancements.AdvancementManager.<init>(AdvancementManager.java:60) [ns.class:?]
	at net.minecraft.world.WorldServer.func_175643_b(WorldServer.java:156) [oo.class:?]
	at net.minecraft.server.MinecraftServer.func_71247_a(MinecraftServer.java:298) [MinecraftServer.class:?]
	at net.minecraft.server.dedicated.DedicatedServer.func_71197_b(DedicatedServer.java:270) [nz.class:?]
	at net.minecraft.server.MinecraftServer.run(MinecraftServer.java:486) [MinecraftServer.class:?]
	at java.lang.Thread.run(Thread.java:750) [?:1.8.0_492]
[23:21:22] [Server thread/ERROR] [FML]: Parsing error loading built-in advancement simpleplanes:recipes/plane_byg
com.google.gson.JsonSyntaxException: Unknown recipe 'simpleplanes:byg_aspen_helicopter'
	at net.minecraft.advancements.AdvancementRewards$Deserializer.deserialize(AdvancementRewards.java:171) ~[l$a.class:?]
	at net.minecraft.advancements.AdvancementRewards$Deserializer.deserialize(AdvancementRewards.java:147) ~[l$a.class:?]
	at com.google.gson.internal.bind.TreeTypeAdapter.read(TreeTypeAdapter.java:69) ~[TreeTypeAdapter.class:?]
	at com.google.gson.Gson.fromJson(Gson.java:887) ~[Gson.class:?]
	at com.google.gson.Gson.fromJson(Gson.java:952) ~[Gson.class:?]
	at com.google.gson.internal.bind.TreeTypeAdapter$GsonContextImpl.deserialize(TreeTypeAdapter.java:162) ~[TreeTypeAdapter$GsonContextImpl.class:?]
	at net.minecraft.util.JsonUtils.func_188179_a(SourceFile:439) ~[rc.class:?]
	at net.minecraft.util.JsonUtils.func_188177_a(SourceFile:455) ~[rc.class:?]
	at net.minecraft.advancements.Advancement$Builder.func_192059_a(SourceFile:203) ~[i$a.class:?]
	at net.minecraft.advancements.AdvancementManager$1.deserialize(AdvancementManager.java:50) ~[ns$1.class:?]
	at net.minecraft.advancements.AdvancementManager$1.deserialize(AdvancementManager.java:46) ~[ns$1.class:?]
	at com.google.gson.internal.bind.TreeTypeAdapter.read(TreeTypeAdapter.java:69) ~[TreeTypeAdapter.class:?]
	at net.minecraft.util.JsonUtils.func_188173_a(SourceFile:492) ~[rc.class:?]
	at net.minecraft.util.JsonUtils.func_188176_a(SourceFile:517) ~[rc.class:?]
	at net.minecraft.util.JsonUtils.func_188178_a(SourceFile:537) ~[rc.class:?]
	at net.minecraftforge.common.ForgeHooks.lambda$loadAdvancements$0(ForgeHooks.java:1381) ~[ForgeHooks.class:14.23.5.2860]
	at net.minecraftforge.common.crafting.CraftingHelper.findFiles(CraftingHelper.java:833) [CraftingHelper.class:?]
	at net.minecraftforge.common.ForgeHooks.loadAdvancements(ForgeHooks.java:1359) [ForgeHooks.class:14.23.5.2860]
	at net.minecraftforge.common.ForgeHooks.loadAdvancements(ForgeHooks.java:1326) [ForgeHooks.class:14.23.5.2860]
	at net.minecraft.advancements.AdvancementManager.func_192779_a(AdvancementManager.java:69) [ns.class:?]
	at net.minecraft.advancements.AdvancementManager.<init>(AdvancementManager.java:60) [ns.class:?]
	at net.minecraft.world.WorldServer.func_175643_b(WorldServer.java:156) [oo.class:?]
	at net.minecraft.server.MinecraftServer.func_71247_a(MinecraftServer.java:298) [MinecraftServer.class:?]
	at net.minecraft.server.dedicated.DedicatedServer.func_71197_b(DedicatedServer.java:270) [nz.class:?]
	at net.minecraft.server.MinecraftServer.run(MinecraftServer.java:486) [MinecraftServer.class:?]
	at java.lang.Thread.run(Thread.java:750) [?:1.8.0_492]
[23:21:22] [Server thread/ERROR] [FML]: Parsing error loading built-in advancement simpleplanes:recipes/plane_bop
com.google.gson.JsonSyntaxException: Unknown recipe 'simpleplanes:bop_cherry_helicopter'
	at net.minecraft.advancements.AdvancementRewards$Deserializer.deserialize(AdvancementRewards.java:171) ~[l$a.class:?]
	at net.minecraft.advancements.AdvancementRewards$Deserializer.deserialize(AdvancementRewards.java:147) ~[l$a.class:?]
	at com.google.gson.internal.bind.TreeTypeAdapter.read(TreeTypeAdapter.java:69) ~[TreeTypeAdapter.class:?]
	at com.google.gson.Gson.fromJson(Gson.java:887) ~[Gson.class:?]
	at com.google.gson.Gson.fromJson(Gson.java:952) ~[Gson.class:?]
	at com.google.gson.internal.bind.TreeTypeAdapter$GsonContextImpl.deserialize(TreeTypeAdapter.java:162) ~[TreeTypeAdapter$GsonContextImpl.class:?]
	at net.minecraft.util.JsonUtils.func_188179_a(SourceFile:439) ~[rc.class:?]
	at net.minecraft.util.JsonUtils.func_188177_a(SourceFile:455) ~[rc.class:?]
	at net.minecraft.advancements.Advancement$Builder.func_192059_a(SourceFile:203) ~[i$a.class:?]
	at net.minecraft.advancements.AdvancementManager$1.deserialize(AdvancementManager.java:50) ~[ns$1.class:?]
	at net.minecraft.advancements.AdvancementManager$1.deserialize(AdvancementManager.java:46) ~[ns$1.class:?]
	at com.google.gson.internal.bind.TreeTypeAdapter.read(TreeTypeAdapter.java:69) ~[TreeTypeAdapter.class:?]
	at net.minecraft.util.JsonUtils.func_188173_a(SourceFile:492) ~[rc.class:?]
	at net.minecraft.util.JsonUtils.func_188176_a(SourceFile:517) ~[rc.class:?]
	at net.minecraft.util.JsonUtils.func_188178_a(SourceFile:537) ~[rc.class:?]
	at net.minecraftforge.common.ForgeHooks.lambda$loadAdvancements$0(ForgeHooks.java:1381) ~[ForgeHooks.class:14.23.5.2860]
	at net.minecraftforge.common.crafting.CraftingHelper.findFiles(CraftingHelper.java:833) [CraftingHelper.class:?]
	at net.minecraftforge.common.ForgeHooks.loadAdvancements(ForgeHooks.java:1359) [ForgeHooks.class:14.23.5.2860]
	at net.minecraftforge.common.ForgeHooks.loadAdvancements(ForgeHooks.java:1326) [ForgeHooks.class:14.23.5.2860]
	at net.minecraft.advancements.AdvancementManager.func_192779_a(AdvancementManager.java:69) [ns.class:?]
	at net.minecraft.advancements.AdvancementManager.<init>(AdvancementManager.java:60) [ns.class:?]
	at net.minecraft.world.WorldServer.func_175643_b(WorldServer.java:156) [oo.class:?]
	at net.minecraft.server.MinecraftServer.func_71247_a(MinecraftServer.java:298) [MinecraftServer.class:?]
	at net.minecraft.server.dedicated.DedicatedServer.func_71197_b(DedicatedServer.java:270) [nz.class:?]
	at net.minecraft.server.MinecraftServer.run(MinecraftServer.java:486) [MinecraftServer.class:?]
	at java.lang.Thread.run(Thread.java:750) [?:1.8.0_492]
[23:21:22] [Server thread/ERROR] [FML]: Parsing error loading built-in advancement simpleplanes:recipes/plane
com.google.gson.JsonSyntaxException: Unknown recipe 'simpleplanes:acacia_mega_plane'
	at net.minecraft.advancements.AdvancementRewards$Deserializer.deserialize(AdvancementRewards.java:171) ~[l$a.class:?]
	at net.minecraft.advancements.AdvancementRewards$Deserializer.deserialize(AdvancementRewards.java:147) ~[l$a.class:?]
	at com.google.gson.internal.bind.TreeTypeAdapter.read(TreeTypeAdapter.java:69) ~[TreeTypeAdapter.class:?]
	at com.google.gson.Gson.fromJson(Gson.java:887) ~[Gson.class:?]
	at com.google.gson.Gson.fromJson(Gson.java:952) ~[Gson.class:?]
	at com.google.gson.internal.bind.TreeTypeAdapter$GsonContextImpl.deserialize(TreeTypeAdapter.java:162) ~[TreeTypeAdapter$GsonContextImpl.class:?]
	at net.minecraft.util.JsonUtils.func_188179_a(SourceFile:439) ~[rc.class:?]
	at net.minecraft.util.JsonUtils.func_188177_a(SourceFile:455) ~[rc.class:?]
	at net.minecraft.advancements.Advancement$Builder.func_192059_a(SourceFile:203) ~[i$a.class:?]
	at net.minecraft.advancements.AdvancementManager$1.deserialize(AdvancementManager.java:50) ~[ns$1.class:?]
	at net.minecraft.advancements.AdvancementManager$1.deserialize(AdvancementManager.java:46) ~[ns$1.class:?]
	at com.google.gson.internal.bind.TreeTypeAdapter.read(TreeTypeAdapter.java:69) ~[TreeTypeAdapter.class:?]
	at net.minecraft.util.JsonUtils.func_188173_a(SourceFile:492) ~[rc.class:?]
	at net.minecraft.util.JsonUtils.func_188176_a(SourceFile:517) ~[rc.class:?]
	at net.minecraft.util.JsonUtils.func_188178_a(SourceFile:537) ~[rc.class:?]
	at net.minecraftforge.common.ForgeHooks.lambda$loadAdvancements$0(ForgeHooks.java:1381) ~[ForgeHooks.class:14.23.5.2860]
	at net.minecraftforge.common.crafting.CraftingHelper.findFiles(CraftingHelper.java:833) [CraftingHelper.class:?]
	at net.minecraftforge.common.ForgeHooks.loadAdvancements(ForgeHooks.java:1359) [ForgeHooks.class:14.23.5.2860]
	at net.minecraftforge.common.ForgeHooks.loadAdvancements(ForgeHooks.java:1326) [ForgeHooks.class:14.23.5.2860]
	at net.minecraft.advancements.AdvancementManager.func_192779_a(AdvancementManager.java:69) [ns.class:?]
	at net.minecraft.advancements.AdvancementManager.<init>(AdvancementManager.java:60) [ns.class:?]
	at net.minecraft.world.WorldServer.func_175643_b(WorldServer.java:156) [oo.class:?]
	at net.minecraft.server.MinecraftServer.func_71247_a(MinecraftServer.java:298) [MinecraftServer.class:?]
	at net.minecraft.server.dedicated.DedicatedServer.func_71197_b(DedicatedServer.java:270) [nz.class:?]
	at net.minecraft.server.MinecraftServer.run(MinecraftServer.java:486) [MinecraftServer.class:?]
	at java.lang.Thread.run(Thread.java:750) [?:1.8.0_492]
[23:21:22] [Server thread/ERROR] [FML]: Parsing error loading built-in advancement trashcans:recipes/liquid_trash_can
com.google.gson.JsonSyntaxException: Unknown recipe 'trashcans:liquid_trash_can'
	at net.minecraft.advancements.AdvancementRewards$Deserializer.deserialize(AdvancementRewards.java:171) ~[l$a.class:?]
	at net.minecraft.advancements.AdvancementRewards$Deserializer.deserialize(AdvancementRewards.java:147) ~[l$a.class:?]
	at com.google.gson.internal.bind.TreeTypeAdapter.read(TreeTypeAdapter.java:69) ~[TreeTypeAdapter.class:?]
	at com.google.gson.Gson.fromJson(Gson.java:887) ~[Gson.class:?]
	at com.google.gson.Gson.fromJson(Gson.java:952) ~[Gson.class:?]
	at com.google.gson.internal.bind.TreeTypeAdapter$GsonContextImpl.deserialize(TreeTypeAdapter.java:162) ~[TreeTypeAdapter$GsonContextImpl.class:?]
	at net.minecraft.util.JsonUtils.func_188179_a(SourceFile:439) ~[rc.class:?]
	at net.minecraft.util.JsonUtils.func_188177_a(SourceFile:455) ~[rc.class:?]
	at net.minecraft.advancements.Advancement$Builder.func_192059_a(SourceFile:203) ~[i$a.class:?]
	at net.minecraft.advancements.AdvancementManager$1.deserialize(AdvancementManager.java:50) ~[ns$1.class:?]
	at net.minecraft.advancements.AdvancementManager$1.deserialize(AdvancementManager.java:46) ~[ns$1.class:?]
	at com.google.gson.internal.bind.TreeTypeAdapter.read(TreeTypeAdapter.java:69) ~[TreeTypeAdapter.class:?]
	at net.minecraft.util.JsonUtils.func_188173_a(SourceFile:492) ~[rc.class:?]
	at net.minecraft.util.JsonUtils.func_188176_a(SourceFile:517) ~[rc.class:?]
	at net.minecraft.util.JsonUtils.func_188178_a(SourceFile:537) ~[rc.class:?]
	at net.minecraftforge.common.ForgeHooks.lambda$loadAdvancements$0(ForgeHooks.java:1381) ~[ForgeHooks.class:14.23.5.2860]
	at net.minecraftforge.common.crafting.CraftingHelper.findFiles(CraftingHelper.java:833) [CraftingHelper.class:?]
	at net.minecraftforge.common.ForgeHooks.loadAdvancements(ForgeHooks.java:1359) [ForgeHooks.class:14.23.5.2860]
	at net.minecraftforge.common.ForgeHooks.loadAdvancements(ForgeHooks.java:1326) [ForgeHooks.class:14.23.5.2860]
	at net.minecraft.advancements.AdvancementManager.func_192779_a(AdvancementManager.java:69) [ns.class:?]
	at net.minecraft.advancements.AdvancementManager.<init>(AdvancementManager.java:60) [ns.class:?]
	at net.minecraft.world.WorldServer.func_175643_b(WorldServer.java:156) [oo.class:?]
	at net.minecraft.server.MinecraftServer.func_71247_a(MinecraftServer.java:298) [MinecraftServer.class:?]
	at net.minecraft.server.dedicated.DedicatedServer.func_71197_b(DedicatedServer.java:270) [nz.class:?]
	at net.minecraft.server.MinecraftServer.run(MinecraftServer.java:486) [MinecraftServer.class:?]
	at java.lang.Thread.run(Thread.java:750) [?:1.8.0_492]
[23:21:22] [Server thread/ERROR] [FML]: Parsing error loading built-in advancement trashcans:recipes/item_trash_can
com.google.gson.JsonSyntaxException: Unknown recipe 'trashcans:item_trash_can'
	at net.minecraft.advancements.AdvancementRewards$Deserializer.deserialize(AdvancementRewards.java:171) ~[l$a.class:?]
	at net.minecraft.advancements.AdvancementRewards$Deserializer.deserialize(AdvancementRewards.java:147) ~[l$a.class:?]
	at com.google.gson.internal.bind.TreeTypeAdapter.read(TreeTypeAdapter.java:69) ~[TreeTypeAdapter.class:?]
	at com.google.gson.Gson.fromJson(Gson.java:887) ~[Gson.class:?]
	at com.google.gson.Gson.fromJson(Gson.java:952) ~[Gson.class:?]
	at com.google.gson.internal.bind.TreeTypeAdapter$GsonContextImpl.deserialize(TreeTypeAdapter.java:162) ~[TreeTypeAdapter$GsonContextImpl.class:?]
	at net.minecraft.util.JsonUtils.func_188179_a(SourceFile:439) ~[rc.class:?]
	at net.minecraft.util.JsonUtils.func_188177_a(SourceFile:455) ~[rc.class:?]
	at net.minecraft.advancements.Advancement$Builder.func_192059_a(SourceFile:203) ~[i$a.class:?]
	at net.minecraft.advancements.AdvancementManager$1.deserialize(AdvancementManager.java:50) ~[ns$1.class:?]
	at net.minecraft.advancements.AdvancementManager$1.deserialize(AdvancementManager.java:46) ~[ns$1.class:?]
	at com.google.gson.internal.bind.TreeTypeAdapter.read(TreeTypeAdapter.java:69) ~[TreeTypeAdapter.class:?]
	at net.minecraft.util.JsonUtils.func_188173_a(SourceFile:492) ~[rc.class:?]
	at net.minecraft.util.JsonUtils.func_188176_a(SourceFile:517) ~[rc.class:?]
	at net.minecraft.util.JsonUtils.func_188178_a(SourceFile:537) ~[rc.class:?]
	at net.minecraftforge.common.ForgeHooks.lambda$loadAdvancements$0(ForgeHooks.java:1381) ~[ForgeHooks.class:14.23.5.2860]
	at net.minecraftforge.common.crafting.CraftingHelper.findFiles(CraftingHelper.java:833) [CraftingHelper.class:?]
	at net.minecraftforge.common.ForgeHooks.loadAdvancements(ForgeHooks.java:1359) [ForgeHooks.class:14.23.5.2860]
	at net.minecraftforge.common.ForgeHooks.loadAdvancements(ForgeHooks.java:1326) [ForgeHooks.class:14.23.5.2860]
	at net.minecraft.advancements.AdvancementManager.func_192779_a(AdvancementManager.java:69) [ns.class:?]
	at net.minecraft.advancements.AdvancementManager.<init>(AdvancementManager.java:60) [ns.class:?]
	at net.minecraft.world.WorldServer.func_175643_b(WorldServer.java:156) [oo.class:?]
	at net.minecraft.server.MinecraftServer.func_71247_a(MinecraftServer.java:298) [MinecraftServer.class:?]
	at net.minecraft.server.dedicated.DedicatedServer.func_71197_b(DedicatedServer.java:270) [nz.class:?]
	at net.minecraft.server.MinecraftServer.run(MinecraftServer.java:486) [MinecraftServer.class:?]
	at java.lang.Thread.run(Thread.java:750) [?:1.8.0_492]
[23:21:22] [Server thread/ERROR] [FML]: Parsing error loading built-in advancement trashcans:recipes/energy_trash_can
com.google.gson.JsonSyntaxException: Unknown recipe 'trashcans:energy_trash_can'
	at net.minecraft.advancements.AdvancementRewards$Deserializer.deserialize(AdvancementRewards.java:171) ~[l$a.class:?]
	at net.minecraft.advancements.AdvancementRewards$Deserializer.deserialize(AdvancementRewards.java:147) ~[l$a.class:?]
	at com.google.gson.internal.bind.TreeTypeAdapter.read(TreeTypeAdapter.java:69) ~[TreeTypeAdapter.class:?]
	at com.google.gson.Gson.fromJson(Gson.java:887) ~[Gson.class:?]
	at com.google.gson.Gson.fromJson(Gson.java:952) ~[Gson.class:?]
	at com.google.gson.internal.bind.TreeTypeAdapter$GsonContextImpl.deserialize(TreeTypeAdapter.java:162) ~[TreeTypeAdapter$GsonContextImpl.class:?]
	at net.minecraft.util.JsonUtils.func_188179_a(SourceFile:439) ~[rc.class:?]
	at net.minecraft.util.JsonUtils.func_188177_a(SourceFile:455) ~[rc.class:?]
	at net.minecraft.advancements.Advancement$Builder.func_192059_a(SourceFile:203) ~[i$a.class:?]
	at net.minecraft.advancements.AdvancementManager$1.deserialize(AdvancementManager.java:50) ~[ns$1.class:?]
	at net.minecraft.advancements.AdvancementManager$1.deserialize(AdvancementManager.java:46) ~[ns$1.class:?]
	at com.google.gson.internal.bind.TreeTypeAdapter.read(TreeTypeAdapter.java:69) ~[TreeTypeAdapter.class:?]
	at net.minecraft.util.JsonUtils.func_188173_a(SourceFile:492) ~[rc.class:?]
	at net.minecraft.util.JsonUtils.func_188176_a(SourceFile:517) ~[rc.class:?]
	at net.minecraft.util.JsonUtils.func_188178_a(SourceFile:537) ~[rc.class:?]
	at net.minecraftforge.common.ForgeHooks.lambda$loadAdvancements$0(ForgeHooks.java:1381) ~[ForgeHooks.class:14.23.5.2860]
	at net.minecraftforge.common.crafting.CraftingHelper.findFiles(CraftingHelper.java:833) [CraftingHelper.class:?]
	at net.minecraftforge.common.ForgeHooks.loadAdvancements(ForgeHooks.java:1359) [ForgeHooks.class:14.23.5.2860]
	at net.minecraftforge.common.ForgeHooks.loadAdvancements(ForgeHooks.java:1326) [ForgeHooks.class:14.23.5.2860]
	at net.minecraft.advancements.AdvancementManager.func_192779_a(AdvancementManager.java:69) [ns.class:?]
	at net.minecraft.advancements.AdvancementManager.<init>(AdvancementManager.java:60) [ns.class:?]
	at net.minecraft.world.WorldServer.func_175643_b(WorldServer.java:156) [oo.class:?]
	at net.minecraft.server.MinecraftServer.func_71247_a(MinecraftServer.java:298) [MinecraftServer.class:?]
	at net.minecraft.server.dedicated.DedicatedServer.func_71197_b(DedicatedServer.java:270) [nz.class:?]
	at net.minecraft.server.MinecraftServer.run(MinecraftServer.java:486) [MinecraftServer.class:?]
	at java.lang.Thread.run(Thread.java:750) [?:1.8.0_492]
[23:21:22] [Server thread/ERROR] [FML]: Parsing error loading built-in advancement wolfarmor:recipes/combat/leather_wolf_armor
com.google.gson.JsonSyntaxException: Unknown recipe 'wolfarmor:leather_wolf_armor'
	at net.minecraft.advancements.AdvancementRewards$Deserializer.deserialize(AdvancementRewards.java:171) ~[l$a.class:?]
	at net.minecraft.advancements.AdvancementRewards$Deserializer.deserialize(AdvancementRewards.java:147) ~[l$a.class:?]
	at com.google.gson.internal.bind.TreeTypeAdapter.read(TreeTypeAdapter.java:69) ~[TreeTypeAdapter.class:?]
	at com.google.gson.Gson.fromJson(Gson.java:887) ~[Gson.class:?]
	at com.google.gson.Gson.fromJson(Gson.java:952) ~[Gson.class:?]
	at com.google.gson.internal.bind.TreeTypeAdapter$GsonContextImpl.deserialize(TreeTypeAdapter.java:162) ~[TreeTypeAdapter$GsonContextImpl.class:?]
	at net.minecraft.util.JsonUtils.func_188179_a(SourceFile:439) ~[rc.class:?]
	at net.minecraft.util.JsonUtils.func_188177_a(SourceFile:455) ~[rc.class:?]
	at net.minecraft.advancements.Advancement$Builder.func_192059_a(SourceFile:203) ~[i$a.class:?]
	at net.minecraft.advancements.AdvancementManager$1.deserialize(AdvancementManager.java:50) ~[ns$1.class:?]
	at net.minecraft.advancements.AdvancementManager$1.deserialize(AdvancementManager.java:46) ~[ns$1.class:?]
	at com.google.gson.internal.bind.TreeTypeAdapter.read(TreeTypeAdapter.java:69) ~[TreeTypeAdapter.class:?]
	at net.minecraft.util.JsonUtils.func_188173_a(SourceFile:492) ~[rc.class:?]
	at net.minecraft.util.JsonUtils.func_188176_a(SourceFile:517) ~[rc.class:?]
	at net.minecraft.util.JsonUtils.func_188178_a(SourceFile:537) ~[rc.class:?]
	at net.minecraftforge.common.ForgeHooks.lambda$loadAdvancements$0(ForgeHooks.java:1381) ~[ForgeHooks.class:14.23.5.2860]
	at net.minecraftforge.common.crafting.CraftingHelper.findFiles(CraftingHelper.java:833) [CraftingHelper.class:?]
	at net.minecraftforge.common.ForgeHooks.loadAdvancements(ForgeHooks.java:1359) [ForgeHooks.class:14.23.5.2860]
	at net.minecraftforge.common.ForgeHooks.loadAdvancements(ForgeHooks.java:1326) [ForgeHooks.class:14.23.5.2860]
	at net.minecraft.advancements.AdvancementManager.func_192779_a(AdvancementManager.java:69) [ns.class:?]
	at net.minecraft.advancements.AdvancementManager.<init>(AdvancementManager.java:60) [ns.class:?]
	at net.minecraft.world.WorldServer.func_175643_b(WorldServer.java:156) [oo.class:?]
	at net.minecraft.server.MinecraftServer.func_71247_a(MinecraftServer.java:298) [MinecraftServer.class:?]
	at net.minecraft.server.dedicated.DedicatedServer.func_71197_b(DedicatedServer.java:270) [nz.class:?]
	at net.minecraft.server.MinecraftServer.run(MinecraftServer.java:486) [MinecraftServer.class:?]
	at java.lang.Thread.run(Thread.java:750) [?:1.8.0_492]
[23:21:22] [Server thread/ERROR] [FML]: Parsing error loading built-in advancement wolfarmor:recipes/combat/iron_wolf_armor
com.google.gson.JsonSyntaxException: Unknown recipe 'wolfarmor:iron_wolf_armor'
	at net.minecraft.advancements.AdvancementRewards$Deserializer.deserialize(AdvancementRewards.java:171) ~[l$a.class:?]
	at net.minecraft.advancements.AdvancementRewards$Deserializer.deserialize(AdvancementRewards.java:147) ~[l$a.class:?]
	at com.google.gson.internal.bind.TreeTypeAdapter.read(TreeTypeAdapter.java:69) ~[TreeTypeAdapter.class:?]
	at com.google.gson.Gson.fromJson(Gson.java:887) ~[Gson.class:?]
	at com.google.gson.Gson.fromJson(Gson.java:952) ~[Gson.class:?]
	at com.google.gson.internal.bind.TreeTypeAdapter$GsonContextImpl.deserialize(TreeTypeAdapter.java:162) ~[TreeTypeAdapter$GsonContextImpl.class:?]
	at net.minecraft.util.JsonUtils.func_188179_a(SourceFile:439) ~[rc.class:?]
	at net.minecraft.util.JsonUtils.func_188177_a(SourceFile:455) ~[rc.class:?]
	at net.minecraft.advancements.Advancement$Builder.func_192059_a(SourceFile:203) ~[i$a.class:?]
	at net.minecraft.advancements.AdvancementManager$1.deserialize(AdvancementManager.java:50) ~[ns$1.class:?]
	at net.minecraft.advancements.AdvancementManager$1.deserialize(AdvancementManager.java:46) ~[ns$1.class:?]
	at com.google.gson.internal.bind.TreeTypeAdapter.read(TreeTypeAdapter.java:69) ~[TreeTypeAdapter.class:?]
	at net.minecraft.util.JsonUtils.func_188173_a(SourceFile:492) ~[rc.class:?]
	at net.minecraft.util.JsonUtils.func_188176_a(SourceFile:517) ~[rc.class:?]
	at net.minecraft.util.JsonUtils.func_188178_a(SourceFile:537) ~[rc.class:?]
	at net.minecraftforge.common.ForgeHooks.lambda$loadAdvancements$0(ForgeHooks.java:1381) ~[ForgeHooks.class:14.23.5.2860]
	at net.minecraftforge.common.crafting.CraftingHelper.findFiles(CraftingHelper.java:833) [CraftingHelper.class:?]
	at net.minecraftforge.common.ForgeHooks.loadAdvancements(ForgeHooks.java:1359) [ForgeHooks.class:14.23.5.2860]
	at net.minecraftforge.common.ForgeHooks.loadAdvancements(ForgeHooks.java:1326) [ForgeHooks.class:14.23.5.2860]
	at net.minecraft.advancements.AdvancementManager.func_192779_a(AdvancementManager.java:69) [ns.class:?]
	at net.minecraft.advancements.AdvancementManager.<init>(AdvancementManager.java:60) [ns.class:?]
	at net.minecraft.world.WorldServer.func_175643_b(WorldServer.java:156) [oo.class:?]
	at net.minecraft.server.MinecraftServer.func_71247_a(MinecraftServer.java:298) [MinecraftServer.class:?]
	at net.minecraft.server.dedicated.DedicatedServer.func_71197_b(DedicatedServer.java:270) [nz.class:?]
	at net.minecraft.server.MinecraftServer.run(MinecraftServer.java:486) [MinecraftServer.class:?]
	at java.lang.Thread.run(Thread.java:750) [?:1.8.0_492]
[23:21:22] [Server thread/ERROR] [FML]: Parsing error loading built-in advancement wolfarmor:recipes/combat/gold_wolf_armor
com.google.gson.JsonSyntaxException: Unknown recipe 'wolfarmor:gold_wolf_armor'
	at net.minecraft.advancements.AdvancementRewards$Deserializer.deserialize(AdvancementRewards.java:171) ~[l$a.class:?]
	at net.minecraft.advancements.AdvancementRewards$Deserializer.deserialize(AdvancementRewards.java:147) ~[l$a.class:?]
	at com.google.gson.internal.bind.TreeTypeAdapter.read(TreeTypeAdapter.java:69) ~[TreeTypeAdapter.class:?]
	at com.google.gson.Gson.fromJson(Gson.java:887) ~[Gson.class:?]
	at com.google.gson.Gson.fromJson(Gson.java:952) ~[Gson.class:?]
	at com.google.gson.internal.bind.TreeTypeAdapter$GsonContextImpl.deserialize(TreeTypeAdapter.java:162) ~[TreeTypeAdapter$GsonContextImpl.class:?]
	at net.minecraft.util.JsonUtils.func_188179_a(SourceFile:439) ~[rc.class:?]
	at net.minecraft.util.JsonUtils.func_188177_a(SourceFile:455) ~[rc.class:?]
	at net.minecraft.advancements.Advancement$Builder.func_192059_a(SourceFile:203) ~[i$a.class:?]
	at net.minecraft.advancements.AdvancementManager$1.deserialize(AdvancementManager.java:50) ~[ns$1.class:?]
	at net.minecraft.advancements.AdvancementManager$1.deserialize(AdvancementManager.java:46) ~[ns$1.class:?]
	at com.google.gson.internal.bind.TreeTypeAdapter.read(TreeTypeAdapter.java:69) ~[TreeTypeAdapter.class:?]
	at net.minecraft.util.JsonUtils.func_188173_a(SourceFile:492) ~[rc.class:?]
	at net.minecraft.util.JsonUtils.func_188176_a(SourceFile:517) ~[rc.class:?]
	at net.minecraft.util.JsonUtils.func_188178_a(SourceFile:537) ~[rc.class:?]
	at net.minecraftforge.common.ForgeHooks.lambda$loadAdvancements$0(ForgeHooks.java:1381) ~[ForgeHooks.class:14.23.5.2860]
	at net.minecraftforge.common.crafting.CraftingHelper.findFiles(CraftingHelper.java:833) [CraftingHelper.class:?]
	at net.minecraftforge.common.ForgeHooks.loadAdvancements(ForgeHooks.java:1359) [ForgeHooks.class:14.23.5.2860]
	at net.minecraftforge.common.ForgeHooks.loadAdvancements(ForgeHooks.java:1326) [ForgeHooks.class:14.23.5.2860]
	at net.minecraft.advancements.AdvancementManager.func_192779_a(AdvancementManager.java:69) [ns.class:?]
	at net.minecraft.advancements.AdvancementManager.<init>(AdvancementManager.java:60) [ns.class:?]
	at net.minecraft.world.WorldServer.func_175643_b(WorldServer.java:156) [oo.class:?]
	at net.minecraft.server.MinecraftServer.func_71247_a(MinecraftServer.java:298) [MinecraftServer.class:?]
	at net.minecraft.server.dedicated.DedicatedServer.func_71197_b(DedicatedServer.java:270) [nz.class:?]
	at net.minecraft.server.MinecraftServer.run(MinecraftServer.java:486) [MinecraftServer.class:?]
	at java.lang.Thread.run(Thread.java:750) [?:1.8.0_492]
[23:21:22] [Server thread/ERROR] [FML]: Parsing error loading built-in advancement wolfarmor:recipes/combat/diamond_wolf_armor
com.google.gson.JsonSyntaxException: Unknown recipe 'wolfarmor:diamond_wolf_armor'
	at net.minecraft.advancements.AdvancementRewards$Deserializer.deserialize(AdvancementRewards.java:171) ~[l$a.class:?]
	at net.minecraft.advancements.AdvancementRewards$Deserializer.deserialize(AdvancementRewards.java:147) ~[l$a.class:?]
	at com.google.gson.internal.bind.TreeTypeAdapter.read(TreeTypeAdapter.java:69) ~[TreeTypeAdapter.class:?]
	at com.google.gson.Gson.fromJson(Gson.java:887) ~[Gson.class:?]
	at com.google.gson.Gson.fromJson(Gson.java:952) ~[Gson.class:?]
	at com.google.gson.internal.bind.TreeTypeAdapter$GsonContextImpl.deserialize(TreeTypeAdapter.java:162) ~[TreeTypeAdapter$GsonContextImpl.class:?]
	at net.minecraft.util.JsonUtils.func_188179_a(SourceFile:439) ~[rc.class:?]
	at net.minecraft.util.JsonUtils.func_188177_a(SourceFile:455) ~[rc.class:?]
	at net.minecraft.advancements.Advancement$Builder.func_192059_a(SourceFile:203) ~[i$a.class:?]
	at net.minecraft.advancements.AdvancementManager$1.deserialize(AdvancementManager.java:50) ~[ns$1.class:?]
	at net.minecraft.advancements.AdvancementManager$1.deserialize(AdvancementManager.java:46) ~[ns$1.class:?]
	at com.google.gson.internal.bind.TreeTypeAdapter.read(TreeTypeAdapter.java:69) ~[TreeTypeAdapter.class:?]
	at net.minecraft.util.JsonUtils.func_188173_a(SourceFile:492) ~[rc.class:?]
	at net.minecraft.util.JsonUtils.func_188176_a(SourceFile:517) ~[rc.class:?]
	at net.minecraft.util.JsonUtils.func_188178_a(SourceFile:537) ~[rc.class:?]
	at net.minecraftforge.common.ForgeHooks.lambda$loadAdvancements$0(ForgeHooks.java:1381) ~[ForgeHooks.class:14.23.5.2860]
	at net.minecraftforge.common.crafting.CraftingHelper.findFiles(CraftingHelper.java:833) [CraftingHelper.class:?]
	at net.minecraftforge.common.ForgeHooks.loadAdvancements(ForgeHooks.java:1359) [ForgeHooks.class:14.23.5.2860]
	at net.minecraftforge.common.ForgeHooks.loadAdvancements(ForgeHooks.java:1326) [ForgeHooks.class:14.23.5.2860]
	at net.minecraft.advancements.AdvancementManager.func_192779_a(AdvancementManager.java:69) [ns.class:?]
	at net.minecraft.advancements.AdvancementManager.<init>(AdvancementManager.java:60) [ns.class:?]
	at net.minecraft.world.WorldServer.func_175643_b(WorldServer.java:156) [oo.class:?]
	at net.minecraft.server.MinecraftServer.func_71247_a(MinecraftServer.java:298) [MinecraftServer.class:?]
	at net.minecraft.server.dedicated.DedicatedServer.func_71197_b(DedicatedServer.java:270) [nz.class:?]
	at net.minecraft.server.MinecraftServer.run(MinecraftServer.java:486) [MinecraftServer.class:?]
	at java.lang.Thread.run(Thread.java:750) [?:1.8.0_492]
[23:21:22] [Server thread/ERROR] [FML]: Parsing error loading built-in advancement wolfarmor:recipes/combat/chainmail_wolf_armor
com.google.gson.JsonSyntaxException: Unknown recipe 'wolfarmor:chainmail_wolf_armor'
	at net.minecraft.advancements.AdvancementRewards$Deserializer.deserialize(AdvancementRewards.java:171) ~[l$a.class:?]
	at net.minecraft.advancements.AdvancementRewards$Deserializer.deserialize(AdvancementRewards.java:147) ~[l$a.class:?]
	at com.google.gson.internal.bind.TreeTypeAdapter.read(TreeTypeAdapter.java:69) ~[TreeTypeAdapter.class:?]
	at com.google.gson.Gson.fromJson(Gson.java:887) ~[Gson.class:?]
	at com.google.gson.Gson.fromJson(Gson.java:952) ~[Gson.class:?]
	at com.google.gson.internal.bind.TreeTypeAdapter$GsonContextImpl.deserialize(TreeTypeAdapter.java:162) ~[TreeTypeAdapter$GsonContextImpl.class:?]
	at net.minecraft.util.JsonUtils.func_188179_a(SourceFile:439) ~[rc.class:?]
	at net.minecraft.util.JsonUtils.func_188177_a(SourceFile:455) ~[rc.class:?]
	at net.minecraft.advancements.Advancement$Builder.func_192059_a(SourceFile:203) ~[i$a.class:?]
	at net.minecraft.advancements.AdvancementManager$1.deserialize(AdvancementManager.java:50) ~[ns$1.class:?]
	at net.minecraft.advancements.AdvancementManager$1.deserialize(AdvancementManager.java:46) ~[ns$1.class:?]
	at com.google.gson.internal.bind.TreeTypeAdapter.read(TreeTypeAdapter.java:69) ~[TreeTypeAdapter.class:?]
	at net.minecraft.util.JsonUtils.func_188173_a(SourceFile:492) ~[rc.class:?]
	at net.minecraft.util.JsonUtils.func_188176_a(SourceFile:517) ~[rc.class:?]
	at net.minecraft.util.JsonUtils.func_188178_a(SourceFile:537) ~[rc.class:?]
	at net.minecraftforge.common.ForgeHooks.lambda$loadAdvancements$0(ForgeHooks.java:1381) ~[ForgeHooks.class:14.23.5.2860]
	at net.minecraftforge.common.crafting.CraftingHelper.findFiles(CraftingHelper.java:833) [CraftingHelper.class:?]
	at net.minecraftforge.common.ForgeHooks.loadAdvancements(ForgeHooks.java:1359) [ForgeHooks.class:14.23.5.2860]
	at net.minecraftforge.common.ForgeHooks.loadAdvancements(ForgeHooks.java:1326) [ForgeHooks.class:14.23.5.2860]
	at net.minecraft.advancements.AdvancementManager.func_192779_a(AdvancementManager.java:69) [ns.class:?]
	at net.minecraft.advancements.AdvancementManager.<init>(AdvancementManager.java:60) [ns.class:?]
	at net.minecraft.world.WorldServer.func_175643_b(WorldServer.java:156) [oo.class:?]
	at net.minecraft.server.MinecraftServer.func_71247_a(MinecraftServer.java:298) [MinecraftServer.class:?]
	at net.minecraft.server.dedicated.DedicatedServer.func_71197_b(DedicatedServer.java:270) [nz.class:?]
	at net.minecraft.server.MinecraftServer.run(MinecraftServer.java:486) [MinecraftServer.class:?]
	at java.lang.Thread.run(Thread.java:750) [?:1.8.0_492]
[23:21:22] [Server thread/ERROR] [net.minecraft.advancements.AdvancementList]: Couldn't load advancement bhc:main/green_heart: Task Advancement{parentId=bhc:main/orange_heart, display=net.minecraft.advancements.DisplayInfo@7b0c934e, rewards=AdvancementRewards{experience=0, loot=[], recipes=[], function=null}, criteria={green_heart_in_inventory=net.minecraft.advancements.Criterion@7ee5d08f}, requirements=[[green_heart_in_inventory]]}
[23:21:22] [Server thread/ERROR] [net.minecraft.advancements.AdvancementList]: Couldn't load advancement bhc:main/blue_heart_canister: Task Advancement{parentId=bhc:main/blue_heart, display=net.minecraft.advancements.DisplayInfo@3633014d, rewards=AdvancementRewards{experience=0, loot=[], recipes=[], function=null}, criteria={blue_heart_canister_in_inventory=net.minecraft.advancements.Criterion@6602ceac}, requirements=[[blue_heart_canister_in_inventory]]}
[23:21:22] [Server thread/ERROR] [net.minecraft.advancements.AdvancementList]: Couldn't load advancement bhc:main/green_heart_canister: Task Advancement{parentId=bhc:main/green_heart, display=net.minecraft.advancements.DisplayInfo@701ea2aa, rewards=AdvancementRewards{experience=0, loot=[], recipes=[], function=null}, criteria={green_heart_canister_in_inventory=net.minecraft.advancements.Criterion@1975ab}, requirements=[[green_heart_canister_in_inventory]]}
[23:21:22] [Server thread/ERROR] [net.minecraft.advancements.AdvancementList]: Couldn't load advancement bhc:main/blue_heart: Task Advancement{parentId=bhc:main/green_heart, display=net.minecraft.advancements.DisplayInfo@c185195, rewards=AdvancementRewards{experience=0, loot=[], recipes=[], function=null}, criteria={heart_heart_in_inventory=net.minecraft.advancements.Criterion@4767d990}, requirements=[[heart_heart_in_inventory]]}
[23:21:22] [Server thread/ERROR] [net.minecraft.advancements.AdvancementList]: Couldn't load advancement bhc:main/heart_amulet: Task Advancement{parentId=bhc:main/blue_heart_canister, display=net.minecraft.advancements.DisplayInfo@ee282bb, rewards=AdvancementRewards{experience=0, loot=[], recipes=[], function=null}, criteria={heart_amulet_in_inventory=net.minecraft.advancements.Criterion@773071ae}, requirements=[[heart_amulet_in_inventory]]}
[23:21:22] [Server thread/INFO] [net.minecraft.advancements.AdvancementList]: Loaded 1019 advancements
[23:21:22] [Server thread/INFO] [dsurround]: Attaching capabilities to world [overworld] (SERVER)
[23:21:22] [Server thread/INFO] [dsurround]: DimensionInfo{id=0, name=overworld, seaLevel=63, cloudHeight=128, skyHeight=256, haze=true, aurora=true, weather=true, fog=true}
[23:21:22] [Server thread/INFO] [NetherEx]: Reading biome configs.
[23:21:23] [Server thread/INFO] [NetherEx]: Reading Pigtificate trade configs.
[23:21:23] [Server thread/INFO] [STDOUT]: [pl.asie.foamfix.coremod.FoamFixTransformer:spliceClasses:114]: Spliced in METHOD: net.minecraft.world.chunk.BlockStateContainer.func_186018_a
[23:21:41] [Server thread/INFO] [dsurround]: Creating STANDARD weather generator for dimension [overworld]
[23:21:41] [Server thread/INFO] [FML]: Loading dimension -1 (world) (net.minecraft.server.dedicated.DedicatedServer@39c8df3e)
[23:21:41] [Server thread/INFO] [dsurround]: Attaching capabilities to world [the_nether] (SERVER)
[23:21:41] [Server thread/INFO] [dsurround]: DimensionInfo{id=-1, name=the_nether, seaLevel=0, cloudHeight=128, skyHeight=128, haze=false, aurora=false, weather=true, fog=true}
[23:21:41] [Server thread/INFO] [dsurround]: Creating NETHER weather generator for dimension [the_nether]
[23:21:42] [Server thread/INFO] [FML]: Loading dimension 1 (world) (net.minecraft.server.dedicated.DedicatedServer@39c8df3e)
[23:21:42] [Server thread/INFO] [dsurround]: Attaching capabilities to world [the_end] (SERVER)
[23:21:42] [Server thread/INFO] [dsurround]: DimensionInfo{id=1, name=the_end, seaLevel=0, cloudHeight=128, skyHeight=256, haze=false, aurora=false, weather=false, fog=false}
[23:21:42] [Server thread/INFO] [dsurround]: Creating NULL weather generator for dimension [the_end]
[23:21:42] [Server thread/INFO] [FML]: Loading dimension 2 (world) (net.minecraft.server.dedicated.DedicatedServer@39c8df3e)
[23:21:42] [Server thread/INFO] [dsurround]: Attaching capabilities to world [Storage Cell] (SERVER)
[23:21:42] [Server thread/INFO] [dsurround]: DimensionInfo{id=2, name=Storage Cell, seaLevel=63, cloudHeight=256, skyHeight=256, haze=false, aurora=false, weather=false, fog=false}
[23:21:42] [Server thread/INFO] [dsurround]: Creating NULL weather generator for dimension [Storage Cell]
[23:21:42] [Server thread/INFO] [net.minecraft.server.MinecraftServer]: Preparing start region for level 0
[23:21:43] [Server thread/INFO] [net.minecraft.server.MinecraftServer]: Preparing spawn area: 17%
[23:21:44] [Server thread/INFO] [net.minecraft.server.MinecraftServer]: Preparing spawn area: 49%
[23:21:45] [Server thread/INFO] [net.minecraft.server.MinecraftServer]: Preparing spawn area: 97%
[23:21:45] [Server thread/INFO] [net.minecraft.server.dedicated.DedicatedServer]: Done (25.431s)! For help, type "help" or "?"
[23:21:46] [Server thread/ERROR] [betteranimalsplus]: Invalid biome configuration entered for entity "hirschgeist" (biome was mistyped or a biome mod was removed?): thaumcraft:magical_forest
[23:21:46] [Server thread/ERROR] [betteranimalsplus]: Invalid biome configuration entered for entity "deer" (biome was mistyped or a biome mod was removed?): thaumcraft:magical_forest
[23:21:46] [Server thread/ERROR] [betteranimalsplus]: Invalid biome configuration entered for entity "deer" (biome was mistyped or a biome mod was removed?): thaumcraft:eerie
[23:21:46] [Server thread/ERROR] [betteranimalsplus]: Invalid biome configuration entered for entity "deer" (biome was mistyped or a biome mod was removed?): thaumcraft:eldritch
[23:21:46] [Server thread/ERROR] [betteranimalsplus]: Invalid biome configuration entered for entity "pheasant" (biome was mistyped or a biome mod was removed?): thaumcraft:magical_forest
[23:21:46] [Server thread/ERROR] [betteranimalsplus]: Invalid biome configuration entered for entity "lamprey" (biome was mistyped or a biome mod was removed?): aquaticabyssmod:marshland
[23:21:46] [Server thread/ERROR] [betteranimalsplus]: Invalid biome configuration entered for entity "lamprey" (biome was mistyped or a biome mod was removed?): aquaticabyssmod:theshallows
[23:21:46] [Server thread/ERROR] [betteranimalsplus]: Invalid biome configuration entered for entity "turkey" (biome was mistyped or a biome mod was removed?): thaumcraft:magical_forest
[23:21:46] [Server thread/ERROR] [betteranimalsplus]: Invalid biome configuration entered for entity "badger" (biome was mistyped or a biome mod was removed?): thaumcraft:magical_forest
[23:21:46] [Server thread/ERROR] [betteranimalsplus]: Invalid biome configuration entered for entity "bobbit_worm" (biome was mistyped or a biome mod was removed?): aquaticabyssmod:whalegraveyard
[23:21:46] [Server thread/ERROR] [betteranimalsplus]: Invalid biome configuration entered for entity "bobbit_worm" (biome was mistyped or a biome mod was removed?): aquaticabyssmod:royalcoralreef
[23:21:46] [Server thread/ERROR] [betteranimalsplus]: Invalid biome configuration entered for entity "bobbit_worm" (biome was mistyped or a biome mod was removed?): aquaticabyssmod:abyssaldepths
[23:21:46] [Server thread/ERROR] [betteranimalsplus]: Invalid biome configuration entered for entity "bobbit_worm" (biome was mistyped or a biome mod was removed?): aquaticabyssmod:venttrench
[23:21:46] [Server thread/ERROR] [betteranimalsplus]: Invalid biome configuration entered for entity "bobbit_worm" (biome was mistyped or a biome mod was removed?): aquaticabyssmod:royalcoralreefvillage
[23:21:46] [Server thread/ERROR] [betteranimalsplus]: Invalid biome configuration entered for entity "tarantula" (biome was mistyped or a biome mod was removed?): aquaticabyssmod:dwarfmangrove
[23:21:46] [Server thread/ERROR] [betteranimalsplus]: Invalid biome configuration entered for entity "reindeer" (biome was mistyped or a biome mod was removed?): aquaticabyssmod:lakebaikal
[23:21:46] [Server thread/ERROR] [betteranimalsplus]: Invalid biome configuration entered for entity "reindeer" (biome was mistyped or a biome mod was removed?): aquaticabyssmod:artictundra
[23:21:46] [Server thread/ERROR] [betteranimalsplus]: Invalid biome configuration entered for entity "jellyfish" (biome was mistyped or a biome mod was removed?): aquaticabyssmod:whalegraveyard
[23:21:46] [Server thread/ERROR] [betteranimalsplus]: Invalid biome configuration entered for entity "jellyfish" (biome was mistyped or a biome mod was removed?): aquaticabyssmod:royalcoralreef
[23:21:46] [Server thread/ERROR] [betteranimalsplus]: Invalid biome configuration entered for entity "jellyfish" (biome was mistyped or a biome mod was removed?): aquaticabyssmod:abyssaldepths
[23:21:46] [Server thread/ERROR] [betteranimalsplus]: Invalid biome configuration entered for entity "jellyfish" (biome was mistyped or a biome mod was removed?): aquaticabyssmod:venttrench
[23:21:46] [Server thread/ERROR] [betteranimalsplus]: Invalid biome configuration entered for entity "jellyfish" (biome was mistyped or a biome mod was removed?): aquaticabyssmod:royalcoralreefvillage
[23:21:46] [Server thread/ERROR] [betteranimalsplus]: Invalid biome configuration entered for entity "goose" (biome was mistyped or a biome mod was removed?): thaumcraft:magical_forest
[23:21:46] [Server thread/ERROR] [betteranimalsplus]: Invalid biome configuration entered for entity "feralwolf" (biome was mistyped or a biome mod was removed?): thaumcraft:magical_forest
[23:21:46] [Server thread/ERROR] [betteranimalsplus]: Invalid biome configuration entered for entity "feralwolf" (biome was mistyped or a biome mod was removed?): thaumcraft:eerie
[23:21:46] [Server thread/ERROR] [betteranimalsplus]: Invalid biome configuration entered for entity "feralwolf" (biome was mistyped or a biome mod was removed?): thaumcraft:eldritch
[23:21:46] [Server thread/ERROR] [betteranimalsplus]: Invalid biome configuration entered for entity "squirrel" (biome was mistyped or a biome mod was removed?): thaumcraft:magical_forest
[23:21:46] [Server thread/ERROR] [betteranimalsplus]: Invalid biome configuration entered for entity "eel_saltwater" (biome was mistyped or a biome mod was removed?): aquaticabyssmod:whalegraveyard
[23:21:46] [Server thread/ERROR] [betteranimalsplus]: Invalid biome configuration entered for entity "eel_saltwater" (biome was mistyped or a biome mod was removed?): aquaticabyssmod:royalcoralreef
[23:21:46] [Server thread/ERROR] [betteranimalsplus]: Invalid biome configuration entered for entity "eel_saltwater" (biome was mistyped or a biome mod was removed?): aquaticabyssmod:abyssaldepths
[23:21:46] [Server thread/ERROR] [betteranimalsplus]: Invalid biome configuration entered for entity "eel_saltwater" (biome was mistyped or a biome mod was removed?): aquaticabyssmod:venttrench
[23:21:46] [Server thread/ERROR] [betteranimalsplus]: Invalid biome configuration entered for entity "eel_saltwater" (biome was mistyped or a biome mod was removed?): aquaticabyssmod:royalcoralreefvillage
[23:21:46] [Server thread/ERROR] [betteranimalsplus]: Invalid biome configuration entered for entity "eel_freshwater" (biome was mistyped or a biome mod was removed?): aquaticabyssmod:marshland
[23:21:46] [Server thread/ERROR] [betteranimalsplus]: Invalid biome configuration entered for entity "eel_freshwater" (biome was mistyped or a biome mod was removed?): aquaticabyssmod:theshallows
[23:21:46] [Server thread/ERROR] [betteranimalsplus]: Invalid biome configuration entered for entity "horseshoecrab" (biome was mistyped or a biome mod was removed?): aquaticabyssmod:mangrovesubmerged
[23:21:46] [Server thread/ERROR] [betteranimalsplus]: Invalid biome configuration entered for entity "horseshoecrab" (biome was mistyped or a biome mod was removed?): aquaticabyssmod:seagrassprarie
[23:21:46] [Server thread/ERROR] [betteranimalsplus]: Invalid biome configuration entered for entity "horseshoecrab" (biome was mistyped or a biome mod was removed?): aquaticabyssmod:mangrove
[23:21:46] [Server thread/ERROR] [betteranimalsplus]: Invalid biome configuration entered for entity "horseshoecrab" (biome was mistyped or a biome mod was removed?): aquaticabyssmod:expansivebeach
[23:21:46] [Server thread/ERROR] [betteranimalsplus]: Invalid biome configuration entered for entity "coyote" (biome was mistyped or a biome mod was removed?): aquaticabyssmod:dwarfmangrove
[23:21:46] [Server thread/ERROR] [betteranimalsplus]: Invalid biome configuration entered for entity "songbird" (biome was mistyped or a biome mod was removed?): thaumcraft:magical_forest
[23:21:46] [Server thread/ERROR] [betteranimalsplus]: Invalid biome configuration entered for entity "moose" (biome was mistyped or a biome mod was removed?): aquaticabyssmod:marshland
[23:21:46] [Server thread/ERROR] [betteranimalsplus]: Invalid biome configuration entered for entity "moose" (biome was mistyped or a biome mod was removed?): aquaticabyssmod:theshallows
[23:21:46] [Server thread/ERROR] [betteranimalsplus]: Invalid biome configuration entered for entity "goat" (biome was mistyped or a biome mod was removed?): thaumcraft:magical_forest
[23:21:46] [Server thread/ERROR] [betteranimalsplus]: Invalid biome configuration entered for entity "boar" (biome was mistyped or a biome mod was removed?): thaumcraft:magical_forest
[23:21:46] [Server thread/ERROR] [betteranimalsplus]: Invalid biome configuration entered for entity "boar" (biome was mistyped or a biome mod was removed?): aquaticabyssmod:mangrovesubmerged
[23:21:46] [Server thread/ERROR] [betteranimalsplus]: Invalid biome configuration entered for entity "boar" (biome was mistyped or a biome mod was removed?): aquaticabyssmod:mtlaunakea
[23:21:46] [Server thread/ERROR] [betteranimalsplus]: Invalid biome configuration entered for entity "boar" (biome was mistyped or a biome mod was removed?): aquaticabyssmod:marshland
[23:21:46] [Server thread/ERROR] [betteranimalsplus]: Invalid biome configuration entered for entity "boar" (biome was mistyped or a biome mod was removed?): aquaticabyssmod:mangrove
[23:21:46] [Server thread/ERROR] [betteranimalsplus]: Invalid biome configuration entered for entity "crab" (biome was mistyped or a biome mod was removed?): aquaticabyssmod:marshland
[23:21:46] [Server thread/ERROR] [betteranimalsplus]: Invalid biome configuration entered for entity "crab" (biome was mistyped or a biome mod was removed?): aquaticabyssmod:expansivebeach
[23:21:46] [Server thread/ERROR] [betteranimalsplus]: Invalid biome configuration entered for entity "crab" (biome was mistyped or a biome mod was removed?): aquaticabyssmod:mangrovesubmerged
[23:21:46] [Server thread/ERROR] [betteranimalsplus]: Invalid biome configuration entered for entity "crab" (biome was mistyped or a biome mod was removed?): aquaticabyssmod:seagrassprarie
[23:21:46] [Server thread/ERROR] [betteranimalsplus]: Invalid biome configuration entered for entity "crab" (biome was mistyped or a biome mod was removed?): aquaticabyssmod:mangrove
[23:21:46] [Server thread/ERROR] [betteranimalsplus]: Invalid biome configuration entered for entity "crab" (biome was mistyped or a biome mod was removed?): aquaticabyssmod:theshallows
[23:21:46] [Server thread/ERROR] [betteranimalsplus]: Invalid biome configuration entered for entity "zotzpyre" (biome was mistyped or a biome mod was removed?): aquaticabyssmod:mtlaunakea
[23:21:46] [Server thread/ERROR] [betteranimalsplus]: Invalid biome configuration entered for entity "zotzpyre" (biome was mistyped or a biome mod was removed?): aquaticabyssmod:theshallows
[23:21:46] [Server thread/ERROR] [betteranimalsplus]: Invalid biome configuration entered for entity "zotzpyre" (biome was mistyped or a biome mod was removed?): aquaticabyssmod:expansivebeach
[23:21:46] [Server thread/ERROR] [betteranimalsplus]: Invalid biome configuration entered for entity "zotzpyre" (biome was mistyped or a biome mod was removed?): aquaticabyssmod:mangrove
[23:21:46] [Server thread/ERROR] [betteranimalsplus]: Invalid biome configuration entered for entity "zotzpyre" (biome was mistyped or a biome mod was removed?): thaumcraft:magical_forest
[23:21:46] [Server thread/ERROR] [betteranimalsplus]: Invalid biome configuration entered for entity "zotzpyre" (biome was mistyped or a biome mod was removed?): aquaticabyssmod:mangrovesubmerged
[23:21:46] [Server thread/ERROR] [betteranimalsplus]: Invalid biome configuration entered for entity "zotzpyre" (biome was mistyped or a biome mod was removed?): aquaticabyssmod:seagrassprarie
[23:21:46] [Server thread/ERROR] [betteranimalsplus]: Invalid biome configuration entered for entity "zotzpyre" (biome was mistyped or a biome mod was removed?): aquaticabyssmod:marshland
[23:21:46] [Server thread/ERROR] [betteranimalsplus]: Invalid biome configuration entered for entity "whale" (biome was mistyped or a biome mod was removed?): aquaticabyssmod:whalegraveyard
[23:21:46] [Server thread/ERROR] [betteranimalsplus]: Invalid biome configuration entered for entity "whale" (biome was mistyped or a biome mod was removed?): aquaticabyssmod:royalcoralreef
[23:21:46] [Server thread/ERROR] [betteranimalsplus]: Invalid biome configuration entered for entity "whale" (biome was mistyped or a biome mod was removed?): aquaticabyssmod:abyssaldepths
[23:21:46] [Server thread/ERROR] [betteranimalsplus]: Invalid biome configuration entered for entity "whale" (biome was mistyped or a biome mod was removed?): aquaticabyssmod:venttrench
[23:21:46] [Server thread/ERROR] [betteranimalsplus]: Invalid biome configuration entered for entity "whale" (biome was mistyped or a biome mod was removed?): aquaticabyssmod:royalcoralreefvillage
[23:21:46] [Server thread/ERROR] [betteranimalsplus]: Invalid biome configuration entered for entity "nautilus" (biome was mistyped or a biome mod was removed?): aquaticabyssmod:whalegraveyard
[23:21:46] [Server thread/ERROR] [betteranimalsplus]: Invalid biome configuration entered for entity "nautilus" (biome was mistyped or a biome mod was removed?): aquaticabyssmod:royalcoralreef
[23:21:46] [Server thread/ERROR] [betteranimalsplus]: Invalid biome configuration entered for entity "nautilus" (biome was mistyped or a biome mod was removed?): aquaticabyssmod:abyssaldepths
[23:21:46] [Server thread/ERROR] [betteranimalsplus]: Invalid biome configuration entered for entity "nautilus" (biome was mistyped or a biome mod was removed?): aquaticabyssmod:venttrench
[23:21:46] [Server thread/ERROR] [betteranimalsplus]: Invalid biome configuration entered for entity "nautilus" (biome was mistyped or a biome mod was removed?): aquaticabyssmod:royalcoralreefvillage
[23:21:46] [Server thread/ERROR] [betteranimalsplus]: Invalid biome configuration entered for entity "fox" (biome was mistyped or a biome mod was removed?): thaumcraft:magical_forest
[23:21:46] [Server thread/ERROR] [betteranimalsplus]: Invalid biome configuration entered for entity "fox" (biome was mistyped or a biome mod was removed?): thaumcraft:eerie
[23:21:46] [Server thread/ERROR] [betteranimalsplus]: Invalid biome configuration entered for entity "fox" (biome was mistyped or a biome mod was removed?): thaumcraft:eldritch
[23:21:46] [Server thread/INFO] [betterquesting]: Loaded 404 quests
[23:21:46] [Server thread/INFO] [betterquesting]: Loaded 11 quest lines
[23:21:46] [Server thread/INFO] [betterquesting]: Loaded 0 parties
[23:21:46] [Server thread/INFO] [betterquesting]: Loaded 4 names
[23:21:46] [Server thread/INFO] [defaultworldgenerator-port]: Verify Tweaks
[23:21:46] [Server thread/INFO] [HammerLib]: Registering raycast plugin: com.zeitheron.hammercore.internal.blocks.multipart.HammerCoreRaytracePlugin ...
[23:21:46] [Server thread/INFO] [HammerLib]: Registered raycast  plugin: com.zeitheron.hammercore.internal.blocks.multipart.HammerCoreRaytracePlugin in 0 ms
[23:21:47] [Server thread/INFO] [leviathan143.loottweaker.common.lib.LootTableDumper]: Loot table lt:immersivetableh saved to /workspaces/SRP/servidor_minecraft/world/data/loot_tables/lt/immersivetableh.json
[23:21:47] [Server thread/INFO] [leviathan143.loottweaker.common.lib.LootTableDumper]: Loot table lt:reinforcementtable saved to /workspaces/SRP/servidor_minecraft/world/data/loot_tables/lt/reinforcementtable.json
[23:21:47] [Server thread/INFO] [leviathan143.loottweaker.common.lib.LootTableDumper]: Loot table lt:tnttable saved to /workspaces/SRP/servidor_minecraft/world/data/loot_tables/lt/tnttable.json
[23:21:47] [Server thread/INFO] [leviathan143.loottweaker.common.lib.LootTableDumper]: Loot table lt:ingottable saved to /workspaces/SRP/servidor_minecraft/world/data/loot_tables/lt/ingottable.json
[23:21:47] [Server thread/INFO] [leviathan143.loottweaker.common.lib.LootTableDumper]: Loot table lt:immersivetable saved to /workspaces/SRP/servidor_minecraft/world/data/loot_tables/lt/immersivetable.json
[23:21:47] [Server thread/INFO] [leviathan143.loottweaker.common.lib.LootTableDumper]: Loot table lt:guntable saved to /workspaces/SRP/servidor_minecraft/world/data/loot_tables/lt/guntable.json
[23:21:47] [Server thread/INFO] [Mekanism]: VoiceServer: Starting up server...
[23:21:47] [Server thread/INFO] [XAT]: Trinkets and Baubles: Generating VIP List
[23:21:47] [Server thread/INFO] [XAT]: Trinkets and Baubles: Finished Gathering VIP List, Took 41ms
[23:21:47] [Server thread/INFO] [additions]: Loading addons as server starts.
[23:21:47] [Server thread/INFO] [additions]: Loading addon functions.
[23:21:47] [Server thread/INFO] [additions]: Loading addon advancements.
[23:21:47] [Server thread/ERROR] [net.minecraft.advancements.AdvancementManager]: Parsing error loading built-in advancement minecraft:recipes/redstone/trapdoor
com.google.gson.JsonSyntaxException: Unknown recipe 'minecraft:trapdoor'
	at net.minecraft.advancements.AdvancementRewards$Deserializer.deserialize(AdvancementRewards.java:171) ~[l$a.class:?]
	at net.minecraft.advancements.AdvancementRewards$Deserializer.deserialize(AdvancementRewards.java:147) ~[l$a.class:?]
	at com.google.gson.internal.bind.TreeTypeAdapter.read(TreeTypeAdapter.java:69) ~[TreeTypeAdapter.class:?]
	at com.google.gson.Gson.fromJson(Gson.java:887) ~[Gson.class:?]
	at com.google.gson.Gson.fromJson(Gson.java:952) ~[Gson.class:?]
	at com.google.gson.internal.bind.TreeTypeAdapter$GsonContextImpl.deserialize(TreeTypeAdapter.java:162) ~[TreeTypeAdapter$GsonContextImpl.class:?]
	at net.minecraft.util.JsonUtils.func_188179_a(SourceFile:439) ~[rc.class:?]
	at net.minecraft.util.JsonUtils.func_188177_a(SourceFile:455) ~[rc.class:?]
	at net.minecraft.advancements.Advancement$Builder.func_192059_a(SourceFile:203) ~[i$a.class:?]
	at net.minecraft.advancements.AdvancementManager$1.deserialize(AdvancementManager.java:50) ~[ns$1.class:?]
	at net.minecraft.advancements.AdvancementManager$1.deserialize(AdvancementManager.java:46) ~[ns$1.class:?]
	at com.google.gson.internal.bind.TreeTypeAdapter.read(TreeTypeAdapter.java:69) ~[TreeTypeAdapter.class:?]
	at net.minecraft.util.JsonUtils.func_188173_a(SourceFile:492) ~[rc.class:?]
	at net.minecraft.util.JsonUtils.func_193839_a(SourceFile:532) ~[rc.class:?]
	at com.tmtravlr.additions.addon.advancements.ExtendedAdvancementManager.loadBuiltInAdvancements(ExtendedAdvancementManager.java:178) [ExtendedAdvancementManager.class:?]
	at com.tmtravlr.additions.addon.advancements.ExtendedAdvancementManager.func_192779_a(ExtendedAdvancementManager.java:72) [ExtendedAdvancementManager.class:?]
	at com.tmtravlr.additions.addon.advancements.ExtendedAdvancementManager.<init>(ExtendedAdvancementManager.java:61) [ExtendedAdvancementManager.class:?]
	at com.tmtravlr.additions.addon.advancements.AddonAdvancementManager.replaceAdvancementManager(AddonAdvancementManager.java:24) [AddonAdvancementManager.class:?]
	at com.tmtravlr.additions.AdditionsMod.serverStarting(AdditionsMod.java:157) [AdditionsMod.class:?]
	at sun.reflect.NativeMethodAccessorImpl.invoke0(Native Method) ~[?:1.8.0_492]
	at sun.reflect.NativeMethodAccessorImpl.invoke(NativeMethodAccessorImpl.java:62) ~[?:1.8.0_492]
	at sun.reflect.DelegatingMethodAccessorImpl.invoke(DelegatingMethodAccessorImpl.java:43) ~[?:1.8.0_492]
	at java.lang.reflect.Method.invoke(Method.java:498) ~[?:1.8.0_492]
	at net.minecraftforge.fml.common.FMLModContainer.handleModStateEvent(FMLModContainer.java:637) [FMLModContainer.class:?]
	at sun.reflect.GeneratedMethodAccessor13.invoke(Unknown Source) ~[?:?]
	at sun.reflect.DelegatingMethodAccessorImpl.invoke(DelegatingMethodAccessorImpl.java:43) ~[?:1.8.0_492]
	at java.lang.reflect.Method.invoke(Method.java:498) ~[?:1.8.0_492]
	at com.google.common.eventbus.Subscriber.invokeSubscriberMethod(Subscriber.java:91) [minecraft_server.1.12.2.jar:?]
	at com.google.common.eventbus.Subscriber$SynchronizedSubscriber.invokeSubscriberMethod(Subscriber.java:150) [minecraft_server.1.12.2.jar:?]
	at com.google.common.eventbus.Subscriber$1.run(Subscriber.java:76) [minecraft_server.1.12.2.jar:?]
	at com.google.common.util.concurrent.MoreExecutors$DirectExecutor.execute(MoreExecutors.java:399) [minecraft_server.1.12.2.jar:?]
	at com.google.common.eventbus.Subscriber.dispatchEvent(Subscriber.java:71) [minecraft_server.1.12.2.jar:?]
	at com.google.common.eventbus.Dispatcher$PerThreadQueuedDispatcher.dispatch(Dispatcher.java:116) [minecraft_server.1.12.2.jar:?]
	at com.google.common.eventbus.EventBus.post(EventBus.java:217) [minecraft_server.1.12.2.jar:?]
	at net.minecraftforge.fml.common.LoadController.sendEventToModContainer(LoadController.java:219) [LoadController.class:?]
	at net.minecraftforge.fml.common.LoadController.propogateStateMessage(LoadController.java:197) [LoadController.class:?]
	at sun.reflect.NativeMethodAccessorImpl.invoke0(Native Method) ~[?:1.8.0_492]
	at sun.reflect.NativeMethodAccessorImpl.invoke(NativeMethodAccessorImpl.java:62) ~[?:1.8.0_492]
	at sun.reflect.DelegatingMethodAccessorImpl.invoke(DelegatingMethodAccessorImpl.java:43) ~[?:1.8.0_492]
	at java.lang.reflect.Method.invoke(Method.java:498) ~[?:1.8.0_492]
	at com.google.common.eventbus.Subscriber.invokeSubscriberMethod(Subscriber.java:91) [minecraft_server.1.12.2.jar:?]
	at com.google.common.eventbus.Subscriber$SynchronizedSubscriber.invokeSubscriberMethod(Subscriber.java:150) [minecraft_server.1.12.2.jar:?]
	at com.google.common.eventbus.Subscriber$1.run(Subscriber.java:76) [minecraft_server.1.12.2.jar:?]
	at com.google.common.util.concurrent.MoreExecutors$DirectExecutor.execute(MoreExecutors.java:399) [minecraft_server.1.12.2.jar:?]
	at com.google.common.eventbus.Subscriber.dispatchEvent(Subscriber.java:71) [minecraft_server.1.12.2.jar:?]
	at com.google.common.eventbus.Dispatcher$PerThreadQueuedDispatcher.dispatch(Dispatcher.java:116) [minecraft_server.1.12.2.jar:?]
	at com.google.common.eventbus.EventBus.post(EventBus.java:217) [minecraft_server.1.12.2.jar:?]
	at net.minecraftforge.fml.common.LoadController.distributeStateMessage(LoadController.java:136) [LoadController.class:?]
	at net.minecraftforge.fml.common.Loader.serverStarting(Loader.java:797) [Loader.class:?]
	at net.minecraftforge.fml.common.FMLCommonHandler.handleServerStarting(FMLCommonHandler.java:297) [FMLCommonHandler.class:?]
	at net.minecraft.server.dedicated.DedicatedServer.func_71197_b(DedicatedServer.java:307) [nz.class:?]
	at net.minecraft.server.MinecraftServer.run(MinecraftServer.java:486) [MinecraftServer.class:?]
	at java.lang.Thread.run(Thread.java:750) [?:1.8.0_492]
[23:21:47] [Server thread/ERROR] [FML]: Parsing error loading built-in advancement appliedenergistics2:main/facade
com.google.gson.JsonSyntaxException: Expected item to be an item, was unknown string 'appliedenergistics2:facade'
	at net.minecraft.util.JsonUtils.func_188172_b(SourceFile:124) ~[rc.class:?]
	at net.minecraft.util.JsonUtils.func_188180_i(SourceFile:135) ~[rc.class:?]
	at net.minecraft.advancements.DisplayInfo.func_193221_a(DisplayInfo.java:133) ~[r.class:?]
	at net.minecraft.advancements.DisplayInfo.func_192294_a(DisplayInfo.java:111) ~[r.class:?]
	at net.minecraft.advancements.Advancement$Builder.func_192059_a(SourceFile:202) ~[i$a.class:?]
	at net.minecraft.advancements.AdvancementManager$1.deserialize(AdvancementManager.java:50) ~[ns$1.class:?]
	at net.minecraft.advancements.AdvancementManager$1.deserialize(AdvancementManager.java:46) ~[ns$1.class:?]
	at com.google.gson.internal.bind.TreeTypeAdapter.read(TreeTypeAdapter.java:69) ~[TreeTypeAdapter.class:?]
	at net.minecraft.util.JsonUtils.func_188173_a(SourceFile:492) ~[rc.class:?]
	at net.minecraft.util.JsonUtils.func_188176_a(SourceFile:517) ~[rc.class:?]
	at net.minecraft.util.JsonUtils.func_188178_a(SourceFile:537) ~[rc.class:?]
	at net.minecraftforge.common.ForgeHooks.lambda$loadAdvancements$0(ForgeHooks.java:1381) ~[ForgeHooks.class:14.23.5.2860]
	at net.minecraftforge.common.crafting.CraftingHelper.findFiles(CraftingHelper.java:833) [CraftingHelper.class:?]
	at net.minecraftforge.common.ForgeHooks.loadAdvancements(ForgeHooks.java:1359) [ForgeHooks.class:14.23.5.2860]
	at net.minecraftforge.common.ForgeHooks.loadAdvancements(ForgeHooks.java:1326) [ForgeHooks.class:14.23.5.2860]
	at com.tmtravlr.additions.addon.advancements.ExtendedAdvancementManager.func_192779_a(ExtendedAdvancementManager.java:73) [ExtendedAdvancementManager.class:?]
	at com.tmtravlr.additions.addon.advancements.ExtendedAdvancementManager.<init>(ExtendedAdvancementManager.java:61) [ExtendedAdvancementManager.class:?]
	at com.tmtravlr.additions.addon.advancements.AddonAdvancementManager.replaceAdvancementManager(AddonAdvancementManager.java:24) [AddonAdvancementManager.class:?]
	at com.tmtravlr.additions.AdditionsMod.serverStarting(AdditionsMod.java:157) [AdditionsMod.class:?]
	at sun.reflect.NativeMethodAccessorImpl.invoke0(Native Method) ~[?:1.8.0_492]
	at sun.reflect.NativeMethodAccessorImpl.invoke(NativeMethodAccessorImpl.java:62) ~[?:1.8.0_492]
	at sun.reflect.DelegatingMethodAccessorImpl.invoke(DelegatingMethodAccessorImpl.java:43) ~[?:1.8.0_492]
	at java.lang.reflect.Method.invoke(Method.java:498) ~[?:1.8.0_492]
	at net.minecraftforge.fml.common.FMLModContainer.handleModStateEvent(FMLModContainer.java:637) [FMLModContainer.class:?]
	at sun.reflect.GeneratedMethodAccessor13.invoke(Unknown Source) ~[?:?]
	at sun.reflect.DelegatingMethodAccessorImpl.invoke(DelegatingMethodAccessorImpl.java:43) ~[?:1.8.0_492]
	at java.lang.reflect.Method.invoke(Method.java:498) ~[?:1.8.0_492]
	at com.google.common.eventbus.Subscriber.invokeSubscriberMethod(Subscriber.java:91) [minecraft_server.1.12.2.jar:?]
	at com.google.common.eventbus.Subscriber$SynchronizedSubscriber.invokeSubscriberMethod(Subscriber.java:150) [minecraft_server.1.12.2.jar:?]
	at com.google.common.eventbus.Subscriber$1.run(Subscriber.java:76) [minecraft_server.1.12.2.jar:?]
	at com.google.common.util.concurrent.MoreExecutors$DirectExecutor.execute(MoreExecutors.java:399) [minecraft_server.1.12.2.jar:?]
	at com.google.common.eventbus.Subscriber.dispatchEvent(Subscriber.java:71) [minecraft_server.1.12.2.jar:?]
	at com.google.common.eventbus.Dispatcher$PerThreadQueuedDispatcher.dispatch(Dispatcher.java:116) [minecraft_server.1.12.2.jar:?]
	at com.google.common.eventbus.EventBus.post(EventBus.java:217) [minecraft_server.1.12.2.jar:?]
	at net.minecraftforge.fml.common.LoadController.sendEventToModContainer(LoadController.java:219) [LoadController.class:?]
	at net.minecraftforge.fml.common.LoadController.propogateStateMessage(LoadController.java:197) [LoadController.class:?]
	at sun.reflect.NativeMethodAccessorImpl.invoke0(Native Method) ~[?:1.8.0_492]
	at sun.reflect.NativeMethodAccessorImpl.invoke(NativeMethodAccessorImpl.java:62) ~[?:1.8.0_492]
	at sun.reflect.DelegatingMethodAccessorImpl.invoke(DelegatingMethodAccessorImpl.java:43) ~[?:1.8.0_492]
	at java.lang.reflect.Method.invoke(Method.java:498) ~[?:1.8.0_492]
	at com.google.common.eventbus.Subscriber.invokeSubscriberMethod(Subscriber.java:91) [minecraft_server.1.12.2.jar:?]
	at com.google.common.eventbus.Subscriber$SynchronizedSubscriber.invokeSubscriberMethod(Subscriber.java:150) [minecraft_server.1.12.2.jar:?]
	at com.google.common.eventbus.Subscriber$1.run(Subscriber.java:76) [minecraft_server.1.12.2.jar:?]
	at com.google.common.util.concurrent.MoreExecutors$DirectExecutor.execute(MoreExecutors.java:399) [minecraft_server.1.12.2.jar:?]
	at com.google.common.eventbus.Subscriber.dispatchEvent(Subscriber.java:71) [minecraft_server.1.12.2.jar:?]
	at com.google.common.eventbus.Dispatcher$PerThreadQueuedDispatcher.dispatch(Dispatcher.java:116) [minecraft_server.1.12.2.jar:?]
	at com.google.common.eventbus.EventBus.post(EventBus.java:217) [minecraft_server.1.12.2.jar:?]
	at net.minecraftforge.fml.common.LoadController.distributeStateMessage(LoadController.java:136) [LoadController.class:?]
	at net.minecraftforge.fml.common.Loader.serverStarting(Loader.java:797) [Loader.class:?]
	at net.minecraftforge.fml.common.FMLCommonHandler.handleServerStarting(FMLCommonHandler.java:297) [FMLCommonHandler.class:?]
	at net.minecraft.server.dedicated.DedicatedServer.func_71197_b(DedicatedServer.java:307) [nz.class:?]
	at net.minecraft.server.MinecraftServer.run(MinecraftServer.java:486) [MinecraftServer.class:?]
	at java.lang.Thread.run(Thread.java:750) [?:1.8.0_492]
[23:21:47] [Server thread/ERROR] [FML]: Parsing error loading built-in advancement biomesoplenty:recipes/redstone/trapdoor_from_bop_wood
com.google.gson.JsonSyntaxException: Unknown recipe 'minecraft:trapdoor'
	at net.minecraft.advancements.AdvancementRewards$Deserializer.deserialize(AdvancementRewards.java:171) ~[l$a.class:?]
	at net.minecraft.advancements.AdvancementRewards$Deserializer.deserialize(AdvancementRewards.java:147) ~[l$a.class:?]
	at com.google.gson.internal.bind.TreeTypeAdapter.read(TreeTypeAdapter.java:69) ~[TreeTypeAdapter.class:?]
	at com.google.gson.Gson.fromJson(Gson.java:887) ~[Gson.class:?]
	at com.google.gson.Gson.fromJson(Gson.java:952) ~[Gson.class:?]
	at com.google.gson.internal.bind.TreeTypeAdapter$GsonContextImpl.deserialize(TreeTypeAdapter.java:162) ~[TreeTypeAdapter$GsonContextImpl.class:?]
	at net.minecraft.util.JsonUtils.func_188179_a(SourceFile:439) ~[rc.class:?]
	at net.minecraft.util.JsonUtils.func_188177_a(SourceFile:455) ~[rc.class:?]
	at net.minecraft.advancements.Advancement$Builder.func_192059_a(SourceFile:203) ~[i$a.class:?]
	at net.minecraft.advancements.AdvancementManager$1.deserialize(AdvancementManager.java:50) ~[ns$1.class:?]
	at net.minecraft.advancements.AdvancementManager$1.deserialize(AdvancementManager.java:46) ~[ns$1.class:?]
	at com.google.gson.internal.bind.TreeTypeAdapter.read(TreeTypeAdapter.java:69) ~[TreeTypeAdapter.class:?]
	at net.minecraft.util.JsonUtils.func_188173_a(SourceFile:492) ~[rc.class:?]
	at net.minecraft.util.JsonUtils.func_188176_a(SourceFile:517) ~[rc.class:?]
	at net.minecraft.util.JsonUtils.func_188178_a(SourceFile:537) ~[rc.class:?]
	at net.minecraftforge.common.ForgeHooks.lambda$loadAdvancements$0(ForgeHooks.java:1381) ~[ForgeHooks.class:14.23.5.2860]
	at net.minecraftforge.common.crafting.CraftingHelper.findFiles(CraftingHelper.java:833) [CraftingHelper.class:?]
	at net.minecraftforge.common.ForgeHooks.loadAdvancements(ForgeHooks.java:1359) [ForgeHooks.class:14.23.5.2860]
	at net.minecraftforge.common.ForgeHooks.loadAdvancements(ForgeHooks.java:1326) [ForgeHooks.class:14.23.5.2860]
	at com.tmtravlr.additions.addon.advancements.ExtendedAdvancementManager.func_192779_a(ExtendedAdvancementManager.java:73) [ExtendedAdvancementManager.class:?]
	at com.tmtravlr.additions.addon.advancements.ExtendedAdvancementManager.<init>(ExtendedAdvancementManager.java:61) [ExtendedAdvancementManager.class:?]
	at com.tmtravlr.additions.addon.advancements.AddonAdvancementManager.replaceAdvancementManager(AddonAdvancementManager.java:24) [AddonAdvancementManager.class:?]
	at com.tmtravlr.additions.AdditionsMod.serverStarting(AdditionsMod.java:157) [AdditionsMod.class:?]
	at sun.reflect.NativeMethodAccessorImpl.invoke0(Native Method) ~[?:1.8.0_492]
	at sun.reflect.NativeMethodAccessorImpl.invoke(NativeMethodAccessorImpl.java:62) ~[?:1.8.0_492]
	at sun.reflect.DelegatingMethodAccessorImpl.invoke(DelegatingMethodAccessorImpl.java:43) ~[?:1.8.0_492]
	at java.lang.reflect.Method.invoke(Method.java:498) ~[?:1.8.0_492]
	at net.minecraftforge.fml.common.FMLModContainer.handleModStateEvent(FMLModContainer.java:637) [FMLModContainer.class:?]
	at sun.reflect.GeneratedMethodAccessor13.invoke(Unknown Source) ~[?:?]
	at sun.reflect.DelegatingMethodAccessorImpl.invoke(DelegatingMethodAccessorImpl.java:43) ~[?:1.8.0_492]
	at java.lang.reflect.Method.invoke(Method.java:498) ~[?:1.8.0_492]
	at com.google.common.eventbus.Subscriber.invokeSubscriberMethod(Subscriber.java:91) [minecraft_server.1.12.2.jar:?]
	at com.google.common.eventbus.Subscriber$SynchronizedSubscriber.invokeSubscriberMethod(Subscriber.java:150) [minecraft_server.1.12.2.jar:?]
	at com.google.common.eventbus.Subscriber$1.run(Subscriber.java:76) [minecraft_server.1.12.2.jar:?]
	at com.google.common.util.concurrent.MoreExecutors$DirectExecutor.execute(MoreExecutors.java:399) [minecraft_server.1.12.2.jar:?]
	at com.google.common.eventbus.Subscriber.dispatchEvent(Subscriber.java:71) [minecraft_server.1.12.2.jar:?]
	at com.google.common.eventbus.Dispatcher$PerThreadQueuedDispatcher.dispatch(Dispatcher.java:116) [minecraft_server.1.12.2.jar:?]
	at com.google.common.eventbus.EventBus.post(EventBus.java:217) [minecraft_server.1.12.2.jar:?]
	at net.minecraftforge.fml.common.LoadController.sendEventToModContainer(LoadController.java:219) [LoadController.class:?]
	at net.minecraftforge.fml.common.LoadController.propogateStateMessage(LoadController.java:197) [LoadController.class:?]
	at sun.reflect.NativeMethodAccessorImpl.invoke0(Native Method) ~[?:1.8.0_492]
	at sun.reflect.NativeMethodAccessorImpl.invoke(NativeMethodAccessorImpl.java:62) ~[?:1.8.0_492]
	at sun.reflect.DelegatingMethodAccessorImpl.invoke(DelegatingMethodAccessorImpl.java:43) ~[?:1.8.0_492]
	at java.lang.reflect.Method.invoke(Method.java:498) ~[?:1.8.0_492]
	at com.google.common.eventbus.Subscriber.invokeSubscriberMethod(Subscriber.java:91) [minecraft_server.1.12.2.jar:?]
	at com.google.common.eventbus.Subscriber$SynchronizedSubscriber.invokeSubscriberMethod(Subscriber.java:150) [minecraft_server.1.12.2.jar:?]
	at com.google.common.eventbus.Subscriber$1.run(Subscriber.java:76) [minecraft_server.1.12.2.jar:?]
	at com.google.common.util.concurrent.MoreExecutors$DirectExecutor.execute(MoreExecutors.java:399) [minecraft_server.1.12.2.jar:?]
	at com.google.common.eventbus.Subscriber.dispatchEvent(Subscriber.java:71) [minecraft_server.1.12.2.jar:?]
	at com.google.common.eventbus.Dispatcher$PerThreadQueuedDispatcher.dispatch(Dispatcher.java:116) [minecraft_server.1.12.2.jar:?]
	at com.google.common.eventbus.EventBus.post(EventBus.java:217) [minecraft_server.1.12.2.jar:?]
	at net.minecraftforge.fml.common.LoadController.distributeStateMessage(LoadController.java:136) [LoadController.class:?]
	at net.minecraftforge.fml.common.Loader.serverStarting(Loader.java:797) [Loader.class:?]
	at net.minecraftforge.fml.common.FMLCommonHandler.handleServerStarting(FMLCommonHandler.java:297) [FMLCommonHandler.class:?]
	at net.minecraft.server.dedicated.DedicatedServer.func_71197_b(DedicatedServer.java:307) [nz.class:?]
	at net.minecraft.server.MinecraftServer.run(MinecraftServer.java:486) [MinecraftServer.class:?]
	at java.lang.Thread.run(Thread.java:750) [?:1.8.0_492]
[23:21:47] [Server thread/ERROR] [FML]: Parsing error loading built-in advancement mujmajnkraftsbettersurvival:wood_spear
com.google.gson.JsonSyntaxException: Unknown recipe 'mujmajnkraftsbettersurvival:wood_spear'
	at net.minecraft.advancements.AdvancementRewards$Deserializer.deserialize(AdvancementRewards.java:171) ~[l$a.class:?]
	at net.minecraft.advancements.AdvancementRewards$Deserializer.deserialize(AdvancementRewards.java:147) ~[l$a.class:?]
	at com.google.gson.internal.bind.TreeTypeAdapter.read(TreeTypeAdapter.java:69) ~[TreeTypeAdapter.class:?]
	at com.google.gson.Gson.fromJson(Gson.java:887) ~[Gson.class:?]
	at com.google.gson.Gson.fromJson(Gson.java:952) ~[Gson.class:?]
	at com.google.gson.internal.bind.TreeTypeAdapter$GsonContextImpl.deserialize(TreeTypeAdapter.java:162) ~[TreeTypeAdapter$GsonContextImpl.class:?]
	at net.minecraft.util.JsonUtils.func_188179_a(SourceFile:439) ~[rc.class:?]
	at net.minecraft.util.JsonUtils.func_188177_a(SourceFile:455) ~[rc.class:?]
	at net.minecraft.advancements.Advancement$Builder.func_192059_a(SourceFile:203) ~[i$a.class:?]
	at net.minecraft.advancements.AdvancementManager$1.deserialize(AdvancementManager.java:50) ~[ns$1.class:?]
	at net.minecraft.advancements.AdvancementManager$1.deserialize(AdvancementManager.java:46) ~[ns$1.class:?]
	at com.google.gson.internal.bind.TreeTypeAdapter.read(TreeTypeAdapter.java:69) ~[TreeTypeAdapter.class:?]
	at net.minecraft.util.JsonUtils.func_188173_a(SourceFile:492) ~[rc.class:?]
	at net.minecraft.util.JsonUtils.func_188176_a(SourceFile:517) ~[rc.class:?]
	at net.minecraft.util.JsonUtils.func_188178_a(SourceFile:537) ~[rc.class:?]
	at net.minecraftforge.common.ForgeHooks.lambda$loadAdvancements$0(ForgeHooks.java:1381) ~[ForgeHooks.class:14.23.5.2860]
	at net.minecraftforge.common.crafting.CraftingHelper.findFiles(CraftingHelper.java:833) [CraftingHelper.class:?]
	at net.minecraftforge.common.ForgeHooks.loadAdvancements(ForgeHooks.java:1359) [ForgeHooks.class:14.23.5.2860]
	at net.minecraftforge.common.ForgeHooks.loadAdvancements(ForgeHooks.java:1326) [ForgeHooks.class:14.23.5.2860]
	at com.tmtravlr.additions.addon.advancements.ExtendedAdvancementManager.func_192779_a(ExtendedAdvancementManager.java:73) [ExtendedAdvancementManager.class:?]
	at com.tmtravlr.additions.addon.advancements.ExtendedAdvancementManager.<init>(ExtendedAdvancementManager.java:61) [ExtendedAdvancementManager.class:?]
	at com.tmtravlr.additions.addon.advancements.AddonAdvancementManager.replaceAdvancementManager(AddonAdvancementManager.java:24) [AddonAdvancementManager.class:?]
	at com.tmtravlr.additions.AdditionsMod.serverStarting(AdditionsMod.java:157) [AdditionsMod.class:?]
	at sun.reflect.NativeMethodAccessorImpl.invoke0(Native Method) ~[?:1.8.0_492]
	at sun.reflect.NativeMethodAccessorImpl.invoke(NativeMethodAccessorImpl.java:62) ~[?:1.8.0_492]
	at sun.reflect.DelegatingMethodAccessorImpl.invoke(DelegatingMethodAccessorImpl.java:43) ~[?:1.8.0_492]
	at java.lang.reflect.Method.invoke(Method.java:498) ~[?:1.8.0_492]
	at net.minecraftforge.fml.common.FMLModContainer.handleModStateEvent(FMLModContainer.java:637) [FMLModContainer.class:?]
	at sun.reflect.GeneratedMethodAccessor13.invoke(Unknown Source) ~[?:?]
	at sun.reflect.DelegatingMethodAccessorImpl.invoke(DelegatingMethodAccessorImpl.java:43) ~[?:1.8.0_492]
	at java.lang.reflect.Method.invoke(Method.java:498) ~[?:1.8.0_492]
	at com.google.common.eventbus.Subscriber.invokeSubscriberMethod(Subscriber.java:91) [minecraft_server.1.12.2.jar:?]
	at com.google.common.eventbus.Subscriber$SynchronizedSubscriber.invokeSubscriberMethod(Subscriber.java:150) [minecraft_server.1.12.2.jar:?]
	at com.google.common.eventbus.Subscriber$1.run(Subscriber.java:76) [minecraft_server.1.12.2.jar:?]
	at com.google.common.util.concurrent.MoreExecutors$DirectExecutor.execute(MoreExecutors.java:399) [minecraft_server.1.12.2.jar:?]
	at com.google.common.eventbus.Subscriber.dispatchEvent(Subscriber.java:71) [minecraft_server.1.12.2.jar:?]
	at com.google.common.eventbus.Dispatcher$PerThreadQueuedDispatcher.dispatch(Dispatcher.java:116) [minecraft_server.1.12.2.jar:?]
	at com.google.common.eventbus.EventBus.post(EventBus.java:217) [minecraft_server.1.12.2.jar:?]
	at net.minecraftforge.fml.common.LoadController.sendEventToModContainer(LoadController.java:219) [LoadController.class:?]
	at net.minecraftforge.fml.common.LoadController.propogateStateMessage(LoadController.java:197) [LoadController.class:?]
	at sun.reflect.NativeMethodAccessorImpl.invoke0(Native Method) ~[?:1.8.0_492]
	at sun.reflect.NativeMethodAccessorImpl.invoke(NativeMethodAccessorImpl.java:62) ~[?:1.8.0_492]
	at sun.reflect.DelegatingMethodAccessorImpl.invoke(DelegatingMethodAccessorImpl.java:43) ~[?:1.8.0_492]
	at java.lang.reflect.Method.invoke(Method.java:498) ~[?:1.8.0_492]
	at com.google.common.eventbus.Subscriber.invokeSubscriberMethod(Subscriber.java:91) [minecraft_server.1.12.2.jar:?]
	at com.google.common.eventbus.Subscriber$SynchronizedSubscriber.invokeSubscriberMethod(Subscriber.java:150) [minecraft_server.1.12.2.jar:?]
	at com.google.common.eventbus.Subscriber$1.run(Subscriber.java:76) [minecraft_server.1.12.2.jar:?]
	at com.google.common.util.concurrent.MoreExecutors$DirectExecutor.execute(MoreExecutors.java:399) [minecraft_server.1.12.2.jar:?]
	at com.google.common.eventbus.Subscriber.dispatchEvent(Subscriber.java:71) [minecraft_server.1.12.2.jar:?]
	at com.google.common.eventbus.Dispatcher$PerThreadQueuedDispatcher.dispatch(Dispatcher.java:116) [minecraft_server.1.12.2.jar:?]
	at com.google.common.eventbus.EventBus.post(EventBus.java:217) [minecraft_server.1.12.2.jar:?]
	at net.minecraftforge.fml.common.LoadController.distributeStateMessage(LoadController.java:136) [LoadController.class:?]
	at net.minecraftforge.fml.common.Loader.serverStarting(Loader.java:797) [Loader.class:?]
	at net.minecraftforge.fml.common.FMLCommonHandler.handleServerStarting(FMLCommonHandler.java:297) [FMLCommonHandler.class:?]
	at net.minecraft.server.dedicated.DedicatedServer.func_71197_b(DedicatedServer.java:307) [nz.class:?]
	at net.minecraft.server.MinecraftServer.run(MinecraftServer.java:486) [MinecraftServer.class:?]
	at java.lang.Thread.run(Thread.java:750) [?:1.8.0_492]
[23:21:47] [Server thread/ERROR] [FML]: Parsing error loading built-in advancement mujmajnkraftsbettersurvival:wood_hammer
com.google.gson.JsonSyntaxException: Unknown recipe 'mujmajnkraftsbettersurvival:wood_hammer'
	at net.minecraft.advancements.AdvancementRewards$Deserializer.deserialize(AdvancementRewards.java:171) ~[l$a.class:?]
	at net.minecraft.advancements.AdvancementRewards$Deserializer.deserialize(AdvancementRewards.java:147) ~[l$a.class:?]
	at com.google.gson.internal.bind.TreeTypeAdapter.read(TreeTypeAdapter.java:69) ~[TreeTypeAdapter.class:?]
	at com.google.gson.Gson.fromJson(Gson.java:887) ~[Gson.class:?]
	at com.google.gson.Gson.fromJson(Gson.java:952) ~[Gson.class:?]
	at com.google.gson.internal.bind.TreeTypeAdapter$GsonContextImpl.deserialize(TreeTypeAdapter.java:162) ~[TreeTypeAdapter$GsonContextImpl.class:?]
	at net.minecraft.util.JsonUtils.func_188179_a(SourceFile:439) ~[rc.class:?]
	at net.minecraft.util.JsonUtils.func_188177_a(SourceFile:455) ~[rc.class:?]
	at net.minecraft.advancements.Advancement$Builder.func_192059_a(SourceFile:203) ~[i$a.class:?]
	at net.minecraft.advancements.AdvancementManager$1.deserialize(AdvancementManager.java:50) ~[ns$1.class:?]
	at net.minecraft.advancements.AdvancementManager$1.deserialize(AdvancementManager.java:46) ~[ns$1.class:?]
	at com.google.gson.internal.bind.TreeTypeAdapter.read(TreeTypeAdapter.java:69) ~[TreeTypeAdapter.class:?]
	at net.minecraft.util.JsonUtils.func_188173_a(SourceFile:492) ~[rc.class:?]
	at net.minecraft.util.JsonUtils.func_188176_a(SourceFile:517) ~[rc.class:?]
	at net.minecraft.util.JsonUtils.func_188178_a(SourceFile:537) ~[rc.class:?]
	at net.minecraftforge.common.ForgeHooks.lambda$loadAdvancements$0(ForgeHooks.java:1381) ~[ForgeHooks.class:14.23.5.2860]
	at net.minecraftforge.common.crafting.CraftingHelper.findFiles(CraftingHelper.java:833) [CraftingHelper.class:?]
	at net.minecraftforge.common.ForgeHooks.loadAdvancements(ForgeHooks.java:1359) [ForgeHooks.class:14.23.5.2860]
	at net.minecraftforge.common.ForgeHooks.loadAdvancements(ForgeHooks.java:1326) [ForgeHooks.class:14.23.5.2860]
	at com.tmtravlr.additions.addon.advancements.ExtendedAdvancementManager.func_192779_a(ExtendedAdvancementManager.java:73) [ExtendedAdvancementManager.class:?]
	at com.tmtravlr.additions.addon.advancements.ExtendedAdvancementManager.<init>(ExtendedAdvancementManager.java:61) [ExtendedAdvancementManager.class:?]
	at com.tmtravlr.additions.addon.advancements.AddonAdvancementManager.replaceAdvancementManager(AddonAdvancementManager.java:24) [AddonAdvancementManager.class:?]
	at com.tmtravlr.additions.AdditionsMod.serverStarting(AdditionsMod.java:157) [AdditionsMod.class:?]
	at sun.reflect.NativeMethodAccessorImpl.invoke0(Native Method) ~[?:1.8.0_492]
	at sun.reflect.NativeMethodAccessorImpl.invoke(NativeMethodAccessorImpl.java:62) ~[?:1.8.0_492]
	at sun.reflect.DelegatingMethodAccessorImpl.invoke(DelegatingMethodAccessorImpl.java:43) ~[?:1.8.0_492]
	at java.lang.reflect.Method.invoke(Method.java:498) ~[?:1.8.0_492]
	at net.minecraftforge.fml.common.FMLModContainer.handleModStateEvent(FMLModContainer.java:637) [FMLModContainer.class:?]
	at sun.reflect.GeneratedMethodAccessor13.invoke(Unknown Source) ~[?:?]
	at sun.reflect.DelegatingMethodAccessorImpl.invoke(DelegatingMethodAccessorImpl.java:43) ~[?:1.8.0_492]
	at java.lang.reflect.Method.invoke(Method.java:498) ~[?:1.8.0_492]
	at com.google.common.eventbus.Subscriber.invokeSubscriberMethod(Subscriber.java:91) [minecraft_server.1.12.2.jar:?]
	at com.google.common.eventbus.Subscriber$SynchronizedSubscriber.invokeSubscriberMethod(Subscriber.java:150) [minecraft_server.1.12.2.jar:?]
	at com.google.common.eventbus.Subscriber$1.run(Subscriber.java:76) [minecraft_server.1.12.2.jar:?]
	at com.google.common.util.concurrent.MoreExecutors$DirectExecutor.execute(MoreExecutors.java:399) [minecraft_server.1.12.2.jar:?]
	at com.google.common.eventbus.Subscriber.dispatchEvent(Subscriber.java:71) [minecraft_server.1.12.2.jar:?]
	at com.google.common.eventbus.Dispatcher$PerThreadQueuedDispatcher.dispatch(Dispatcher.java:116) [minecraft_server.1.12.2.jar:?]
	at com.google.common.eventbus.EventBus.post(EventBus.java:217) [minecraft_server.1.12.2.jar:?]
	at net.minecraftforge.fml.common.LoadController.sendEventToModContainer(LoadController.java:219) [LoadController.class:?]
	at net.minecraftforge.fml.common.LoadController.propogateStateMessage(LoadController.java:197) [LoadController.class:?]
	at sun.reflect.NativeMethodAccessorImpl.invoke0(Native Method) ~[?:1.8.0_492]
	at sun.reflect.NativeMethodAccessorImpl.invoke(NativeMethodAccessorImpl.java:62) ~[?:1.8.0_492]
	at sun.reflect.DelegatingMethodAccessorImpl.invoke(DelegatingMethodAccessorImpl.java:43) ~[?:1.8.0_492]
	at java.lang.reflect.Method.invoke(Method.java:498) ~[?:1.8.0_492]
	at com.google.common.eventbus.Subscriber.invokeSubscriberMethod(Subscriber.java:91) [minecraft_server.1.12.2.jar:?]
	at com.google.common.eventbus.Subscriber$SynchronizedSubscriber.invokeSubscriberMethod(Subscriber.java:150) [minecraft_server.1.12.2.jar:?]
	at com.google.common.eventbus.Subscriber$1.run(Subscriber.java:76) [minecraft_server.1.12.2.jar:?]
	at com.google.common.util.concurrent.MoreExecutors$DirectExecutor.execute(MoreExecutors.java:399) [minecraft_server.1.12.2.jar:?]
	at com.google.common.eventbus.Subscriber.dispatchEvent(Subscriber.java:71) [minecraft_server.1.12.2.jar:?]
	at com.google.common.eventbus.Dispatcher$PerThreadQueuedDispatcher.dispatch(Dispatcher.java:116) [minecraft_server.1.12.2.jar:?]
	at com.google.common.eventbus.EventBus.post(EventBus.java:217) [minecraft_server.1.12.2.jar:?]
	at net.minecraftforge.fml.common.LoadController.distributeStateMessage(LoadController.java:136) [LoadController.class:?]
	at net.minecraftforge.fml.common.Loader.serverStarting(Loader.java:797) [Loader.class:?]
	at net.minecraftforge.fml.common.FMLCommonHandler.handleServerStarting(FMLCommonHandler.java:297) [FMLCommonHandler.class:?]
	at net.minecraft.server.dedicated.DedicatedServer.func_71197_b(DedicatedServer.java:307) [nz.class:?]
	at net.minecraft.server.MinecraftServer.run(MinecraftServer.java:486) [MinecraftServer.class:?]
	at java.lang.Thread.run(Thread.java:750) [?:1.8.0_492]
[23:21:47] [Server thread/ERROR] [FML]: Parsing error loading built-in advancement mujmajnkraftsbettersurvival:wood_dagger
com.google.gson.JsonSyntaxException: Unknown recipe 'mujmajnkraftsbettersurvival:wood_dagger'
	at net.minecraft.advancements.AdvancementRewards$Deserializer.deserialize(AdvancementRewards.java:171) ~[l$a.class:?]
	at net.minecraft.advancements.AdvancementRewards$Deserializer.deserialize(AdvancementRewards.java:147) ~[l$a.class:?]
	at com.google.gson.internal.bind.TreeTypeAdapter.read(TreeTypeAdapter.java:69) ~[TreeTypeAdapter.class:?]
	at com.google.gson.Gson.fromJson(Gson.java:887) ~[Gson.class:?]
	at com.google.gson.Gson.fromJson(Gson.java:952) ~[Gson.class:?]
	at com.google.gson.internal.bind.TreeTypeAdapter$GsonContextImpl.deserialize(TreeTypeAdapter.java:162) ~[TreeTypeAdapter$GsonContextImpl.class:?]
	at net.minecraft.util.JsonUtils.func_188179_a(SourceFile:439) ~[rc.class:?]
	at net.minecraft.util.JsonUtils.func_188177_a(SourceFile:455) ~[rc.class:?]
	at net.minecraft.advancements.Advancement$Builder.func_192059_a(SourceFile:203) ~[i$a.class:?]
	at net.minecraft.advancements.AdvancementManager$1.deserialize(AdvancementManager.java:50) ~[ns$1.class:?]
	at net.minecraft.advancements.AdvancementManager$1.deserialize(AdvancementManager.java:46) ~[ns$1.class:?]
	at com.google.gson.internal.bind.TreeTypeAdapter.read(TreeTypeAdapter.java:69) ~[TreeTypeAdapter.class:?]
	at net.minecraft.util.JsonUtils.func_188173_a(SourceFile:492) ~[rc.class:?]
	at net.minecraft.util.JsonUtils.func_188176_a(SourceFile:517) ~[rc.class:?]
	at net.minecraft.util.JsonUtils.func_188178_a(SourceFile:537) ~[rc.class:?]
	at net.minecraftforge.common.ForgeHooks.lambda$loadAdvancements$0(ForgeHooks.java:1381) ~[ForgeHooks.class:14.23.5.2860]
	at net.minecraftforge.common.crafting.CraftingHelper.findFiles(CraftingHelper.java:833) [CraftingHelper.class:?]
	at net.minecraftforge.common.ForgeHooks.loadAdvancements(ForgeHooks.java:1359) [ForgeHooks.class:14.23.5.2860]
	at net.minecraftforge.common.ForgeHooks.loadAdvancements(ForgeHooks.java:1326) [ForgeHooks.class:14.23.5.2860]
	at com.tmtravlr.additions.addon.advancements.ExtendedAdvancementManager.func_192779_a(ExtendedAdvancementManager.java:73) [ExtendedAdvancementManager.class:?]
	at com.tmtravlr.additions.addon.advancements.ExtendedAdvancementManager.<init>(ExtendedAdvancementManager.java:61) [ExtendedAdvancementManager.class:?]
	at com.tmtravlr.additions.addon.advancements.AddonAdvancementManager.replaceAdvancementManager(AddonAdvancementManager.java:24) [AddonAdvancementManager.class:?]
	at com.tmtravlr.additions.AdditionsMod.serverStarting(AdditionsMod.java:157) [AdditionsMod.class:?]
	at sun.reflect.NativeMethodAccessorImpl.invoke0(Native Method) ~[?:1.8.0_492]
	at sun.reflect.NativeMethodAccessorImpl.invoke(NativeMethodAccessorImpl.java:62) ~[?:1.8.0_492]
	at sun.reflect.DelegatingMethodAccessorImpl.invoke(DelegatingMethodAccessorImpl.java:43) ~[?:1.8.0_492]
	at java.lang.reflect.Method.invoke(Method.java:498) ~[?:1.8.0_492]
	at net.minecraftforge.fml.common.FMLModContainer.handleModStateEvent(FMLModContainer.java:637) [FMLModContainer.class:?]
	at sun.reflect.GeneratedMethodAccessor13.invoke(Unknown Source) ~[?:?]
	at sun.reflect.DelegatingMethodAccessorImpl.invoke(DelegatingMethodAccessorImpl.java:43) ~[?:1.8.0_492]
	at java.lang.reflect.Method.invoke(Method.java:498) ~[?:1.8.0_492]
	at com.google.common.eventbus.Subscriber.invokeSubscriberMethod(Subscriber.java:91) [minecraft_server.1.12.2.jar:?]
	at com.google.common.eventbus.Subscriber$SynchronizedSubscriber.invokeSubscriberMethod(Subscriber.java:150) [minecraft_server.1.12.2.jar:?]
	at com.google.common.eventbus.Subscriber$1.run(Subscriber.java:76) [minecraft_server.1.12.2.jar:?]
	at com.google.common.util.concurrent.MoreExecutors$DirectExecutor.execute(MoreExecutors.java:399) [minecraft_server.1.12.2.jar:?]
	at com.google.common.eventbus.Subscriber.dispatchEvent(Subscriber.java:71) [minecraft_server.1.12.2.jar:?]
	at com.google.common.eventbus.Dispatcher$PerThreadQueuedDispatcher.dispatch(Dispatcher.java:116) [minecraft_server.1.12.2.jar:?]
	at com.google.common.eventbus.EventBus.post(EventBus.java:217) [minecraft_server.1.12.2.jar:?]
	at net.minecraftforge.fml.common.LoadController.sendEventToModContainer(LoadController.java:219) [LoadController.class:?]
	at net.minecraftforge.fml.common.LoadController.propogateStateMessage(LoadController.java:197) [LoadController.class:?]
	at sun.reflect.NativeMethodAccessorImpl.invoke0(Native Method) ~[?:1.8.0_492]
	at sun.reflect.NativeMethodAccessorImpl.invoke(NativeMethodAccessorImpl.java:62) ~[?:1.8.0_492]
	at sun.reflect.DelegatingMethodAccessorImpl.invoke(DelegatingMethodAccessorImpl.java:43) ~[?:1.8.0_492]
	at java.lang.reflect.Method.invoke(Method.java:498) ~[?:1.8.0_492]
	at com.google.common.eventbus.Subscriber.invokeSubscriberMethod(Subscriber.java:91) [minecraft_server.1.12.2.jar:?]
	at com.google.common.eventbus.Subscriber$SynchronizedSubscriber.invokeSubscriberMethod(Subscriber.java:150) [minecraft_server.1.12.2.jar:?]
	at com.google.common.eventbus.Subscriber$1.run(Subscriber.java:76) [minecraft_server.1.12.2.jar:?]
	at com.google.common.util.concurrent.MoreExecutors$DirectExecutor.execute(MoreExecutors.java:399) [minecraft_server.1.12.2.jar:?]
	at com.google.common.eventbus.Subscriber.dispatchEvent(Subscriber.java:71) [minecraft_server.1.12.2.jar:?]
	at com.google.common.eventbus.Dispatcher$PerThreadQueuedDispatcher.dispatch(Dispatcher.java:116) [minecraft_server.1.12.2.jar:?]
	at com.google.common.eventbus.EventBus.post(EventBus.java:217) [minecraft_server.1.12.2.jar:?]
	at net.minecraftforge.fml.common.LoadController.distributeStateMessage(LoadController.java:136) [LoadController.class:?]
	at net.minecraftforge.fml.common.Loader.serverStarting(Loader.java:797) [Loader.class:?]
	at net.minecraftforge.fml.common.FMLCommonHandler.handleServerStarting(FMLCommonHandler.java:297) [FMLCommonHandler.class:?]
	at net.minecraft.server.dedicated.DedicatedServer.func_71197_b(DedicatedServer.java:307) [nz.class:?]
	at net.minecraft.server.MinecraftServer.run(MinecraftServer.java:486) [MinecraftServer.class:?]
	at java.lang.Thread.run(Thread.java:750) [?:1.8.0_492]
[23:21:47] [Server thread/ERROR] [FML]: Parsing error loading built-in advancement mujmajnkraftsbettersurvival:wood_battleaxe
com.google.gson.JsonSyntaxException: Unknown recipe 'mujmajnkraftsbettersurvival:wood_battleaxe'
	at net.minecraft.advancements.AdvancementRewards$Deserializer.deserialize(AdvancementRewards.java:171) ~[l$a.class:?]
	at net.minecraft.advancements.AdvancementRewards$Deserializer.deserialize(AdvancementRewards.java:147) ~[l$a.class:?]
	at com.google.gson.internal.bind.TreeTypeAdapter.read(TreeTypeAdapter.java:69) ~[TreeTypeAdapter.class:?]
	at com.google.gson.Gson.fromJson(Gson.java:887) ~[Gson.class:?]
	at com.google.gson.Gson.fromJson(Gson.java:952) ~[Gson.class:?]
	at com.google.gson.internal.bind.TreeTypeAdapter$GsonContextImpl.deserialize(TreeTypeAdapter.java:162) ~[TreeTypeAdapter$GsonContextImpl.class:?]
	at net.minecraft.util.JsonUtils.func_188179_a(SourceFile:439) ~[rc.class:?]
	at net.minecraft.util.JsonUtils.func_188177_a(SourceFile:455) ~[rc.class:?]
	at net.minecraft.advancements.Advancement$Builder.func_192059_a(SourceFile:203) ~[i$a.class:?]
	at net.minecraft.advancements.AdvancementManager$1.deserialize(AdvancementManager.java:50) ~[ns$1.class:?]
	at net.minecraft.advancements.AdvancementManager$1.deserialize(AdvancementManager.java:46) ~[ns$1.class:?]
	at com.google.gson.internal.bind.TreeTypeAdapter.read(TreeTypeAdapter.java:69) ~[TreeTypeAdapter.class:?]
	at net.minecraft.util.JsonUtils.func_188173_a(SourceFile:492) ~[rc.class:?]
	at net.minecraft.util.JsonUtils.func_188176_a(SourceFile:517) ~[rc.class:?]
	at net.minecraft.util.JsonUtils.func_188178_a(SourceFile:537) ~[rc.class:?]
	at net.minecraftforge.common.ForgeHooks.lambda$loadAdvancements$0(ForgeHooks.java:1381) ~[ForgeHooks.class:14.23.5.2860]
	at net.minecraftforge.common.crafting.CraftingHelper.findFiles(CraftingHelper.java:833) [CraftingHelper.class:?]
	at net.minecraftforge.common.ForgeHooks.loadAdvancements(ForgeHooks.java:1359) [ForgeHooks.class:14.23.5.2860]
	at net.minecraftforge.common.ForgeHooks.loadAdvancements(ForgeHooks.java:1326) [ForgeHooks.class:14.23.5.2860]
	at com.tmtravlr.additions.addon.advancements.ExtendedAdvancementManager.func_192779_a(ExtendedAdvancementManager.java:73) [ExtendedAdvancementManager.class:?]
	at com.tmtravlr.additions.addon.advancements.ExtendedAdvancementManager.<init>(ExtendedAdvancementManager.java:61) [ExtendedAdvancementManager.class:?]
	at com.tmtravlr.additions.addon.advancements.AddonAdvancementManager.replaceAdvancementManager(AddonAdvancementManager.java:24) [AddonAdvancementManager.class:?]
	at com.tmtravlr.additions.AdditionsMod.serverStarting(AdditionsMod.java:157) [AdditionsMod.class:?]
	at sun.reflect.NativeMethodAccessorImpl.invoke0(Native Method) ~[?:1.8.0_492]
	at sun.reflect.NativeMethodAccessorImpl.invoke(NativeMethodAccessorImpl.java:62) ~[?:1.8.0_492]
	at sun.reflect.DelegatingMethodAccessorImpl.invoke(DelegatingMethodAccessorImpl.java:43) ~[?:1.8.0_492]
	at java.lang.reflect.Method.invoke(Method.java:498) ~[?:1.8.0_492]
	at net.minecraftforge.fml.common.FMLModContainer.handleModStateEvent(FMLModContainer.java:637) [FMLModContainer.class:?]
	at sun.reflect.GeneratedMethodAccessor13.invoke(Unknown Source) ~[?:?]
	at sun.reflect.DelegatingMethodAccessorImpl.invoke(DelegatingMethodAccessorImpl.java:43) ~[?:1.8.0_492]
	at java.lang.reflect.Method.invoke(Method.java:498) ~[?:1.8.0_492]
	at com.google.common.eventbus.Subscriber.invokeSubscriberMethod(Subscriber.java:91) [minecraft_server.1.12.2.jar:?]
	at com.google.common.eventbus.Subscriber$SynchronizedSubscriber.invokeSubscriberMethod(Subscriber.java:150) [minecraft_server.1.12.2.jar:?]
	at com.google.common.eventbus.Subscriber$1.run(Subscriber.java:76) [minecraft_server.1.12.2.jar:?]
	at com.google.common.util.concurrent.MoreExecutors$DirectExecutor.execute(MoreExecutors.java:399) [minecraft_server.1.12.2.jar:?]
	at com.google.common.eventbus.Subscriber.dispatchEvent(Subscriber.java:71) [minecraft_server.1.12.2.jar:?]
	at com.google.common.eventbus.Dispatcher$PerThreadQueuedDispatcher.dispatch(Dispatcher.java:116) [minecraft_server.1.12.2.jar:?]
	at com.google.common.eventbus.EventBus.post(EventBus.java:217) [minecraft_server.1.12.2.jar:?]
	at net.minecraftforge.fml.common.LoadController.sendEventToModContainer(LoadController.java:219) [LoadController.class:?]
	at net.minecraftforge.fml.common.LoadController.propogateStateMessage(LoadController.java:197) [LoadController.class:?]
	at sun.reflect.NativeMethodAccessorImpl.invoke0(Native Method) ~[?:1.8.0_492]
	at sun.reflect.NativeMethodAccessorImpl.invoke(NativeMethodAccessorImpl.java:62) ~[?:1.8.0_492]
	at sun.reflect.DelegatingMethodAccessorImpl.invoke(DelegatingMethodAccessorImpl.java:43) ~[?:1.8.0_492]
	at java.lang.reflect.Method.invoke(Method.java:498) ~[?:1.8.0_492]
	at com.google.common.eventbus.Subscriber.invokeSubscriberMethod(Subscriber.java:91) [minecraft_server.1.12.2.jar:?]
	at com.google.common.eventbus.Subscriber$SynchronizedSubscriber.invokeSubscriberMethod(Subscriber.java:150) [minecraft_server.1.12.2.jar:?]
	at com.google.common.eventbus.Subscriber$1.run(Subscriber.java:76) [minecraft_server.1.12.2.jar:?]
	at com.google.common.util.concurrent.MoreExecutors$DirectExecutor.execute(MoreExecutors.java:399) [minecraft_server.1.12.2.jar:?]
	at com.google.common.eventbus.Subscriber.dispatchEvent(Subscriber.java:71) [minecraft_server.1.12.2.jar:?]
	at com.google.common.eventbus.Dispatcher$PerThreadQueuedDispatcher.dispatch(Dispatcher.java:116) [minecraft_server.1.12.2.jar:?]
	at com.google.common.eventbus.EventBus.post(EventBus.java:217) [minecraft_server.1.12.2.jar:?]
	at net.minecraftforge.fml.common.LoadController.distributeStateMessage(LoadController.java:136) [LoadController.class:?]
	at net.minecraftforge.fml.common.Loader.serverStarting(Loader.java:797) [Loader.class:?]
	at net.minecraftforge.fml.common.FMLCommonHandler.handleServerStarting(FMLCommonHandler.java:297) [FMLCommonHandler.class:?]
	at net.minecraft.server.dedicated.DedicatedServer.func_71197_b(DedicatedServer.java:307) [nz.class:?]
	at net.minecraft.server.MinecraftServer.run(MinecraftServer.java:486) [MinecraftServer.class:?]
	at java.lang.Thread.run(Thread.java:750) [?:1.8.0_492]
[23:21:47] [Server thread/ERROR] [FML]: Parsing error loading built-in advancement mujmajnkraftsbettersurvival:stone_spear
com.google.gson.JsonSyntaxException: Unknown recipe 'mujmajnkraftsbettersurvival:stone_spear'
	at net.minecraft.advancements.AdvancementRewards$Deserializer.deserialize(AdvancementRewards.java:171) ~[l$a.class:?]
	at net.minecraft.advancements.AdvancementRewards$Deserializer.deserialize(AdvancementRewards.java:147) ~[l$a.class:?]
	at com.google.gson.internal.bind.TreeTypeAdapter.read(TreeTypeAdapter.java:69) ~[TreeTypeAdapter.class:?]
	at com.google.gson.Gson.fromJson(Gson.java:887) ~[Gson.class:?]
	at com.google.gson.Gson.fromJson(Gson.java:952) ~[Gson.class:?]
	at com.google.gson.internal.bind.TreeTypeAdapter$GsonContextImpl.deserialize(TreeTypeAdapter.java:162) ~[TreeTypeAdapter$GsonContextImpl.class:?]
	at net.minecraft.util.JsonUtils.func_188179_a(SourceFile:439) ~[rc.class:?]
	at net.minecraft.util.JsonUtils.func_188177_a(SourceFile:455) ~[rc.class:?]
	at net.minecraft.advancements.Advancement$Builder.func_192059_a(SourceFile:203) ~[i$a.class:?]
	at net.minecraft.advancements.AdvancementManager$1.deserialize(AdvancementManager.java:50) ~[ns$1.class:?]
	at net.minecraft.advancements.AdvancementManager$1.deserialize(AdvancementManager.java:46) ~[ns$1.class:?]
	at com.google.gson.internal.bind.TreeTypeAdapter.read(TreeTypeAdapter.java:69) ~[TreeTypeAdapter.class:?]
	at net.minecraft.util.JsonUtils.func_188173_a(SourceFile:492) ~[rc.class:?]
	at net.minecraft.util.JsonUtils.func_188176_a(SourceFile:517) ~[rc.class:?]
	at net.minecraft.util.JsonUtils.func_188178_a(SourceFile:537) ~[rc.class:?]
	at net.minecraftforge.common.ForgeHooks.lambda$loadAdvancements$0(ForgeHooks.java:1381) ~[ForgeHooks.class:14.23.5.2860]
	at net.minecraftforge.common.crafting.CraftingHelper.findFiles(CraftingHelper.java:833) [CraftingHelper.class:?]
	at net.minecraftforge.common.ForgeHooks.loadAdvancements(ForgeHooks.java:1359) [ForgeHooks.class:14.23.5.2860]
	at net.minecraftforge.common.ForgeHooks.loadAdvancements(ForgeHooks.java:1326) [ForgeHooks.class:14.23.5.2860]
	at com.tmtravlr.additions.addon.advancements.ExtendedAdvancementManager.func_192779_a(ExtendedAdvancementManager.java:73) [ExtendedAdvancementManager.class:?]
	at com.tmtravlr.additions.addon.advancements.ExtendedAdvancementManager.<init>(ExtendedAdvancementManager.java:61) [ExtendedAdvancementManager.class:?]
	at com.tmtravlr.additions.addon.advancements.AddonAdvancementManager.replaceAdvancementManager(AddonAdvancementManager.java:24) [AddonAdvancementManager.class:?]
	at com.tmtravlr.additions.AdditionsMod.serverStarting(AdditionsMod.java:157) [AdditionsMod.class:?]
	at sun.reflect.NativeMethodAccessorImpl.invoke0(Native Method) ~[?:1.8.0_492]
	at sun.reflect.NativeMethodAccessorImpl.invoke(NativeMethodAccessorImpl.java:62) ~[?:1.8.0_492]
	at sun.reflect.DelegatingMethodAccessorImpl.invoke(DelegatingMethodAccessorImpl.java:43) ~[?:1.8.0_492]
	at java.lang.reflect.Method.invoke(Method.java:498) ~[?:1.8.0_492]
	at net.minecraftforge.fml.common.FMLModContainer.handleModStateEvent(FMLModContainer.java:637) [FMLModContainer.class:?]
	at sun.reflect.GeneratedMethodAccessor13.invoke(Unknown Source) ~[?:?]
	at sun.reflect.DelegatingMethodAccessorImpl.invoke(DelegatingMethodAccessorImpl.java:43) ~[?:1.8.0_492]
	at java.lang.reflect.Method.invoke(Method.java:498) ~[?:1.8.0_492]
	at com.google.common.eventbus.Subscriber.invokeSubscriberMethod(Subscriber.java:91) [minecraft_server.1.12.2.jar:?]
	at com.google.common.eventbus.Subscriber$SynchronizedSubscriber.invokeSubscriberMethod(Subscriber.java:150) [minecraft_server.1.12.2.jar:?]
	at com.google.common.eventbus.Subscriber$1.run(Subscriber.java:76) [minecraft_server.1.12.2.jar:?]
	at com.google.common.util.concurrent.MoreExecutors$DirectExecutor.execute(MoreExecutors.java:399) [minecraft_server.1.12.2.jar:?]
	at com.google.common.eventbus.Subscriber.dispatchEvent(Subscriber.java:71) [minecraft_server.1.12.2.jar:?]
	at com.google.common.eventbus.Dispatcher$PerThreadQueuedDispatcher.dispatch(Dispatcher.java:116) [minecraft_server.1.12.2.jar:?]
	at com.google.common.eventbus.EventBus.post(EventBus.java:217) [minecraft_server.1.12.2.jar:?]
	at net.minecraftforge.fml.common.LoadController.sendEventToModContainer(LoadController.java:219) [LoadController.class:?]
	at net.minecraftforge.fml.common.LoadController.propogateStateMessage(LoadController.java:197) [LoadController.class:?]
	at sun.reflect.NativeMethodAccessorImpl.invoke0(Native Method) ~[?:1.8.0_492]
	at sun.reflect.NativeMethodAccessorImpl.invoke(NativeMethodAccessorImpl.java:62) ~[?:1.8.0_492]
	at sun.reflect.DelegatingMethodAccessorImpl.invoke(DelegatingMethodAccessorImpl.java:43) ~[?:1.8.0_492]
	at java.lang.reflect.Method.invoke(Method.java:498) ~[?:1.8.0_492]
	at com.google.common.eventbus.Subscriber.invokeSubscriberMethod(Subscriber.java:91) [minecraft_server.1.12.2.jar:?]
	at com.google.common.eventbus.Subscriber$SynchronizedSubscriber.invokeSubscriberMethod(Subscriber.java:150) [minecraft_server.1.12.2.jar:?]
	at com.google.common.eventbus.Subscriber$1.run(Subscriber.java:76) [minecraft_server.1.12.2.jar:?]
	at com.google.common.util.concurrent.MoreExecutors$DirectExecutor.execute(MoreExecutors.java:399) [minecraft_server.1.12.2.jar:?]
	at com.google.common.eventbus.Subscriber.dispatchEvent(Subscriber.java:71) [minecraft_server.1.12.2.jar:?]
	at com.google.common.eventbus.Dispatcher$PerThreadQueuedDispatcher.dispatch(Dispatcher.java:116) [minecraft_server.1.12.2.jar:?]
	at com.google.common.eventbus.EventBus.post(EventBus.java:217) [minecraft_server.1.12.2.jar:?]
	at net.minecraftforge.fml.common.LoadController.distributeStateMessage(LoadController.java:136) [LoadController.class:?]
	at net.minecraftforge.fml.common.Loader.serverStarting(Loader.java:797) [Loader.class:?]
	at net.minecraftforge.fml.common.FMLCommonHandler.handleServerStarting(FMLCommonHandler.java:297) [FMLCommonHandler.class:?]
	at net.minecraft.server.dedicated.DedicatedServer.func_71197_b(DedicatedServer.java:307) [nz.class:?]
	at net.minecraft.server.MinecraftServer.run(MinecraftServer.java:486) [MinecraftServer.class:?]
	at java.lang.Thread.run(Thread.java:750) [?:1.8.0_492]
[23:21:47] [Server thread/ERROR] [FML]: Parsing error loading built-in advancement mujmajnkraftsbettersurvival:stone_hammer
com.google.gson.JsonSyntaxException: Unknown recipe 'mujmajnkraftsbettersurvival:stone_hammer'
	at net.minecraft.advancements.AdvancementRewards$Deserializer.deserialize(AdvancementRewards.java:171) ~[l$a.class:?]
	at net.minecraft.advancements.AdvancementRewards$Deserializer.deserialize(AdvancementRewards.java:147) ~[l$a.class:?]
	at com.google.gson.internal.bind.TreeTypeAdapter.read(TreeTypeAdapter.java:69) ~[TreeTypeAdapter.class:?]
	at com.google.gson.Gson.fromJson(Gson.java:887) ~[Gson.class:?]
	at com.google.gson.Gson.fromJson(Gson.java:952) ~[Gson.class:?]
	at com.google.gson.internal.bind.TreeTypeAdapter$GsonContextImpl.deserialize(TreeTypeAdapter.java:162) ~[TreeTypeAdapter$GsonContextImpl.class:?]
	at net.minecraft.util.JsonUtils.func_188179_a(SourceFile:439) ~[rc.class:?]
	at net.minecraft.util.JsonUtils.func_188177_a(SourceFile:455) ~[rc.class:?]
	at net.minecraft.advancements.Advancement$Builder.func_192059_a(SourceFile:203) ~[i$a.class:?]
	at net.minecraft.advancements.AdvancementManager$1.deserialize(AdvancementManager.java:50) ~[ns$1.class:?]
	at net.minecraft.advancements.AdvancementManager$1.deserialize(AdvancementManager.java:46) ~[ns$1.class:?]
	at com.google.gson.internal.bind.TreeTypeAdapter.read(TreeTypeAdapter.java:69) ~[TreeTypeAdapter.class:?]
	at net.minecraft.util.JsonUtils.func_188173_a(SourceFile:492) ~[rc.class:?]
	at net.minecraft.util.JsonUtils.func_188176_a(SourceFile:517) ~[rc.class:?]
	at net.minecraft.util.JsonUtils.func_188178_a(SourceFile:537) ~[rc.class:?]
	at net.minecraftforge.common.ForgeHooks.lambda$loadAdvancements$0(ForgeHooks.java:1381) ~[ForgeHooks.class:14.23.5.2860]
	at net.minecraftforge.common.crafting.CraftingHelper.findFiles(CraftingHelper.java:833) [CraftingHelper.class:?]
	at net.minecraftforge.common.ForgeHooks.loadAdvancements(ForgeHooks.java:1359) [ForgeHooks.class:14.23.5.2860]
	at net.minecraftforge.common.ForgeHooks.loadAdvancements(ForgeHooks.java:1326) [ForgeHooks.class:14.23.5.2860]
	at com.tmtravlr.additions.addon.advancements.ExtendedAdvancementManager.func_192779_a(ExtendedAdvancementManager.java:73) [ExtendedAdvancementManager.class:?]
	at com.tmtravlr.additions.addon.advancements.ExtendedAdvancementManager.<init>(ExtendedAdvancementManager.java:61) [ExtendedAdvancementManager.class:?]
	at com.tmtravlr.additions.addon.advancements.AddonAdvancementManager.replaceAdvancementManager(AddonAdvancementManager.java:24) [AddonAdvancementManager.class:?]
	at com.tmtravlr.additions.AdditionsMod.serverStarting(AdditionsMod.java:157) [AdditionsMod.class:?]
	at sun.reflect.NativeMethodAccessorImpl.invoke0(Native Method) ~[?:1.8.0_492]
	at sun.reflect.NativeMethodAccessorImpl.invoke(NativeMethodAccessorImpl.java:62) ~[?:1.8.0_492]
	at sun.reflect.DelegatingMethodAccessorImpl.invoke(DelegatingMethodAccessorImpl.java:43) ~[?:1.8.0_492]
	at java.lang.reflect.Method.invoke(Method.java:498) ~[?:1.8.0_492]
	at net.minecraftforge.fml.common.FMLModContainer.handleModStateEvent(FMLModContainer.java:637) [FMLModContainer.class:?]
	at sun.reflect.GeneratedMethodAccessor13.invoke(Unknown Source) ~[?:?]
	at sun.reflect.DelegatingMethodAccessorImpl.invoke(DelegatingMethodAccessorImpl.java:43) ~[?:1.8.0_492]
	at java.lang.reflect.Method.invoke(Method.java:498) ~[?:1.8.0_492]
	at com.google.common.eventbus.Subscriber.invokeSubscriberMethod(Subscriber.java:91) [minecraft_server.1.12.2.jar:?]
	at com.google.common.eventbus.Subscriber$SynchronizedSubscriber.invokeSubscriberMethod(Subscriber.java:150) [minecraft_server.1.12.2.jar:?]
	at com.google.common.eventbus.Subscriber$1.run(Subscriber.java:76) [minecraft_server.1.12.2.jar:?]
	at com.google.common.util.concurrent.MoreExecutors$DirectExecutor.execute(MoreExecutors.java:399) [minecraft_server.1.12.2.jar:?]
	at com.google.common.eventbus.Subscriber.dispatchEvent(Subscriber.java:71) [minecraft_server.1.12.2.jar:?]
	at com.google.common.eventbus.Dispatcher$PerThreadQueuedDispatcher.dispatch(Dispatcher.java:116) [minecraft_server.1.12.2.jar:?]
	at com.google.common.eventbus.EventBus.post(EventBus.java:217) [minecraft_server.1.12.2.jar:?]
	at net.minecraftforge.fml.common.LoadController.sendEventToModContainer(LoadController.java:219) [LoadController.class:?]
	at net.minecraftforge.fml.common.LoadController.propogateStateMessage(LoadController.java:197) [LoadController.class:?]
	at sun.reflect.NativeMethodAccessorImpl.invoke0(Native Method) ~[?:1.8.0_492]
	at sun.reflect.NativeMethodAccessorImpl.invoke(NativeMethodAccessorImpl.java:62) ~[?:1.8.0_492]
	at sun.reflect.DelegatingMethodAccessorImpl.invoke(DelegatingMethodAccessorImpl.java:43) ~[?:1.8.0_492]
	at java.lang.reflect.Method.invoke(Method.java:498) ~[?:1.8.0_492]
	at com.google.common.eventbus.Subscriber.invokeSubscriberMethod(Subscriber.java:91) [minecraft_server.1.12.2.jar:?]
	at com.google.common.eventbus.Subscriber$SynchronizedSubscriber.invokeSubscriberMethod(Subscriber.java:150) [minecraft_server.1.12.2.jar:?]
	at com.google.common.eventbus.Subscriber$1.run(Subscriber.java:76) [minecraft_server.1.12.2.jar:?]
	at com.google.common.util.concurrent.MoreExecutors$DirectExecutor.execute(MoreExecutors.java:399) [minecraft_server.1.12.2.jar:?]
	at com.google.common.eventbus.Subscriber.dispatchEvent(Subscriber.java:71) [minecraft_server.1.12.2.jar:?]
	at com.google.common.eventbus.Dispatcher$PerThreadQueuedDispatcher.dispatch(Dispatcher.java:116) [minecraft_server.1.12.2.jar:?]
	at com.google.common.eventbus.EventBus.post(EventBus.java:217) [minecraft_server.1.12.2.jar:?]
	at net.minecraftforge.fml.common.LoadController.distributeStateMessage(LoadController.java:136) [LoadController.class:?]
	at net.minecraftforge.fml.common.Loader.serverStarting(Loader.java:797) [Loader.class:?]
	at net.minecraftforge.fml.common.FMLCommonHandler.handleServerStarting(FMLCommonHandler.java:297) [FMLCommonHandler.class:?]
	at net.minecraft.server.dedicated.DedicatedServer.func_71197_b(DedicatedServer.java:307) [nz.class:?]
	at net.minecraft.server.MinecraftServer.run(MinecraftServer.java:486) [MinecraftServer.class:?]
	at java.lang.Thread.run(Thread.java:750) [?:1.8.0_492]
[23:21:47] [Server thread/ERROR] [FML]: Parsing error loading built-in advancement mujmajnkraftsbettersurvival:stone_dagger
com.google.gson.JsonSyntaxException: Unknown recipe 'mujmajnkraftsbettersurvival:stone_dagger'
	at net.minecraft.advancements.AdvancementRewards$Deserializer.deserialize(AdvancementRewards.java:171) ~[l$a.class:?]
	at net.minecraft.advancements.AdvancementRewards$Deserializer.deserialize(AdvancementRewards.java:147) ~[l$a.class:?]
	at com.google.gson.internal.bind.TreeTypeAdapter.read(TreeTypeAdapter.java:69) ~[TreeTypeAdapter.class:?]
	at com.google.gson.Gson.fromJson(Gson.java:887) ~[Gson.class:?]
	at com.google.gson.Gson.fromJson(Gson.java:952) ~[Gson.class:?]
	at com.google.gson.internal.bind.TreeTypeAdapter$GsonContextImpl.deserialize(TreeTypeAdapter.java:162) ~[TreeTypeAdapter$GsonContextImpl.class:?]
	at net.minecraft.util.JsonUtils.func_188179_a(SourceFile:439) ~[rc.class:?]
	at net.minecraft.util.JsonUtils.func_188177_a(SourceFile:455) ~[rc.class:?]
	at net.minecraft.advancements.Advancement$Builder.func_192059_a(SourceFile:203) ~[i$a.class:?]
	at net.minecraft.advancements.AdvancementManager$1.deserialize(AdvancementManager.java:50) ~[ns$1.class:?]
	at net.minecraft.advancements.AdvancementManager$1.deserialize(AdvancementManager.java:46) ~[ns$1.class:?]
	at com.google.gson.internal.bind.TreeTypeAdapter.read(TreeTypeAdapter.java:69) ~[TreeTypeAdapter.class:?]
	at net.minecraft.util.JsonUtils.func_188173_a(SourceFile:492) ~[rc.class:?]
	at net.minecraft.util.JsonUtils.func_188176_a(SourceFile:517) ~[rc.class:?]
	at net.minecraft.util.JsonUtils.func_188178_a(SourceFile:537) ~[rc.class:?]
	at net.minecraftforge.common.ForgeHooks.lambda$loadAdvancements$0(ForgeHooks.java:1381) ~[ForgeHooks.class:14.23.5.2860]
	at net.minecraftforge.common.crafting.CraftingHelper.findFiles(CraftingHelper.java:833) [CraftingHelper.class:?]
	at net.minecraftforge.common.ForgeHooks.loadAdvancements(ForgeHooks.java:1359) [ForgeHooks.class:14.23.5.2860]
	at net.minecraftforge.common.ForgeHooks.loadAdvancements(ForgeHooks.java:1326) [ForgeHooks.class:14.23.5.2860]
	at com.tmtravlr.additions.addon.advancements.ExtendedAdvancementManager.func_192779_a(ExtendedAdvancementManager.java:73) [ExtendedAdvancementManager.class:?]
	at com.tmtravlr.additions.addon.advancements.ExtendedAdvancementManager.<init>(ExtendedAdvancementManager.java:61) [ExtendedAdvancementManager.class:?]
	at com.tmtravlr.additions.addon.advancements.AddonAdvancementManager.replaceAdvancementManager(AddonAdvancementManager.java:24) [AddonAdvancementManager.class:?]
	at com.tmtravlr.additions.AdditionsMod.serverStarting(AdditionsMod.java:157) [AdditionsMod.class:?]
	at sun.reflect.NativeMethodAccessorImpl.invoke0(Native Method) ~[?:1.8.0_492]
	at sun.reflect.NativeMethodAccessorImpl.invoke(NativeMethodAccessorImpl.java:62) ~[?:1.8.0_492]
	at sun.reflect.DelegatingMethodAccessorImpl.invoke(DelegatingMethodAccessorImpl.java:43) ~[?:1.8.0_492]
	at java.lang.reflect.Method.invoke(Method.java:498) ~[?:1.8.0_492]
	at net.minecraftforge.fml.common.FMLModContainer.handleModStateEvent(FMLModContainer.java:637) [FMLModContainer.class:?]
	at sun.reflect.GeneratedMethodAccessor13.invoke(Unknown Source) ~[?:?]
	at sun.reflect.DelegatingMethodAccessorImpl.invoke(DelegatingMethodAccessorImpl.java:43) ~[?:1.8.0_492]
	at java.lang.reflect.Method.invoke(Method.java:498) ~[?:1.8.0_492]
	at com.google.common.eventbus.Subscriber.invokeSubscriberMethod(Subscriber.java:91) [minecraft_server.1.12.2.jar:?]
	at com.google.common.eventbus.Subscriber$SynchronizedSubscriber.invokeSubscriberMethod(Subscriber.java:150) [minecraft_server.1.12.2.jar:?]
	at com.google.common.eventbus.Subscriber$1.run(Subscriber.java:76) [minecraft_server.1.12.2.jar:?]
	at com.google.common.util.concurrent.MoreExecutors$DirectExecutor.execute(MoreExecutors.java:399) [minecraft_server.1.12.2.jar:?]
	at com.google.common.eventbus.Subscriber.dispatchEvent(Subscriber.java:71) [minecraft_server.1.12.2.jar:?]
	at com.google.common.eventbus.Dispatcher$PerThreadQueuedDispatcher.dispatch(Dispatcher.java:116) [minecraft_server.1.12.2.jar:?]
	at com.google.common.eventbus.EventBus.post(EventBus.java:217) [minecraft_server.1.12.2.jar:?]
	at net.minecraftforge.fml.common.LoadController.sendEventToModContainer(LoadController.java:219) [LoadController.class:?]
	at net.minecraftforge.fml.common.LoadController.propogateStateMessage(LoadController.java:197) [LoadController.class:?]
	at sun.reflect.NativeMethodAccessorImpl.invoke0(Native Method) ~[?:1.8.0_492]
	at sun.reflect.NativeMethodAccessorImpl.invoke(NativeMethodAccessorImpl.java:62) ~[?:1.8.0_492]
	at sun.reflect.DelegatingMethodAccessorImpl.invoke(DelegatingMethodAccessorImpl.java:43) ~[?:1.8.0_492]
	at java.lang.reflect.Method.invoke(Method.java:498) ~[?:1.8.0_492]
	at com.google.common.eventbus.Subscriber.invokeSubscriberMethod(Subscriber.java:91) [minecraft_server.1.12.2.jar:?]
	at com.google.common.eventbus.Subscriber$SynchronizedSubscriber.invokeSubscriberMethod(Subscriber.java:150) [minecraft_server.1.12.2.jar:?]
	at com.google.common.eventbus.Subscriber$1.run(Subscriber.java:76) [minecraft_server.1.12.2.jar:?]
	at com.google.common.util.concurrent.MoreExecutors$DirectExecutor.execute(MoreExecutors.java:399) [minecraft_server.1.12.2.jar:?]
	at com.google.common.eventbus.Subscriber.dispatchEvent(Subscriber.java:71) [minecraft_server.1.12.2.jar:?]
	at com.google.common.eventbus.Dispatcher$PerThreadQueuedDispatcher.dispatch(Dispatcher.java:116) [minecraft_server.1.12.2.jar:?]
	at com.google.common.eventbus.EventBus.post(EventBus.java:217) [minecraft_server.1.12.2.jar:?]
	at net.minecraftforge.fml.common.LoadController.distributeStateMessage(LoadController.java:136) [LoadController.class:?]
	at net.minecraftforge.fml.common.Loader.serverStarting(Loader.java:797) [Loader.class:?]
	at net.minecraftforge.fml.common.FMLCommonHandler.handleServerStarting(FMLCommonHandler.java:297) [FMLCommonHandler.class:?]
	at net.minecraft.server.dedicated.DedicatedServer.func_71197_b(DedicatedServer.java:307) [nz.class:?]
	at net.minecraft.server.MinecraftServer.run(MinecraftServer.java:486) [MinecraftServer.class:?]
	at java.lang.Thread.run(Thread.java:750) [?:1.8.0_492]
[23:21:47] [Server thread/ERROR] [FML]: Parsing error loading built-in advancement mujmajnkraftsbettersurvival:stone_battleaxe
com.google.gson.JsonSyntaxException: Unknown recipe 'mujmajnkraftsbettersurvival:stone_battleaxe'
	at net.minecraft.advancements.AdvancementRewards$Deserializer.deserialize(AdvancementRewards.java:171) ~[l$a.class:?]
	at net.minecraft.advancements.AdvancementRewards$Deserializer.deserialize(AdvancementRewards.java:147) ~[l$a.class:?]
	at com.google.gson.internal.bind.TreeTypeAdapter.read(TreeTypeAdapter.java:69) ~[TreeTypeAdapter.class:?]
	at com.google.gson.Gson.fromJson(Gson.java:887) ~[Gson.class:?]
	at com.google.gson.Gson.fromJson(Gson.java:952) ~[Gson.class:?]
	at com.google.gson.internal.bind.TreeTypeAdapter$GsonContextImpl.deserialize(TreeTypeAdapter.java:162) ~[TreeTypeAdapter$GsonContextImpl.class:?]
	at net.minecraft.util.JsonUtils.func_188179_a(SourceFile:439) ~[rc.class:?]
	at net.minecraft.util.JsonUtils.func_188177_a(SourceFile:455) ~[rc.class:?]
	at net.minecraft.advancements.Advancement$Builder.func_192059_a(SourceFile:203) ~[i$a.class:?]
	at net.minecraft.advancements.AdvancementManager$1.deserialize(AdvancementManager.java:50) ~[ns$1.class:?]
	at net.minecraft.advancements.AdvancementManager$1.deserialize(AdvancementManager.java:46) ~[ns$1.class:?]
	at com.google.gson.internal.bind.TreeTypeAdapter.read(TreeTypeAdapter.java:69) ~[TreeTypeAdapter.class:?]
	at net.minecraft.util.JsonUtils.func_188173_a(SourceFile:492) ~[rc.class:?]
	at net.minecraft.util.JsonUtils.func_188176_a(SourceFile:517) ~[rc.class:?]
	at net.minecraft.util.JsonUtils.func_188178_a(SourceFile:537) ~[rc.class:?]
	at net.minecraftforge.common.ForgeHooks.lambda$loadAdvancements$0(ForgeHooks.java:1381) ~[ForgeHooks.class:14.23.5.2860]
	at net.minecraftforge.common.crafting.CraftingHelper.findFiles(CraftingHelper.java:833) [CraftingHelper.class:?]
	at net.minecraftforge.common.ForgeHooks.loadAdvancements(ForgeHooks.java:1359) [ForgeHooks.class:14.23.5.2860]
	at net.minecraftforge.common.ForgeHooks.loadAdvancements(ForgeHooks.java:1326) [ForgeHooks.class:14.23.5.2860]
	at com.tmtravlr.additions.addon.advancements.ExtendedAdvancementManager.func_192779_a(ExtendedAdvancementManager.java:73) [ExtendedAdvancementManager.class:?]
	at com.tmtravlr.additions.addon.advancements.ExtendedAdvancementManager.<init>(ExtendedAdvancementManager.java:61) [ExtendedAdvancementManager.class:?]
	at com.tmtravlr.additions.addon.advancements.AddonAdvancementManager.replaceAdvancementManager(AddonAdvancementManager.java:24) [AddonAdvancementManager.class:?]
	at com.tmtravlr.additions.AdditionsMod.serverStarting(AdditionsMod.java:157) [AdditionsMod.class:?]
	at sun.reflect.NativeMethodAccessorImpl.invoke0(Native Method) ~[?:1.8.0_492]
	at sun.reflect.NativeMethodAccessorImpl.invoke(NativeMethodAccessorImpl.java:62) ~[?:1.8.0_492]
	at sun.reflect.DelegatingMethodAccessorImpl.invoke(DelegatingMethodAccessorImpl.java:43) ~[?:1.8.0_492]
	at java.lang.reflect.Method.invoke(Method.java:498) ~[?:1.8.0_492]
	at net.minecraftforge.fml.common.FMLModContainer.handleModStateEvent(FMLModContainer.java:637) [FMLModContainer.class:?]
	at sun.reflect.GeneratedMethodAccessor13.invoke(Unknown Source) ~[?:?]
	at sun.reflect.DelegatingMethodAccessorImpl.invoke(DelegatingMethodAccessorImpl.java:43) ~[?:1.8.0_492]
	at java.lang.reflect.Method.invoke(Method.java:498) ~[?:1.8.0_492]
	at com.google.common.eventbus.Subscriber.invokeSubscriberMethod(Subscriber.java:91) [minecraft_server.1.12.2.jar:?]
	at com.google.common.eventbus.Subscriber$SynchronizedSubscriber.invokeSubscriberMethod(Subscriber.java:150) [minecraft_server.1.12.2.jar:?]
	at com.google.common.eventbus.Subscriber$1.run(Subscriber.java:76) [minecraft_server.1.12.2.jar:?]
	at com.google.common.util.concurrent.MoreExecutors$DirectExecutor.execute(MoreExecutors.java:399) [minecraft_server.1.12.2.jar:?]
	at com.google.common.eventbus.Subscriber.dispatchEvent(Subscriber.java:71) [minecraft_server.1.12.2.jar:?]
	at com.google.common.eventbus.Dispatcher$PerThreadQueuedDispatcher.dispatch(Dispatcher.java:116) [minecraft_server.1.12.2.jar:?]
	at com.google.common.eventbus.EventBus.post(EventBus.java:217) [minecraft_server.1.12.2.jar:?]
	at net.minecraftforge.fml.common.LoadController.sendEventToModContainer(LoadController.java:219) [LoadController.class:?]
	at net.minecraftforge.fml.common.LoadController.propogateStateMessage(LoadController.java:197) [LoadController.class:?]
	at sun.reflect.NativeMethodAccessorImpl.invoke0(Native Method) ~[?:1.8.0_492]
	at sun.reflect.NativeMethodAccessorImpl.invoke(NativeMethodAccessorImpl.java:62) ~[?:1.8.0_492]
	at sun.reflect.DelegatingMethodAccessorImpl.invoke(DelegatingMethodAccessorImpl.java:43) ~[?:1.8.0_492]
	at java.lang.reflect.Method.invoke(Method.java:498) ~[?:1.8.0_492]
	at com.google.common.eventbus.Subscriber.invokeSubscriberMethod(Subscriber.java:91) [minecraft_server.1.12.2.jar:?]
	at com.google.common.eventbus.Subscriber$SynchronizedSubscriber.invokeSubscriberMethod(Subscriber.java:150) [minecraft_server.1.12.2.jar:?]
	at com.google.common.eventbus.Subscriber$1.run(Subscriber.java:76) [minecraft_server.1.12.2.jar:?]
	at com.google.common.util.concurrent.MoreExecutors$DirectExecutor.execute(MoreExecutors.java:399) [minecraft_server.1.12.2.jar:?]
	at com.google.common.eventbus.Subscriber.dispatchEvent(Subscriber.java:71) [minecraft_server.1.12.2.jar:?]
	at com.google.common.eventbus.Dispatcher$PerThreadQueuedDispatcher.dispatch(Dispatcher.java:116) [minecraft_server.1.12.2.jar:?]
	at com.google.common.eventbus.EventBus.post(EventBus.java:217) [minecraft_server.1.12.2.jar:?]
	at net.minecraftforge.fml.common.LoadController.distributeStateMessage(LoadController.java:136) [LoadController.class:?]
	at net.minecraftforge.fml.common.Loader.serverStarting(Loader.java:797) [Loader.class:?]
	at net.minecraftforge.fml.common.FMLCommonHandler.handleServerStarting(FMLCommonHandler.java:297) [FMLCommonHandler.class:?]
	at net.minecraft.server.dedicated.DedicatedServer.func_71197_b(DedicatedServer.java:307) [nz.class:?]
	at net.minecraft.server.MinecraftServer.run(MinecraftServer.java:486) [MinecraftServer.class:?]
	at java.lang.Thread.run(Thread.java:750) [?:1.8.0_492]
[23:21:47] [Server thread/ERROR] [FML]: Parsing error loading built-in advancement mujmajnkraftsbettersurvival:iron_spear
com.google.gson.JsonSyntaxException: Unknown recipe 'mujmajnkraftsbettersurvival:iron_spear'
	at net.minecraft.advancements.AdvancementRewards$Deserializer.deserialize(AdvancementRewards.java:171) ~[l$a.class:?]
	at net.minecraft.advancements.AdvancementRewards$Deserializer.deserialize(AdvancementRewards.java:147) ~[l$a.class:?]
	at com.google.gson.internal.bind.TreeTypeAdapter.read(TreeTypeAdapter.java:69) ~[TreeTypeAdapter.class:?]
	at com.google.gson.Gson.fromJson(Gson.java:887) ~[Gson.class:?]
	at com.google.gson.Gson.fromJson(Gson.java:952) ~[Gson.class:?]
	at com.google.gson.internal.bind.TreeTypeAdapter$GsonContextImpl.deserialize(TreeTypeAdapter.java:162) ~[TreeTypeAdapter$GsonContextImpl.class:?]
	at net.minecraft.util.JsonUtils.func_188179_a(SourceFile:439) ~[rc.class:?]
	at net.minecraft.util.JsonUtils.func_188177_a(SourceFile:455) ~[rc.class:?]
	at net.minecraft.advancements.Advancement$Builder.func_192059_a(SourceFile:203) ~[i$a.class:?]
	at net.minecraft.advancements.AdvancementManager$1.deserialize(AdvancementManager.java:50) ~[ns$1.class:?]
	at net.minecraft.advancements.AdvancementManager$1.deserialize(AdvancementManager.java:46) ~[ns$1.class:?]
	at com.google.gson.internal.bind.TreeTypeAdapter.read(TreeTypeAdapter.java:69) ~[TreeTypeAdapter.class:?]
	at net.minecraft.util.JsonUtils.func_188173_a(SourceFile:492) ~[rc.class:?]
	at net.minecraft.util.JsonUtils.func_188176_a(SourceFile:517) ~[rc.class:?]
	at net.minecraft.util.JsonUtils.func_188178_a(SourceFile:537) ~[rc.class:?]
	at net.minecraftforge.common.ForgeHooks.lambda$loadAdvancements$0(ForgeHooks.java:1381) ~[ForgeHooks.class:14.23.5.2860]
	at net.minecraftforge.common.crafting.CraftingHelper.findFiles(CraftingHelper.java:833) [CraftingHelper.class:?]
	at net.minecraftforge.common.ForgeHooks.loadAdvancements(ForgeHooks.java:1359) [ForgeHooks.class:14.23.5.2860]
	at net.minecraftforge.common.ForgeHooks.loadAdvancements(ForgeHooks.java:1326) [ForgeHooks.class:14.23.5.2860]
	at com.tmtravlr.additions.addon.advancements.ExtendedAdvancementManager.func_192779_a(ExtendedAdvancementManager.java:73) [ExtendedAdvancementManager.class:?]
	at com.tmtravlr.additions.addon.advancements.ExtendedAdvancementManager.<init>(ExtendedAdvancementManager.java:61) [ExtendedAdvancementManager.class:?]
	at com.tmtravlr.additions.addon.advancements.AddonAdvancementManager.replaceAdvancementManager(AddonAdvancementManager.java:24) [AddonAdvancementManager.class:?]
	at com.tmtravlr.additions.AdditionsMod.serverStarting(AdditionsMod.java:157) [AdditionsMod.class:?]
	at sun.reflect.NativeMethodAccessorImpl.invoke0(Native Method) ~[?:1.8.0_492]
	at sun.reflect.NativeMethodAccessorImpl.invoke(NativeMethodAccessorImpl.java:62) ~[?:1.8.0_492]
	at sun.reflect.DelegatingMethodAccessorImpl.invoke(DelegatingMethodAccessorImpl.java:43) ~[?:1.8.0_492]
	at java.lang.reflect.Method.invoke(Method.java:498) ~[?:1.8.0_492]
	at net.minecraftforge.fml.common.FMLModContainer.handleModStateEvent(FMLModContainer.java:637) [FMLModContainer.class:?]
	at sun.reflect.GeneratedMethodAccessor13.invoke(Unknown Source) ~[?:?]
	at sun.reflect.DelegatingMethodAccessorImpl.invoke(DelegatingMethodAccessorImpl.java:43) ~[?:1.8.0_492]
	at java.lang.reflect.Method.invoke(Method.java:498) ~[?:1.8.0_492]
	at com.google.common.eventbus.Subscriber.invokeSubscriberMethod(Subscriber.java:91) [minecraft_server.1.12.2.jar:?]
	at com.google.common.eventbus.Subscriber$SynchronizedSubscriber.invokeSubscriberMethod(Subscriber.java:150) [minecraft_server.1.12.2.jar:?]
	at com.google.common.eventbus.Subscriber$1.run(Subscriber.java:76) [minecraft_server.1.12.2.jar:?]
	at com.google.common.util.concurrent.MoreExecutors$DirectExecutor.execute(MoreExecutors.java:399) [minecraft_server.1.12.2.jar:?]
	at com.google.common.eventbus.Subscriber.dispatchEvent(Subscriber.java:71) [minecraft_server.1.12.2.jar:?]
	at com.google.common.eventbus.Dispatcher$PerThreadQueuedDispatcher.dispatch(Dispatcher.java:116) [minecraft_server.1.12.2.jar:?]
	at com.google.common.eventbus.EventBus.post(EventBus.java:217) [minecraft_server.1.12.2.jar:?]
	at net.minecraftforge.fml.common.LoadController.sendEventToModContainer(LoadController.java:219) [LoadController.class:?]
	at net.minecraftforge.fml.common.LoadController.propogateStateMessage(LoadController.java:197) [LoadController.class:?]
	at sun.reflect.NativeMethodAccessorImpl.invoke0(Native Method) ~[?:1.8.0_492]
	at sun.reflect.NativeMethodAccessorImpl.invoke(NativeMethodAccessorImpl.java:62) ~[?:1.8.0_492]
	at sun.reflect.DelegatingMethodAccessorImpl.invoke(DelegatingMethodAccessorImpl.java:43) ~[?:1.8.0_492]
	at java.lang.reflect.Method.invoke(Method.java:498) ~[?:1.8.0_492]
	at com.google.common.eventbus.Subscriber.invokeSubscriberMethod(Subscriber.java:91) [minecraft_server.1.12.2.jar:?]
	at com.google.common.eventbus.Subscriber$SynchronizedSubscriber.invokeSubscriberMethod(Subscriber.java:150) [minecraft_server.1.12.2.jar:?]
	at com.google.common.eventbus.Subscriber$1.run(Subscriber.java:76) [minecraft_server.1.12.2.jar:?]
	at com.google.common.util.concurrent.MoreExecutors$DirectExecutor.execute(MoreExecutors.java:399) [minecraft_server.1.12.2.jar:?]
	at com.google.common.eventbus.Subscriber.dispatchEvent(Subscriber.java:71) [minecraft_server.1.12.2.jar:?]
	at com.google.common.eventbus.Dispatcher$PerThreadQueuedDispatcher.dispatch(Dispatcher.java:116) [minecraft_server.1.12.2.jar:?]
	at com.google.common.eventbus.EventBus.post(EventBus.java:217) [minecraft_server.1.12.2.jar:?]
	at net.minecraftforge.fml.common.LoadController.distributeStateMessage(LoadController.java:136) [LoadController.class:?]
	at net.minecraftforge.fml.common.Loader.serverStarting(Loader.java:797) [Loader.class:?]
	at net.minecraftforge.fml.common.FMLCommonHandler.handleServerStarting(FMLCommonHandler.java:297) [FMLCommonHandler.class:?]
	at net.minecraft.server.dedicated.DedicatedServer.func_71197_b(DedicatedServer.java:307) [nz.class:?]
	at net.minecraft.server.MinecraftServer.run(MinecraftServer.java:486) [MinecraftServer.class:?]
	at java.lang.Thread.run(Thread.java:750) [?:1.8.0_492]
[23:21:47] [Server thread/ERROR] [FML]: Parsing error loading built-in advancement mujmajnkraftsbettersurvival:iron_hammer
com.google.gson.JsonSyntaxException: Unknown recipe 'mujmajnkraftsbettersurvival:iron_hammer'
	at net.minecraft.advancements.AdvancementRewards$Deserializer.deserialize(AdvancementRewards.java:171) ~[l$a.class:?]
	at net.minecraft.advancements.AdvancementRewards$Deserializer.deserialize(AdvancementRewards.java:147) ~[l$a.class:?]
	at com.google.gson.internal.bind.TreeTypeAdapter.read(TreeTypeAdapter.java:69) ~[TreeTypeAdapter.class:?]
	at com.google.gson.Gson.fromJson(Gson.java:887) ~[Gson.class:?]
	at com.google.gson.Gson.fromJson(Gson.java:952) ~[Gson.class:?]
	at com.google.gson.internal.bind.TreeTypeAdapter$GsonContextImpl.deserialize(TreeTypeAdapter.java:162) ~[TreeTypeAdapter$GsonContextImpl.class:?]
	at net.minecraft.util.JsonUtils.func_188179_a(SourceFile:439) ~[rc.class:?]
	at net.minecraft.util.JsonUtils.func_188177_a(SourceFile:455) ~[rc.class:?]
	at net.minecraft.advancements.Advancement$Builder.func_192059_a(SourceFile:203) ~[i$a.class:?]
	at net.minecraft.advancements.AdvancementManager$1.deserialize(AdvancementManager.java:50) ~[ns$1.class:?]
	at net.minecraft.advancements.AdvancementManager$1.deserialize(AdvancementManager.java:46) ~[ns$1.class:?]
	at com.google.gson.internal.bind.TreeTypeAdapter.read(TreeTypeAdapter.java:69) ~[TreeTypeAdapter.class:?]
	at net.minecraft.util.JsonUtils.func_188173_a(SourceFile:492) ~[rc.class:?]
	at net.minecraft.util.JsonUtils.func_188176_a(SourceFile:517) ~[rc.class:?]
	at net.minecraft.util.JsonUtils.func_188178_a(SourceFile:537) ~[rc.class:?]
	at net.minecraftforge.common.ForgeHooks.lambda$loadAdvancements$0(ForgeHooks.java:1381) ~[ForgeHooks.class:14.23.5.2860]
	at net.minecraftforge.common.crafting.CraftingHelper.findFiles(CraftingHelper.java:833) [CraftingHelper.class:?]
	at net.minecraftforge.common.ForgeHooks.loadAdvancements(ForgeHooks.java:1359) [ForgeHooks.class:14.23.5.2860]
	at net.minecraftforge.common.ForgeHooks.loadAdvancements(ForgeHooks.java:1326) [ForgeHooks.class:14.23.5.2860]
	at com.tmtravlr.additions.addon.advancements.ExtendedAdvancementManager.func_192779_a(ExtendedAdvancementManager.java:73) [ExtendedAdvancementManager.class:?]
	at com.tmtravlr.additions.addon.advancements.ExtendedAdvancementManager.<init>(ExtendedAdvancementManager.java:61) [ExtendedAdvancementManager.class:?]
	at com.tmtravlr.additions.addon.advancements.AddonAdvancementManager.replaceAdvancementManager(AddonAdvancementManager.java:24) [AddonAdvancementManager.class:?]
	at com.tmtravlr.additions.AdditionsMod.serverStarting(AdditionsMod.java:157) [AdditionsMod.class:?]
	at sun.reflect.NativeMethodAccessorImpl.invoke0(Native Method) ~[?:1.8.0_492]
	at sun.reflect.NativeMethodAccessorImpl.invoke(NativeMethodAccessorImpl.java:62) ~[?:1.8.0_492]
	at sun.reflect.DelegatingMethodAccessorImpl.invoke(DelegatingMethodAccessorImpl.java:43) ~[?:1.8.0_492]
	at java.lang.reflect.Method.invoke(Method.java:498) ~[?:1.8.0_492]
	at net.minecraftforge.fml.common.FMLModContainer.handleModStateEvent(FMLModContainer.java:637) [FMLModContainer.class:?]
	at sun.reflect.GeneratedMethodAccessor13.invoke(Unknown Source) ~[?:?]
	at sun.reflect.DelegatingMethodAccessorImpl.invoke(DelegatingMethodAccessorImpl.java:43) ~[?:1.8.0_492]
	at java.lang.reflect.Method.invoke(Method.java:498) ~[?:1.8.0_492]
	at com.google.common.eventbus.Subscriber.invokeSubscriberMethod(Subscriber.java:91) [minecraft_server.1.12.2.jar:?]
	at com.google.common.eventbus.Subscriber$SynchronizedSubscriber.invokeSubscriberMethod(Subscriber.java:150) [minecraft_server.1.12.2.jar:?]
	at com.google.common.eventbus.Subscriber$1.run(Subscriber.java:76) [minecraft_server.1.12.2.jar:?]
	at com.google.common.util.concurrent.MoreExecutors$DirectExecutor.execute(MoreExecutors.java:399) [minecraft_server.1.12.2.jar:?]
	at com.google.common.eventbus.Subscriber.dispatchEvent(Subscriber.java:71) [minecraft_server.1.12.2.jar:?]
	at com.google.common.eventbus.Dispatcher$PerThreadQueuedDispatcher.dispatch(Dispatcher.java:116) [minecraft_server.1.12.2.jar:?]
	at com.google.common.eventbus.EventBus.post(EventBus.java:217) [minecraft_server.1.12.2.jar:?]
	at net.minecraftforge.fml.common.LoadController.sendEventToModContainer(LoadController.java:219) [LoadController.class:?]
	at net.minecraftforge.fml.common.LoadController.propogateStateMessage(LoadController.java:197) [LoadController.class:?]
	at sun.reflect.NativeMethodAccessorImpl.invoke0(Native Method) ~[?:1.8.0_492]
	at sun.reflect.NativeMethodAccessorImpl.invoke(NativeMethodAccessorImpl.java:62) ~[?:1.8.0_492]
	at sun.reflect.DelegatingMethodAccessorImpl.invoke(DelegatingMethodAccessorImpl.java:43) ~[?:1.8.0_492]
	at java.lang.reflect.Method.invoke(Method.java:498) ~[?:1.8.0_492]
	at com.google.common.eventbus.Subscriber.invokeSubscriberMethod(Subscriber.java:91) [minecraft_server.1.12.2.jar:?]
	at com.google.common.eventbus.Subscriber$SynchronizedSubscriber.invokeSubscriberMethod(Subscriber.java:150) [minecraft_server.1.12.2.jar:?]
	at com.google.common.eventbus.Subscriber$1.run(Subscriber.java:76) [minecraft_server.1.12.2.jar:?]
	at com.google.common.util.concurrent.MoreExecutors$DirectExecutor.execute(MoreExecutors.java:399) [minecraft_server.1.12.2.jar:?]
	at com.google.common.eventbus.Subscriber.dispatchEvent(Subscriber.java:71) [minecraft_server.1.12.2.jar:?]
	at com.google.common.eventbus.Dispatcher$PerThreadQueuedDispatcher.dispatch(Dispatcher.java:116) [minecraft_server.1.12.2.jar:?]
	at com.google.common.eventbus.EventBus.post(EventBus.java:217) [minecraft_server.1.12.2.jar:?]
	at net.minecraftforge.fml.common.LoadController.distributeStateMessage(LoadController.java:136) [LoadController.class:?]
	at net.minecraftforge.fml.common.Loader.serverStarting(Loader.java:797) [Loader.class:?]
	at net.minecraftforge.fml.common.FMLCommonHandler.handleServerStarting(FMLCommonHandler.java:297) [FMLCommonHandler.class:?]
	at net.minecraft.server.dedicated.DedicatedServer.func_71197_b(DedicatedServer.java:307) [nz.class:?]
	at net.minecraft.server.MinecraftServer.run(MinecraftServer.java:486) [MinecraftServer.class:?]
	at java.lang.Thread.run(Thread.java:750) [?:1.8.0_492]
[23:21:47] [Server thread/ERROR] [FML]: Parsing error loading built-in advancement mujmajnkraftsbettersurvival:iron_dagger
com.google.gson.JsonSyntaxException: Unknown recipe 'mujmajnkraftsbettersurvival:iron_dagger'
	at net.minecraft.advancements.AdvancementRewards$Deserializer.deserialize(AdvancementRewards.java:171) ~[l$a.class:?]
	at net.minecraft.advancements.AdvancementRewards$Deserializer.deserialize(AdvancementRewards.java:147) ~[l$a.class:?]
	at com.google.gson.internal.bind.TreeTypeAdapter.read(TreeTypeAdapter.java:69) ~[TreeTypeAdapter.class:?]
	at com.google.gson.Gson.fromJson(Gson.java:887) ~[Gson.class:?]
	at com.google.gson.Gson.fromJson(Gson.java:952) ~[Gson.class:?]
	at com.google.gson.internal.bind.TreeTypeAdapter$GsonContextImpl.deserialize(TreeTypeAdapter.java:162) ~[TreeTypeAdapter$GsonContextImpl.class:?]
	at net.minecraft.util.JsonUtils.func_188179_a(SourceFile:439) ~[rc.class:?]
	at net.minecraft.util.JsonUtils.func_188177_a(SourceFile:455) ~[rc.class:?]
	at net.minecraft.advancements.Advancement$Builder.func_192059_a(SourceFile:203) ~[i$a.class:?]
	at net.minecraft.advancements.AdvancementManager$1.deserialize(AdvancementManager.java:50) ~[ns$1.class:?]
	at net.minecraft.advancements.AdvancementManager$1.deserialize(AdvancementManager.java:46) ~[ns$1.class:?]
	at com.google.gson.internal.bind.TreeTypeAdapter.read(TreeTypeAdapter.java:69) ~[TreeTypeAdapter.class:?]
	at net.minecraft.util.JsonUtils.func_188173_a(SourceFile:492) ~[rc.class:?]
	at net.minecraft.util.JsonUtils.func_188176_a(SourceFile:517) ~[rc.class:?]
	at net.minecraft.util.JsonUtils.func_188178_a(SourceFile:537) ~[rc.class:?]
	at net.minecraftforge.common.ForgeHooks.lambda$loadAdvancements$0(ForgeHooks.java:1381) ~[ForgeHooks.class:14.23.5.2860]
	at net.minecraftforge.common.crafting.CraftingHelper.findFiles(CraftingHelper.java:833) [CraftingHelper.class:?]
	at net.minecraftforge.common.ForgeHooks.loadAdvancements(ForgeHooks.java:1359) [ForgeHooks.class:14.23.5.2860]
	at net.minecraftforge.common.ForgeHooks.loadAdvancements(ForgeHooks.java:1326) [ForgeHooks.class:14.23.5.2860]
	at com.tmtravlr.additions.addon.advancements.ExtendedAdvancementManager.func_192779_a(ExtendedAdvancementManager.java:73) [ExtendedAdvancementManager.class:?]
	at com.tmtravlr.additions.addon.advancements.ExtendedAdvancementManager.<init>(ExtendedAdvancementManager.java:61) [ExtendedAdvancementManager.class:?]
	at com.tmtravlr.additions.addon.advancements.AddonAdvancementManager.replaceAdvancementManager(AddonAdvancementManager.java:24) [AddonAdvancementManager.class:?]
	at com.tmtravlr.additions.AdditionsMod.serverStarting(AdditionsMod.java:157) [AdditionsMod.class:?]
	at sun.reflect.NativeMethodAccessorImpl.invoke0(Native Method) ~[?:1.8.0_492]
	at sun.reflect.NativeMethodAccessorImpl.invoke(NativeMethodAccessorImpl.java:62) ~[?:1.8.0_492]
	at sun.reflect.DelegatingMethodAccessorImpl.invoke(DelegatingMethodAccessorImpl.java:43) ~[?:1.8.0_492]
	at java.lang.reflect.Method.invoke(Method.java:498) ~[?:1.8.0_492]
	at net.minecraftforge.fml.common.FMLModContainer.handleModStateEvent(FMLModContainer.java:637) [FMLModContainer.class:?]
	at sun.reflect.GeneratedMethodAccessor13.invoke(Unknown Source) ~[?:?]
	at sun.reflect.DelegatingMethodAccessorImpl.invoke(DelegatingMethodAccessorImpl.java:43) ~[?:1.8.0_492]
	at java.lang.reflect.Method.invoke(Method.java:498) ~[?:1.8.0_492]
	at com.google.common.eventbus.Subscriber.invokeSubscriberMethod(Subscriber.java:91) [minecraft_server.1.12.2.jar:?]
	at com.google.common.eventbus.Subscriber$SynchronizedSubscriber.invokeSubscriberMethod(Subscriber.java:150) [minecraft_server.1.12.2.jar:?]
	at com.google.common.eventbus.Subscriber$1.run(Subscriber.java:76) [minecraft_server.1.12.2.jar:?]
	at com.google.common.util.concurrent.MoreExecutors$DirectExecutor.execute(MoreExecutors.java:399) [minecraft_server.1.12.2.jar:?]
	at com.google.common.eventbus.Subscriber.dispatchEvent(Subscriber.java:71) [minecraft_server.1.12.2.jar:?]
	at com.google.common.eventbus.Dispatcher$PerThreadQueuedDispatcher.dispatch(Dispatcher.java:116) [minecraft_server.1.12.2.jar:?]
	at com.google.common.eventbus.EventBus.post(EventBus.java:217) [minecraft_server.1.12.2.jar:?]
	at net.minecraftforge.fml.common.LoadController.sendEventToModContainer(LoadController.java:219) [LoadController.class:?]
	at net.minecraftforge.fml.common.LoadController.propogateStateMessage(LoadController.java:197) [LoadController.class:?]
	at sun.reflect.NativeMethodAccessorImpl.invoke0(Native Method) ~[?:1.8.0_492]
	at sun.reflect.NativeMethodAccessorImpl.invoke(NativeMethodAccessorImpl.java:62) ~[?:1.8.0_492]
	at sun.reflect.DelegatingMethodAccessorImpl.invoke(DelegatingMethodAccessorImpl.java:43) ~[?:1.8.0_492]
	at java.lang.reflect.Method.invoke(Method.java:498) ~[?:1.8.0_492]
	at com.google.common.eventbus.Subscriber.invokeSubscriberMethod(Subscriber.java:91) [minecraft_server.1.12.2.jar:?]
	at com.google.common.eventbus.Subscriber$SynchronizedSubscriber.invokeSubscriberMethod(Subscriber.java:150) [minecraft_server.1.12.2.jar:?]
	at com.google.common.eventbus.Subscriber$1.run(Subscriber.java:76) [minecraft_server.1.12.2.jar:?]
	at com.google.common.util.concurrent.MoreExecutors$DirectExecutor.execute(MoreExecutors.java:399) [minecraft_server.1.12.2.jar:?]
	at com.google.common.eventbus.Subscriber.dispatchEvent(Subscriber.java:71) [minecraft_server.1.12.2.jar:?]
	at com.google.common.eventbus.Dispatcher$PerThreadQueuedDispatcher.dispatch(Dispatcher.java:116) [minecraft_server.1.12.2.jar:?]
	at com.google.common.eventbus.EventBus.post(EventBus.java:217) [minecraft_server.1.12.2.jar:?]
	at net.minecraftforge.fml.common.LoadController.distributeStateMessage(LoadController.java:136) [LoadController.class:?]
	at net.minecraftforge.fml.common.Loader.serverStarting(Loader.java:797) [Loader.class:?]
	at net.minecraftforge.fml.common.FMLCommonHandler.handleServerStarting(FMLCommonHandler.java:297) [FMLCommonHandler.class:?]
	at net.minecraft.server.dedicated.DedicatedServer.func_71197_b(DedicatedServer.java:307) [nz.class:?]
	at net.minecraft.server.MinecraftServer.run(MinecraftServer.java:486) [MinecraftServer.class:?]
	at java.lang.Thread.run(Thread.java:750) [?:1.8.0_492]
[23:21:47] [Server thread/ERROR] [FML]: Parsing error loading built-in advancement mujmajnkraftsbettersurvival:iron_battleaxe
com.google.gson.JsonSyntaxException: Unknown recipe 'mujmajnkraftsbettersurvival:iron_battleaxe'
	at net.minecraft.advancements.AdvancementRewards$Deserializer.deserialize(AdvancementRewards.java:171) ~[l$a.class:?]
	at net.minecraft.advancements.AdvancementRewards$Deserializer.deserialize(AdvancementRewards.java:147) ~[l$a.class:?]
	at com.google.gson.internal.bind.TreeTypeAdapter.read(TreeTypeAdapter.java:69) ~[TreeTypeAdapter.class:?]
	at com.google.gson.Gson.fromJson(Gson.java:887) ~[Gson.class:?]
	at com.google.gson.Gson.fromJson(Gson.java:952) ~[Gson.class:?]
	at com.google.gson.internal.bind.TreeTypeAdapter$GsonContextImpl.deserialize(TreeTypeAdapter.java:162) ~[TreeTypeAdapter$GsonContextImpl.class:?]
	at net.minecraft.util.JsonUtils.func_188179_a(SourceFile:439) ~[rc.class:?]
	at net.minecraft.util.JsonUtils.func_188177_a(SourceFile:455) ~[rc.class:?]
	at net.minecraft.advancements.Advancement$Builder.func_192059_a(SourceFile:203) ~[i$a.class:?]
	at net.minecraft.advancements.AdvancementManager$1.deserialize(AdvancementManager.java:50) ~[ns$1.class:?]
	at net.minecraft.advancements.AdvancementManager$1.deserialize(AdvancementManager.java:46) ~[ns$1.class:?]
	at com.google.gson.internal.bind.TreeTypeAdapter.read(TreeTypeAdapter.java:69) ~[TreeTypeAdapter.class:?]
	at net.minecraft.util.JsonUtils.func_188173_a(SourceFile:492) ~[rc.class:?]
	at net.minecraft.util.JsonUtils.func_188176_a(SourceFile:517) ~[rc.class:?]
	at net.minecraft.util.JsonUtils.func_188178_a(SourceFile:537) ~[rc.class:?]
	at net.minecraftforge.common.ForgeHooks.lambda$loadAdvancements$0(ForgeHooks.java:1381) ~[ForgeHooks.class:14.23.5.2860]
	at net.minecraftforge.common.crafting.CraftingHelper.findFiles(CraftingHelper.java:833) [CraftingHelper.class:?]
	at net.minecraftforge.common.ForgeHooks.loadAdvancements(ForgeHooks.java:1359) [ForgeHooks.class:14.23.5.2860]
	at net.minecraftforge.common.ForgeHooks.loadAdvancements(ForgeHooks.java:1326) [ForgeHooks.class:14.23.5.2860]
	at com.tmtravlr.additions.addon.advancements.ExtendedAdvancementManager.func_192779_a(ExtendedAdvancementManager.java:73) [ExtendedAdvancementManager.class:?]
	at com.tmtravlr.additions.addon.advancements.ExtendedAdvancementManager.<init>(ExtendedAdvancementManager.java:61) [ExtendedAdvancementManager.class:?]
	at com.tmtravlr.additions.addon.advancements.AddonAdvancementManager.replaceAdvancementManager(AddonAdvancementManager.java:24) [AddonAdvancementManager.class:?]
	at com.tmtravlr.additions.AdditionsMod.serverStarting(AdditionsMod.java:157) [AdditionsMod.class:?]
	at sun.reflect.NativeMethodAccessorImpl.invoke0(Native Method) ~[?:1.8.0_492]
	at sun.reflect.NativeMethodAccessorImpl.invoke(NativeMethodAccessorImpl.java:62) ~[?:1.8.0_492]
	at sun.reflect.DelegatingMethodAccessorImpl.invoke(DelegatingMethodAccessorImpl.java:43) ~[?:1.8.0_492]
	at java.lang.reflect.Method.invoke(Method.java:498) ~[?:1.8.0_492]
	at net.minecraftforge.fml.common.FMLModContainer.handleModStateEvent(FMLModContainer.java:637) [FMLModContainer.class:?]
	at sun.reflect.GeneratedMethodAccessor13.invoke(Unknown Source) ~[?:?]
	at sun.reflect.DelegatingMethodAccessorImpl.invoke(DelegatingMethodAccessorImpl.java:43) ~[?:1.8.0_492]
	at java.lang.reflect.Method.invoke(Method.java:498) ~[?:1.8.0_492]
	at com.google.common.eventbus.Subscriber.invokeSubscriberMethod(Subscriber.java:91) [minecraft_server.1.12.2.jar:?]
	at com.google.common.eventbus.Subscriber$SynchronizedSubscriber.invokeSubscriberMethod(Subscriber.java:150) [minecraft_server.1.12.2.jar:?]
	at com.google.common.eventbus.Subscriber$1.run(Subscriber.java:76) [minecraft_server.1.12.2.jar:?]
	at com.google.common.util.concurrent.MoreExecutors$DirectExecutor.execute(MoreExecutors.java:399) [minecraft_server.1.12.2.jar:?]
	at com.google.common.eventbus.Subscriber.dispatchEvent(Subscriber.java:71) [minecraft_server.1.12.2.jar:?]
	at com.google.common.eventbus.Dispatcher$PerThreadQueuedDispatcher.dispatch(Dispatcher.java:116) [minecraft_server.1.12.2.jar:?]
	at com.google.common.eventbus.EventBus.post(EventBus.java:217) [minecraft_server.1.12.2.jar:?]
	at net.minecraftforge.fml.common.LoadController.sendEventToModContainer(LoadController.java:219) [LoadController.class:?]
	at net.minecraftforge.fml.common.LoadController.propogateStateMessage(LoadController.java:197) [LoadController.class:?]
	at sun.reflect.NativeMethodAccessorImpl.invoke0(Native Method) ~[?:1.8.0_492]
	at sun.reflect.NativeMethodAccessorImpl.invoke(NativeMethodAccessorImpl.java:62) ~[?:1.8.0_492]
	at sun.reflect.DelegatingMethodAccessorImpl.invoke(DelegatingMethodAccessorImpl.java:43) ~[?:1.8.0_492]
	at java.lang.reflect.Method.invoke(Method.java:498) ~[?:1.8.0_492]
	at com.google.common.eventbus.Subscriber.invokeSubscriberMethod(Subscriber.java:91) [minecraft_server.1.12.2.jar:?]
	at com.google.common.eventbus.Subscriber$SynchronizedSubscriber.invokeSubscriberMethod(Subscriber.java:150) [minecraft_server.1.12.2.jar:?]
	at com.google.common.eventbus.Subscriber$1.run(Subscriber.java:76) [minecraft_server.1.12.2.jar:?]
	at com.google.common.util.concurrent.MoreExecutors$DirectExecutor.execute(MoreExecutors.java:399) [minecraft_server.1.12.2.jar:?]
	at com.google.common.eventbus.Subscriber.dispatchEvent(Subscriber.java:71) [minecraft_server.1.12.2.jar:?]
	at com.google.common.eventbus.Dispatcher$PerThreadQueuedDispatcher.dispatch(Dispatcher.java:116) [minecraft_server.1.12.2.jar:?]
	at com.google.common.eventbus.EventBus.post(EventBus.java:217) [minecraft_server.1.12.2.jar:?]
	at net.minecraftforge.fml.common.LoadController.distributeStateMessage(LoadController.java:136) [LoadController.class:?]
	at net.minecraftforge.fml.common.Loader.serverStarting(Loader.java:797) [Loader.class:?]
	at net.minecraftforge.fml.common.FMLCommonHandler.handleServerStarting(FMLCommonHandler.java:297) [FMLCommonHandler.class:?]
	at net.minecraft.server.dedicated.DedicatedServer.func_71197_b(DedicatedServer.java:307) [nz.class:?]
	at net.minecraft.server.MinecraftServer.run(MinecraftServer.java:486) [MinecraftServer.class:?]
	at java.lang.Thread.run(Thread.java:750) [?:1.8.0_492]
[23:21:47] [Server thread/ERROR] [FML]: Parsing error loading built-in advancement mujmajnkraftsbettersurvival:gold_spear
com.google.gson.JsonSyntaxException: Unknown recipe 'mujmajnkraftsbettersurvival:gold_spear'
	at net.minecraft.advancements.AdvancementRewards$Deserializer.deserialize(AdvancementRewards.java:171) ~[l$a.class:?]
	at net.minecraft.advancements.AdvancementRewards$Deserializer.deserialize(AdvancementRewards.java:147) ~[l$a.class:?]
	at com.google.gson.internal.bind.TreeTypeAdapter.read(TreeTypeAdapter.java:69) ~[TreeTypeAdapter.class:?]
	at com.google.gson.Gson.fromJson(Gson.java:887) ~[Gson.class:?]
	at com.google.gson.Gson.fromJson(Gson.java:952) ~[Gson.class:?]
	at com.google.gson.internal.bind.TreeTypeAdapter$GsonContextImpl.deserialize(TreeTypeAdapter.java:162) ~[TreeTypeAdapter$GsonContextImpl.class:?]
	at net.minecraft.util.JsonUtils.func_188179_a(SourceFile:439) ~[rc.class:?]
	at net.minecraft.util.JsonUtils.func_188177_a(SourceFile:455) ~[rc.class:?]
	at net.minecraft.advancements.Advancement$Builder.func_192059_a(SourceFile:203) ~[i$a.class:?]
	at net.minecraft.advancements.AdvancementManager$1.deserialize(AdvancementManager.java:50) ~[ns$1.class:?]
	at net.minecraft.advancements.AdvancementManager$1.deserialize(AdvancementManager.java:46) ~[ns$1.class:?]
	at com.google.gson.internal.bind.TreeTypeAdapter.read(TreeTypeAdapter.java:69) ~[TreeTypeAdapter.class:?]
	at net.minecraft.util.JsonUtils.func_188173_a(SourceFile:492) ~[rc.class:?]
	at net.minecraft.util.JsonUtils.func_188176_a(SourceFile:517) ~[rc.class:?]
	at net.minecraft.util.JsonUtils.func_188178_a(SourceFile:537) ~[rc.class:?]
	at net.minecraftforge.common.ForgeHooks.lambda$loadAdvancements$0(ForgeHooks.java:1381) ~[ForgeHooks.class:14.23.5.2860]
	at net.minecraftforge.common.crafting.CraftingHelper.findFiles(CraftingHelper.java:833) [CraftingHelper.class:?]
	at net.minecraftforge.common.ForgeHooks.loadAdvancements(ForgeHooks.java:1359) [ForgeHooks.class:14.23.5.2860]
	at net.minecraftforge.common.ForgeHooks.loadAdvancements(ForgeHooks.java:1326) [ForgeHooks.class:14.23.5.2860]
	at com.tmtravlr.additions.addon.advancements.ExtendedAdvancementManager.func_192779_a(ExtendedAdvancementManager.java:73) [ExtendedAdvancementManager.class:?]
	at com.tmtravlr.additions.addon.advancements.ExtendedAdvancementManager.<init>(ExtendedAdvancementManager.java:61) [ExtendedAdvancementManager.class:?]
	at com.tmtravlr.additions.addon.advancements.AddonAdvancementManager.replaceAdvancementManager(AddonAdvancementManager.java:24) [AddonAdvancementManager.class:?]
	at com.tmtravlr.additions.AdditionsMod.serverStarting(AdditionsMod.java:157) [AdditionsMod.class:?]
	at sun.reflect.NativeMethodAccessorImpl.invoke0(Native Method) ~[?:1.8.0_492]
	at sun.reflect.NativeMethodAccessorImpl.invoke(NativeMethodAccessorImpl.java:62) ~[?:1.8.0_492]
	at sun.reflect.DelegatingMethodAccessorImpl.invoke(DelegatingMethodAccessorImpl.java:43) ~[?:1.8.0_492]
	at java.lang.reflect.Method.invoke(Method.java:498) ~[?:1.8.0_492]
	at net.minecraftforge.fml.common.FMLModContainer.handleModStateEvent(FMLModContainer.java:637) [FMLModContainer.class:?]
	at sun.reflect.GeneratedMethodAccessor13.invoke(Unknown Source) ~[?:?]
	at sun.reflect.DelegatingMethodAccessorImpl.invoke(DelegatingMethodAccessorImpl.java:43) ~[?:1.8.0_492]
	at java.lang.reflect.Method.invoke(Method.java:498) ~[?:1.8.0_492]
	at com.google.common.eventbus.Subscriber.invokeSubscriberMethod(Subscriber.java:91) [minecraft_server.1.12.2.jar:?]
	at com.google.common.eventbus.Subscriber$SynchronizedSubscriber.invokeSubscriberMethod(Subscriber.java:150) [minecraft_server.1.12.2.jar:?]
	at com.google.common.eventbus.Subscriber$1.run(Subscriber.java:76) [minecraft_server.1.12.2.jar:?]
	at com.google.common.util.concurrent.MoreExecutors$DirectExecutor.execute(MoreExecutors.java:399) [minecraft_server.1.12.2.jar:?]
	at com.google.common.eventbus.Subscriber.dispatchEvent(Subscriber.java:71) [minecraft_server.1.12.2.jar:?]
	at com.google.common.eventbus.Dispatcher$PerThreadQueuedDispatcher.dispatch(Dispatcher.java:116) [minecraft_server.1.12.2.jar:?]
	at com.google.common.eventbus.EventBus.post(EventBus.java:217) [minecraft_server.1.12.2.jar:?]
	at net.minecraftforge.fml.common.LoadController.sendEventToModContainer(LoadController.java:219) [LoadController.class:?]
	at net.minecraftforge.fml.common.LoadController.propogateStateMessage(LoadController.java:197) [LoadController.class:?]
	at sun.reflect.NativeMethodAccessorImpl.invoke0(Native Method) ~[?:1.8.0_492]
	at sun.reflect.NativeMethodAccessorImpl.invoke(NativeMethodAccessorImpl.java:62) ~[?:1.8.0_492]
	at sun.reflect.DelegatingMethodAccessorImpl.invoke(DelegatingMethodAccessorImpl.java:43) ~[?:1.8.0_492]
	at java.lang.reflect.Method.invoke(Method.java:498) ~[?:1.8.0_492]
	at com.google.common.eventbus.Subscriber.invokeSubscriberMethod(Subscriber.java:91) [minecraft_server.1.12.2.jar:?]
	at com.google.common.eventbus.Subscriber$SynchronizedSubscriber.invokeSubscriberMethod(Subscriber.java:150) [minecraft_server.1.12.2.jar:?]
	at com.google.common.eventbus.Subscriber$1.run(Subscriber.java:76) [minecraft_server.1.12.2.jar:?]
	at com.google.common.util.concurrent.MoreExecutors$DirectExecutor.execute(MoreExecutors.java:399) [minecraft_server.1.12.2.jar:?]
	at com.google.common.eventbus.Subscriber.dispatchEvent(Subscriber.java:71) [minecraft_server.1.12.2.jar:?]
	at com.google.common.eventbus.Dispatcher$PerThreadQueuedDispatcher.dispatch(Dispatcher.java:116) [minecraft_server.1.12.2.jar:?]
	at com.google.common.eventbus.EventBus.post(EventBus.java:217) [minecraft_server.1.12.2.jar:?]
	at net.minecraftforge.fml.common.LoadController.distributeStateMessage(LoadController.java:136) [LoadController.class:?]
	at net.minecraftforge.fml.common.Loader.serverStarting(Loader.java:797) [Loader.class:?]
	at net.minecraftforge.fml.common.FMLCommonHandler.handleServerStarting(FMLCommonHandler.java:297) [FMLCommonHandler.class:?]
	at net.minecraft.server.dedicated.DedicatedServer.func_71197_b(DedicatedServer.java:307) [nz.class:?]
	at net.minecraft.server.MinecraftServer.run(MinecraftServer.java:486) [MinecraftServer.class:?]
	at java.lang.Thread.run(Thread.java:750) [?:1.8.0_492]
[23:21:47] [Server thread/ERROR] [FML]: Parsing error loading built-in advancement mujmajnkraftsbettersurvival:gold_hammer
com.google.gson.JsonSyntaxException: Unknown recipe 'mujmajnkraftsbettersurvival:gold_hammer'
	at net.minecraft.advancements.AdvancementRewards$Deserializer.deserialize(AdvancementRewards.java:171) ~[l$a.class:?]
	at net.minecraft.advancements.AdvancementRewards$Deserializer.deserialize(AdvancementRewards.java:147) ~[l$a.class:?]
	at com.google.gson.internal.bind.TreeTypeAdapter.read(TreeTypeAdapter.java:69) ~[TreeTypeAdapter.class:?]
	at com.google.gson.Gson.fromJson(Gson.java:887) ~[Gson.class:?]
	at com.google.gson.Gson.fromJson(Gson.java:952) ~[Gson.class:?]
	at com.google.gson.internal.bind.TreeTypeAdapter$GsonContextImpl.deserialize(TreeTypeAdapter.java:162) ~[TreeTypeAdapter$GsonContextImpl.class:?]
	at net.minecraft.util.JsonUtils.func_188179_a(SourceFile:439) ~[rc.class:?]
	at net.minecraft.util.JsonUtils.func_188177_a(SourceFile:455) ~[rc.class:?]
	at net.minecraft.advancements.Advancement$Builder.func_192059_a(SourceFile:203) ~[i$a.class:?]
	at net.minecraft.advancements.AdvancementManager$1.deserialize(AdvancementManager.java:50) ~[ns$1.class:?]
	at net.minecraft.advancements.AdvancementManager$1.deserialize(AdvancementManager.java:46) ~[ns$1.class:?]
	at com.google.gson.internal.bind.TreeTypeAdapter.read(TreeTypeAdapter.java:69) ~[TreeTypeAdapter.class:?]
	at net.minecraft.util.JsonUtils.func_188173_a(SourceFile:492) ~[rc.class:?]
	at net.minecraft.util.JsonUtils.func_188176_a(SourceFile:517) ~[rc.class:?]
	at net.minecraft.util.JsonUtils.func_188178_a(SourceFile:537) ~[rc.class:?]
	at net.minecraftforge.common.ForgeHooks.lambda$loadAdvancements$0(ForgeHooks.java:1381) ~[ForgeHooks.class:14.23.5.2860]
	at net.minecraftforge.common.crafting.CraftingHelper.findFiles(CraftingHelper.java:833) [CraftingHelper.class:?]
	at net.minecraftforge.common.ForgeHooks.loadAdvancements(ForgeHooks.java:1359) [ForgeHooks.class:14.23.5.2860]
	at net.minecraftforge.common.ForgeHooks.loadAdvancements(ForgeHooks.java:1326) [ForgeHooks.class:14.23.5.2860]
	at com.tmtravlr.additions.addon.advancements.ExtendedAdvancementManager.func_192779_a(ExtendedAdvancementManager.java:73) [ExtendedAdvancementManager.class:?]
	at com.tmtravlr.additions.addon.advancements.ExtendedAdvancementManager.<init>(ExtendedAdvancementManager.java:61) [ExtendedAdvancementManager.class:?]
	at com.tmtravlr.additions.addon.advancements.AddonAdvancementManager.replaceAdvancementManager(AddonAdvancementManager.java:24) [AddonAdvancementManager.class:?]
	at com.tmtravlr.additions.AdditionsMod.serverStarting(AdditionsMod.java:157) [AdditionsMod.class:?]
	at sun.reflect.NativeMethodAccessorImpl.invoke0(Native Method) ~[?:1.8.0_492]
	at sun.reflect.NativeMethodAccessorImpl.invoke(NativeMethodAccessorImpl.java:62) ~[?:1.8.0_492]
	at sun.reflect.DelegatingMethodAccessorImpl.invoke(DelegatingMethodAccessorImpl.java:43) ~[?:1.8.0_492]
	at java.lang.reflect.Method.invoke(Method.java:498) ~[?:1.8.0_492]
	at net.minecraftforge.fml.common.FMLModContainer.handleModStateEvent(FMLModContainer.java:637) [FMLModContainer.class:?]
	at sun.reflect.GeneratedMethodAccessor13.invoke(Unknown Source) ~[?:?]
	at sun.reflect.DelegatingMethodAccessorImpl.invoke(DelegatingMethodAccessorImpl.java:43) ~[?:1.8.0_492]
	at java.lang.reflect.Method.invoke(Method.java:498) ~[?:1.8.0_492]
	at com.google.common.eventbus.Subscriber.invokeSubscriberMethod(Subscriber.java:91) [minecraft_server.1.12.2.jar:?]
	at com.google.common.eventbus.Subscriber$SynchronizedSubscriber.invokeSubscriberMethod(Subscriber.java:150) [minecraft_server.1.12.2.jar:?]
	at com.google.common.eventbus.Subscriber$1.run(Subscriber.java:76) [minecraft_server.1.12.2.jar:?]
	at com.google.common.util.concurrent.MoreExecutors$DirectExecutor.execute(MoreExecutors.java:399) [minecraft_server.1.12.2.jar:?]
	at com.google.common.eventbus.Subscriber.dispatchEvent(Subscriber.java:71) [minecraft_server.1.12.2.jar:?]
	at com.google.common.eventbus.Dispatcher$PerThreadQueuedDispatcher.dispatch(Dispatcher.java:116) [minecraft_server.1.12.2.jar:?]
	at com.google.common.eventbus.EventBus.post(EventBus.java:217) [minecraft_server.1.12.2.jar:?]
	at net.minecraftforge.fml.common.LoadController.sendEventToModContainer(LoadController.java:219) [LoadController.class:?]
	at net.minecraftforge.fml.common.LoadController.propogateStateMessage(LoadController.java:197) [LoadController.class:?]
	at sun.reflect.NativeMethodAccessorImpl.invoke0(Native Method) ~[?:1.8.0_492]
	at sun.reflect.NativeMethodAccessorImpl.invoke(NativeMethodAccessorImpl.java:62) ~[?:1.8.0_492]
	at sun.reflect.DelegatingMethodAccessorImpl.invoke(DelegatingMethodAccessorImpl.java:43) ~[?:1.8.0_492]
	at java.lang.reflect.Method.invoke(Method.java:498) ~[?:1.8.0_492]
	at com.google.common.eventbus.Subscriber.invokeSubscriberMethod(Subscriber.java:91) [minecraft_server.1.12.2.jar:?]
	at com.google.common.eventbus.Subscriber$SynchronizedSubscriber.invokeSubscriberMethod(Subscriber.java:150) [minecraft_server.1.12.2.jar:?]
	at com.google.common.eventbus.Subscriber$1.run(Subscriber.java:76) [minecraft_server.1.12.2.jar:?]
	at com.google.common.util.concurrent.MoreExecutors$DirectExecutor.execute(MoreExecutors.java:399) [minecraft_server.1.12.2.jar:?]
	at com.google.common.eventbus.Subscriber.dispatchEvent(Subscriber.java:71) [minecraft_server.1.12.2.jar:?]
	at com.google.common.eventbus.Dispatcher$PerThreadQueuedDispatcher.dispatch(Dispatcher.java:116) [minecraft_server.1.12.2.jar:?]
	at com.google.common.eventbus.EventBus.post(EventBus.java:217) [minecraft_server.1.12.2.jar:?]
	at net.minecraftforge.fml.common.LoadController.distributeStateMessage(LoadController.java:136) [LoadController.class:?]
	at net.minecraftforge.fml.common.Loader.serverStarting(Loader.java:797) [Loader.class:?]
	at net.minecraftforge.fml.common.FMLCommonHandler.handleServerStarting(FMLCommonHandler.java:297) [FMLCommonHandler.class:?]
	at net.minecraft.server.dedicated.DedicatedServer.func_71197_b(DedicatedServer.java:307) [nz.class:?]
	at net.minecraft.server.MinecraftServer.run(MinecraftServer.java:486) [MinecraftServer.class:?]
	at java.lang.Thread.run(Thread.java:750) [?:1.8.0_492]
[23:21:47] [Server thread/ERROR] [FML]: Parsing error loading built-in advancement mujmajnkraftsbettersurvival:gold_dagger
com.google.gson.JsonSyntaxException: Unknown recipe 'mujmajnkraftsbettersurvival:gold_dagger'
	at net.minecraft.advancements.AdvancementRewards$Deserializer.deserialize(AdvancementRewards.java:171) ~[l$a.class:?]
	at net.minecraft.advancements.AdvancementRewards$Deserializer.deserialize(AdvancementRewards.java:147) ~[l$a.class:?]
	at com.google.gson.internal.bind.TreeTypeAdapter.read(TreeTypeAdapter.java:69) ~[TreeTypeAdapter.class:?]
	at com.google.gson.Gson.fromJson(Gson.java:887) ~[Gson.class:?]
	at com.google.gson.Gson.fromJson(Gson.java:952) ~[Gson.class:?]
	at com.google.gson.internal.bind.TreeTypeAdapter$GsonContextImpl.deserialize(TreeTypeAdapter.java:162) ~[TreeTypeAdapter$GsonContextImpl.class:?]
	at net.minecraft.util.JsonUtils.func_188179_a(SourceFile:439) ~[rc.class:?]
	at net.minecraft.util.JsonUtils.func_188177_a(SourceFile:455) ~[rc.class:?]
	at net.minecraft.advancements.Advancement$Builder.func_192059_a(SourceFile:203) ~[i$a.class:?]
	at net.minecraft.advancements.AdvancementManager$1.deserialize(AdvancementManager.java:50) ~[ns$1.class:?]
	at net.minecraft.advancements.AdvancementManager$1.deserialize(AdvancementManager.java:46) ~[ns$1.class:?]
	at com.google.gson.internal.bind.TreeTypeAdapter.read(TreeTypeAdapter.java:69) ~[TreeTypeAdapter.class:?]
	at net.minecraft.util.JsonUtils.func_188173_a(SourceFile:492) ~[rc.class:?]
	at net.minecraft.util.JsonUtils.func_188176_a(SourceFile:517) ~[rc.class:?]
	at net.minecraft.util.JsonUtils.func_188178_a(SourceFile:537) ~[rc.class:?]
	at net.minecraftforge.common.ForgeHooks.lambda$loadAdvancements$0(ForgeHooks.java:1381) ~[ForgeHooks.class:14.23.5.2860]
	at net.minecraftforge.common.crafting.CraftingHelper.findFiles(CraftingHelper.java:833) [CraftingHelper.class:?]
	at net.minecraftforge.common.ForgeHooks.loadAdvancements(ForgeHooks.java:1359) [ForgeHooks.class:14.23.5.2860]
	at net.minecraftforge.common.ForgeHooks.loadAdvancements(ForgeHooks.java:1326) [ForgeHooks.class:14.23.5.2860]
	at com.tmtravlr.additions.addon.advancements.ExtendedAdvancementManager.func_192779_a(ExtendedAdvancementManager.java:73) [ExtendedAdvancementManager.class:?]
	at com.tmtravlr.additions.addon.advancements.ExtendedAdvancementManager.<init>(ExtendedAdvancementManager.java:61) [ExtendedAdvancementManager.class:?]
	at com.tmtravlr.additions.addon.advancements.AddonAdvancementManager.replaceAdvancementManager(AddonAdvancementManager.java:24) [AddonAdvancementManager.class:?]
	at com.tmtravlr.additions.AdditionsMod.serverStarting(AdditionsMod.java:157) [AdditionsMod.class:?]
	at sun.reflect.NativeMethodAccessorImpl.invoke0(Native Method) ~[?:1.8.0_492]
	at sun.reflect.NativeMethodAccessorImpl.invoke(NativeMethodAccessorImpl.java:62) ~[?:1.8.0_492]
	at sun.reflect.DelegatingMethodAccessorImpl.invoke(DelegatingMethodAccessorImpl.java:43) ~[?:1.8.0_492]
	at java.lang.reflect.Method.invoke(Method.java:498) ~[?:1.8.0_492]
	at net.minecraftforge.fml.common.FMLModContainer.handleModStateEvent(FMLModContainer.java:637) [FMLModContainer.class:?]
	at sun.reflect.GeneratedMethodAccessor13.invoke(Unknown Source) ~[?:?]
	at sun.reflect.DelegatingMethodAccessorImpl.invoke(DelegatingMethodAccessorImpl.java:43) ~[?:1.8.0_492]
	at java.lang.reflect.Method.invoke(Method.java:498) ~[?:1.8.0_492]
	at com.google.common.eventbus.Subscriber.invokeSubscriberMethod(Subscriber.java:91) [minecraft_server.1.12.2.jar:?]
	at com.google.common.eventbus.Subscriber$SynchronizedSubscriber.invokeSubscriberMethod(Subscriber.java:150) [minecraft_server.1.12.2.jar:?]
	at com.google.common.eventbus.Subscriber$1.run(Subscriber.java:76) [minecraft_server.1.12.2.jar:?]
	at com.google.common.util.concurrent.MoreExecutors$DirectExecutor.execute(MoreExecutors.java:399) [minecraft_server.1.12.2.jar:?]
	at com.google.common.eventbus.Subscriber.dispatchEvent(Subscriber.java:71) [minecraft_server.1.12.2.jar:?]
	at com.google.common.eventbus.Dispatcher$PerThreadQueuedDispatcher.dispatch(Dispatcher.java:116) [minecraft_server.1.12.2.jar:?]
	at com.google.common.eventbus.EventBus.post(EventBus.java:217) [minecraft_server.1.12.2.jar:?]
	at net.minecraftforge.fml.common.LoadController.sendEventToModContainer(LoadController.java:219) [LoadController.class:?]
	at net.minecraftforge.fml.common.LoadController.propogateStateMessage(LoadController.java:197) [LoadController.class:?]
	at sun.reflect.NativeMethodAccessorImpl.invoke0(Native Method) ~[?:1.8.0_492]
	at sun.reflect.NativeMethodAccessorImpl.invoke(NativeMethodAccessorImpl.java:62) ~[?:1.8.0_492]
	at sun.reflect.DelegatingMethodAccessorImpl.invoke(DelegatingMethodAccessorImpl.java:43) ~[?:1.8.0_492]
	at java.lang.reflect.Method.invoke(Method.java:498) ~[?:1.8.0_492]
	at com.google.common.eventbus.Subscriber.invokeSubscriberMethod(Subscriber.java:91) [minecraft_server.1.12.2.jar:?]
	at com.google.common.eventbus.Subscriber$SynchronizedSubscriber.invokeSubscriberMethod(Subscriber.java:150) [minecraft_server.1.12.2.jar:?]
	at com.google.common.eventbus.Subscriber$1.run(Subscriber.java:76) [minecraft_server.1.12.2.jar:?]
	at com.google.common.util.concurrent.MoreExecutors$DirectExecutor.execute(MoreExecutors.java:399) [minecraft_server.1.12.2.jar:?]
	at com.google.common.eventbus.Subscriber.dispatchEvent(Subscriber.java:71) [minecraft_server.1.12.2.jar:?]
	at com.google.common.eventbus.Dispatcher$PerThreadQueuedDispatcher.dispatch(Dispatcher.java:116) [minecraft_server.1.12.2.jar:?]
	at com.google.common.eventbus.EventBus.post(EventBus.java:217) [minecraft_server.1.12.2.jar:?]
	at net.minecraftforge.fml.common.LoadController.distributeStateMessage(LoadController.java:136) [LoadController.class:?]
	at net.minecraftforge.fml.common.Loader.serverStarting(Loader.java:797) [Loader.class:?]
	at net.minecraftforge.fml.common.FMLCommonHandler.handleServerStarting(FMLCommonHandler.java:297) [FMLCommonHandler.class:?]
	at net.minecraft.server.dedicated.DedicatedServer.func_71197_b(DedicatedServer.java:307) [nz.class:?]
	at net.minecraft.server.MinecraftServer.run(MinecraftServer.java:486) [MinecraftServer.class:?]
	at java.lang.Thread.run(Thread.java:750) [?:1.8.0_492]
[23:21:47] [Server thread/ERROR] [FML]: Parsing error loading built-in advancement mujmajnkraftsbettersurvival:gold_battleaxe
com.google.gson.JsonSyntaxException: Unknown recipe 'mujmajnkraftsbettersurvival:gold_battleaxe'
	at net.minecraft.advancements.AdvancementRewards$Deserializer.deserialize(AdvancementRewards.java:171) ~[l$a.class:?]
	at net.minecraft.advancements.AdvancementRewards$Deserializer.deserialize(AdvancementRewards.java:147) ~[l$a.class:?]
	at com.google.gson.internal.bind.TreeTypeAdapter.read(TreeTypeAdapter.java:69) ~[TreeTypeAdapter.class:?]
	at com.google.gson.Gson.fromJson(Gson.java:887) ~[Gson.class:?]
	at com.google.gson.Gson.fromJson(Gson.java:952) ~[Gson.class:?]
	at com.google.gson.internal.bind.TreeTypeAdapter$GsonContextImpl.deserialize(TreeTypeAdapter.java:162) ~[TreeTypeAdapter$GsonContextImpl.class:?]
	at net.minecraft.util.JsonUtils.func_188179_a(SourceFile:439) ~[rc.class:?]
	at net.minecraft.util.JsonUtils.func_188177_a(SourceFile:455) ~[rc.class:?]
	at net.minecraft.advancements.Advancement$Builder.func_192059_a(SourceFile:203) ~[i$a.class:?]
	at net.minecraft.advancements.AdvancementManager$1.deserialize(AdvancementManager.java:50) ~[ns$1.class:?]
	at net.minecraft.advancements.AdvancementManager$1.deserialize(AdvancementManager.java:46) ~[ns$1.class:?]
	at com.google.gson.internal.bind.TreeTypeAdapter.read(TreeTypeAdapter.java:69) ~[TreeTypeAdapter.class:?]
	at net.minecraft.util.JsonUtils.func_188173_a(SourceFile:492) ~[rc.class:?]
	at net.minecraft.util.JsonUtils.func_188176_a(SourceFile:517) ~[rc.class:?]
	at net.minecraft.util.JsonUtils.func_188178_a(SourceFile:537) ~[rc.class:?]
	at net.minecraftforge.common.ForgeHooks.lambda$loadAdvancements$0(ForgeHooks.java:1381) ~[ForgeHooks.class:14.23.5.2860]
	at net.minecraftforge.common.crafting.CraftingHelper.findFiles(CraftingHelper.java:833) [CraftingHelper.class:?]
	at net.minecraftforge.common.ForgeHooks.loadAdvancements(ForgeHooks.java:1359) [ForgeHooks.class:14.23.5.2860]
	at net.minecraftforge.common.ForgeHooks.loadAdvancements(ForgeHooks.java:1326) [ForgeHooks.class:14.23.5.2860]
	at com.tmtravlr.additions.addon.advancements.ExtendedAdvancementManager.func_192779_a(ExtendedAdvancementManager.java:73) [ExtendedAdvancementManager.class:?]
	at com.tmtravlr.additions.addon.advancements.ExtendedAdvancementManager.<init>(ExtendedAdvancementManager.java:61) [ExtendedAdvancementManager.class:?]
	at com.tmtravlr.additions.addon.advancements.AddonAdvancementManager.replaceAdvancementManager(AddonAdvancementManager.java:24) [AddonAdvancementManager.class:?]
	at com.tmtravlr.additions.AdditionsMod.serverStarting(AdditionsMod.java:157) [AdditionsMod.class:?]
	at sun.reflect.NativeMethodAccessorImpl.invoke0(Native Method) ~[?:1.8.0_492]
	at sun.reflect.NativeMethodAccessorImpl.invoke(NativeMethodAccessorImpl.java:62) ~[?:1.8.0_492]
	at sun.reflect.DelegatingMethodAccessorImpl.invoke(DelegatingMethodAccessorImpl.java:43) ~[?:1.8.0_492]
	at java.lang.reflect.Method.invoke(Method.java:498) ~[?:1.8.0_492]
	at net.minecraftforge.fml.common.FMLModContainer.handleModStateEvent(FMLModContainer.java:637) [FMLModContainer.class:?]
	at sun.reflect.GeneratedMethodAccessor13.invoke(Unknown Source) ~[?:?]
	at sun.reflect.DelegatingMethodAccessorImpl.invoke(DelegatingMethodAccessorImpl.java:43) ~[?:1.8.0_492]
	at java.lang.reflect.Method.invoke(Method.java:498) ~[?:1.8.0_492]
	at com.google.common.eventbus.Subscriber.invokeSubscriberMethod(Subscriber.java:91) [minecraft_server.1.12.2.jar:?]
	at com.google.common.eventbus.Subscriber$SynchronizedSubscriber.invokeSubscriberMethod(Subscriber.java:150) [minecraft_server.1.12.2.jar:?]
	at com.google.common.eventbus.Subscriber$1.run(Subscriber.java:76) [minecraft_server.1.12.2.jar:?]
	at com.google.common.util.concurrent.MoreExecutors$DirectExecutor.execute(MoreExecutors.java:399) [minecraft_server.1.12.2.jar:?]
	at com.google.common.eventbus.Subscriber.dispatchEvent(Subscriber.java:71) [minecraft_server.1.12.2.jar:?]
	at com.google.common.eventbus.Dispatcher$PerThreadQueuedDispatcher.dispatch(Dispatcher.java:116) [minecraft_server.1.12.2.jar:?]
	at com.google.common.eventbus.EventBus.post(EventBus.java:217) [minecraft_server.1.12.2.jar:?]
	at net.minecraftforge.fml.common.LoadController.sendEventToModContainer(LoadController.java:219) [LoadController.class:?]
	at net.minecraftforge.fml.common.LoadController.propogateStateMessage(LoadController.java:197) [LoadController.class:?]
	at sun.reflect.NativeMethodAccessorImpl.invoke0(Native Method) ~[?:1.8.0_492]
	at sun.reflect.NativeMethodAccessorImpl.invoke(NativeMethodAccessorImpl.java:62) ~[?:1.8.0_492]
	at sun.reflect.DelegatingMethodAccessorImpl.invoke(DelegatingMethodAccessorImpl.java:43) ~[?:1.8.0_492]
	at java.lang.reflect.Method.invoke(Method.java:498) ~[?:1.8.0_492]
	at com.google.common.eventbus.Subscriber.invokeSubscriberMethod(Subscriber.java:91) [minecraft_server.1.12.2.jar:?]
	at com.google.common.eventbus.Subscriber$SynchronizedSubscriber.invokeSubscriberMethod(Subscriber.java:150) [minecraft_server.1.12.2.jar:?]
	at com.google.common.eventbus.Subscriber$1.run(Subscriber.java:76) [minecraft_server.1.12.2.jar:?]
	at com.google.common.util.concurrent.MoreExecutors$DirectExecutor.execute(MoreExecutors.java:399) [minecraft_server.1.12.2.jar:?]
	at com.google.common.eventbus.Subscriber.dispatchEvent(Subscriber.java:71) [minecraft_server.1.12.2.jar:?]
	at com.google.common.eventbus.Dispatcher$PerThreadQueuedDispatcher.dispatch(Dispatcher.java:116) [minecraft_server.1.12.2.jar:?]
	at com.google.common.eventbus.EventBus.post(EventBus.java:217) [minecraft_server.1.12.2.jar:?]
	at net.minecraftforge.fml.common.LoadController.distributeStateMessage(LoadController.java:136) [LoadController.class:?]
	at net.minecraftforge.fml.common.Loader.serverStarting(Loader.java:797) [Loader.class:?]
	at net.minecraftforge.fml.common.FMLCommonHandler.handleServerStarting(FMLCommonHandler.java:297) [FMLCommonHandler.class:?]
	at net.minecraft.server.dedicated.DedicatedServer.func_71197_b(DedicatedServer.java:307) [nz.class:?]
	at net.minecraft.server.MinecraftServer.run(MinecraftServer.java:486) [MinecraftServer.class:?]
	at java.lang.Thread.run(Thread.java:750) [?:1.8.0_492]
[23:21:47] [Server thread/ERROR] [FML]: Parsing error loading built-in advancement mujmajnkraftsbettersurvival:diamond_spear
com.google.gson.JsonSyntaxException: Unknown recipe 'mujmajnkraftsbettersurvival:diamond_spear'
	at net.minecraft.advancements.AdvancementRewards$Deserializer.deserialize(AdvancementRewards.java:171) ~[l$a.class:?]
	at net.minecraft.advancements.AdvancementRewards$Deserializer.deserialize(AdvancementRewards.java:147) ~[l$a.class:?]
	at com.google.gson.internal.bind.TreeTypeAdapter.read(TreeTypeAdapter.java:69) ~[TreeTypeAdapter.class:?]
	at com.google.gson.Gson.fromJson(Gson.java:887) ~[Gson.class:?]
	at com.google.gson.Gson.fromJson(Gson.java:952) ~[Gson.class:?]
	at com.google.gson.internal.bind.TreeTypeAdapter$GsonContextImpl.deserialize(TreeTypeAdapter.java:162) ~[TreeTypeAdapter$GsonContextImpl.class:?]
	at net.minecraft.util.JsonUtils.func_188179_a(SourceFile:439) ~[rc.class:?]
	at net.minecraft.util.JsonUtils.func_188177_a(SourceFile:455) ~[rc.class:?]
	at net.minecraft.advancements.Advancement$Builder.func_192059_a(SourceFile:203) ~[i$a.class:?]
	at net.minecraft.advancements.AdvancementManager$1.deserialize(AdvancementManager.java:50) ~[ns$1.class:?]
	at net.minecraft.advancements.AdvancementManager$1.deserialize(AdvancementManager.java:46) ~[ns$1.class:?]
	at com.google.gson.internal.bind.TreeTypeAdapter.read(TreeTypeAdapter.java:69) ~[TreeTypeAdapter.class:?]
	at net.minecraft.util.JsonUtils.func_188173_a(SourceFile:492) ~[rc.class:?]
	at net.minecraft.util.JsonUtils.func_188176_a(SourceFile:517) ~[rc.class:?]
	at net.minecraft.util.JsonUtils.func_188178_a(SourceFile:537) ~[rc.class:?]
	at net.minecraftforge.common.ForgeHooks.lambda$loadAdvancements$0(ForgeHooks.java:1381) ~[ForgeHooks.class:14.23.5.2860]
	at net.minecraftforge.common.crafting.CraftingHelper.findFiles(CraftingHelper.java:833) [CraftingHelper.class:?]
	at net.minecraftforge.common.ForgeHooks.loadAdvancements(ForgeHooks.java:1359) [ForgeHooks.class:14.23.5.2860]
	at net.minecraftforge.common.ForgeHooks.loadAdvancements(ForgeHooks.java:1326) [ForgeHooks.class:14.23.5.2860]
	at com.tmtravlr.additions.addon.advancements.ExtendedAdvancementManager.func_192779_a(ExtendedAdvancementManager.java:73) [ExtendedAdvancementManager.class:?]
	at com.tmtravlr.additions.addon.advancements.ExtendedAdvancementManager.<init>(ExtendedAdvancementManager.java:61) [ExtendedAdvancementManager.class:?]
	at com.tmtravlr.additions.addon.advancements.AddonAdvancementManager.replaceAdvancementManager(AddonAdvancementManager.java:24) [AddonAdvancementManager.class:?]
	at com.tmtravlr.additions.AdditionsMod.serverStarting(AdditionsMod.java:157) [AdditionsMod.class:?]
	at sun.reflect.NativeMethodAccessorImpl.invoke0(Native Method) ~[?:1.8.0_492]
	at sun.reflect.NativeMethodAccessorImpl.invoke(NativeMethodAccessorImpl.java:62) ~[?:1.8.0_492]
	at sun.reflect.DelegatingMethodAccessorImpl.invoke(DelegatingMethodAccessorImpl.java:43) ~[?:1.8.0_492]
	at java.lang.reflect.Method.invoke(Method.java:498) ~[?:1.8.0_492]
	at net.minecraftforge.fml.common.FMLModContainer.handleModStateEvent(FMLModContainer.java:637) [FMLModContainer.class:?]
	at sun.reflect.GeneratedMethodAccessor13.invoke(Unknown Source) ~[?:?]
	at sun.reflect.DelegatingMethodAccessorImpl.invoke(DelegatingMethodAccessorImpl.java:43) ~[?:1.8.0_492]
	at java.lang.reflect.Method.invoke(Method.java:498) ~[?:1.8.0_492]
	at com.google.common.eventbus.Subscriber.invokeSubscriberMethod(Subscriber.java:91) [minecraft_server.1.12.2.jar:?]
	at com.google.common.eventbus.Subscriber$SynchronizedSubscriber.invokeSubscriberMethod(Subscriber.java:150) [minecraft_server.1.12.2.jar:?]
	at com.google.common.eventbus.Subscriber$1.run(Subscriber.java:76) [minecraft_server.1.12.2.jar:?]
	at com.google.common.util.concurrent.MoreExecutors$DirectExecutor.execute(MoreExecutors.java:399) [minecraft_server.1.12.2.jar:?]
	at com.google.common.eventbus.Subscriber.dispatchEvent(Subscriber.java:71) [minecraft_server.1.12.2.jar:?]
	at com.google.common.eventbus.Dispatcher$PerThreadQueuedDispatcher.dispatch(Dispatcher.java:116) [minecraft_server.1.12.2.jar:?]
	at com.google.common.eventbus.EventBus.post(EventBus.java:217) [minecraft_server.1.12.2.jar:?]
	at net.minecraftforge.fml.common.LoadController.sendEventToModContainer(LoadController.java:219) [LoadController.class:?]
	at net.minecraftforge.fml.common.LoadController.propogateStateMessage(LoadController.java:197) [LoadController.class:?]
	at sun.reflect.NativeMethodAccessorImpl.invoke0(Native Method) ~[?:1.8.0_492]
	at sun.reflect.NativeMethodAccessorImpl.invoke(NativeMethodAccessorImpl.java:62) ~[?:1.8.0_492]
	at sun.reflect.DelegatingMethodAccessorImpl.invoke(DelegatingMethodAccessorImpl.java:43) ~[?:1.8.0_492]
	at java.lang.reflect.Method.invoke(Method.java:498) ~[?:1.8.0_492]
	at com.google.common.eventbus.Subscriber.invokeSubscriberMethod(Subscriber.java:91) [minecraft_server.1.12.2.jar:?]
	at com.google.common.eventbus.Subscriber$SynchronizedSubscriber.invokeSubscriberMethod(Subscriber.java:150) [minecraft_server.1.12.2.jar:?]
	at com.google.common.eventbus.Subscriber$1.run(Subscriber.java:76) [minecraft_server.1.12.2.jar:?]
	at com.google.common.util.concurrent.MoreExecutors$DirectExecutor.execute(MoreExecutors.java:399) [minecraft_server.1.12.2.jar:?]
	at com.google.common.eventbus.Subscriber.dispatchEvent(Subscriber.java:71) [minecraft_server.1.12.2.jar:?]
	at com.google.common.eventbus.Dispatcher$PerThreadQueuedDispatcher.dispatch(Dispatcher.java:116) [minecraft_server.1.12.2.jar:?]
	at com.google.common.eventbus.EventBus.post(EventBus.java:217) [minecraft_server.1.12.2.jar:?]
	at net.minecraftforge.fml.common.LoadController.distributeStateMessage(LoadController.java:136) [LoadController.class:?]
	at net.minecraftforge.fml.common.Loader.serverStarting(Loader.java:797) [Loader.class:?]
	at net.minecraftforge.fml.common.FMLCommonHandler.handleServerStarting(FMLCommonHandler.java:297) [FMLCommonHandler.class:?]
	at net.minecraft.server.dedicated.DedicatedServer.func_71197_b(DedicatedServer.java:307) [nz.class:?]
	at net.minecraft.server.MinecraftServer.run(MinecraftServer.java:486) [MinecraftServer.class:?]
	at java.lang.Thread.run(Thread.java:750) [?:1.8.0_492]
[23:21:47] [Server thread/ERROR] [FML]: Parsing error loading built-in advancement mujmajnkraftsbettersurvival:diamond_hammer
com.google.gson.JsonSyntaxException: Unknown recipe 'mujmajnkraftsbettersurvival:diamond_hammer'
	at net.minecraft.advancements.AdvancementRewards$Deserializer.deserialize(AdvancementRewards.java:171) ~[l$a.class:?]
	at net.minecraft.advancements.AdvancementRewards$Deserializer.deserialize(AdvancementRewards.java:147) ~[l$a.class:?]
	at com.google.gson.internal.bind.TreeTypeAdapter.read(TreeTypeAdapter.java:69) ~[TreeTypeAdapter.class:?]
	at com.google.gson.Gson.fromJson(Gson.java:887) ~[Gson.class:?]
	at com.google.gson.Gson.fromJson(Gson.java:952) ~[Gson.class:?]
	at com.google.gson.internal.bind.TreeTypeAdapter$GsonContextImpl.deserialize(TreeTypeAdapter.java:162) ~[TreeTypeAdapter$GsonContextImpl.class:?]
	at net.minecraft.util.JsonUtils.func_188179_a(SourceFile:439) ~[rc.class:?]
	at net.minecraft.util.JsonUtils.func_188177_a(SourceFile:455) ~[rc.class:?]
	at net.minecraft.advancements.Advancement$Builder.func_192059_a(SourceFile:203) ~[i$a.class:?]
	at net.minecraft.advancements.AdvancementManager$1.deserialize(AdvancementManager.java:50) ~[ns$1.class:?]
	at net.minecraft.advancements.AdvancementManager$1.deserialize(AdvancementManager.java:46) ~[ns$1.class:?]
	at com.google.gson.internal.bind.TreeTypeAdapter.read(TreeTypeAdapter.java:69) ~[TreeTypeAdapter.class:?]
	at net.minecraft.util.JsonUtils.func_188173_a(SourceFile:492) ~[rc.class:?]
	at net.minecraft.util.JsonUtils.func_188176_a(SourceFile:517) ~[rc.class:?]
	at net.minecraft.util.JsonUtils.func_188178_a(SourceFile:537) ~[rc.class:?]
	at net.minecraftforge.common.ForgeHooks.lambda$loadAdvancements$0(ForgeHooks.java:1381) ~[ForgeHooks.class:14.23.5.2860]
	at net.minecraftforge.common.crafting.CraftingHelper.findFiles(CraftingHelper.java:833) [CraftingHelper.class:?]
	at net.minecraftforge.common.ForgeHooks.loadAdvancements(ForgeHooks.java:1359) [ForgeHooks.class:14.23.5.2860]
	at net.minecraftforge.common.ForgeHooks.loadAdvancements(ForgeHooks.java:1326) [ForgeHooks.class:14.23.5.2860]
	at com.tmtravlr.additions.addon.advancements.ExtendedAdvancementManager.func_192779_a(ExtendedAdvancementManager.java:73) [ExtendedAdvancementManager.class:?]
	at com.tmtravlr.additions.addon.advancements.ExtendedAdvancementManager.<init>(ExtendedAdvancementManager.java:61) [ExtendedAdvancementManager.class:?]
	at com.tmtravlr.additions.addon.advancements.AddonAdvancementManager.replaceAdvancementManager(AddonAdvancementManager.java:24) [AddonAdvancementManager.class:?]
	at com.tmtravlr.additions.AdditionsMod.serverStarting(AdditionsMod.java:157) [AdditionsMod.class:?]
	at sun.reflect.NativeMethodAccessorImpl.invoke0(Native Method) ~[?:1.8.0_492]
	at sun.reflect.NativeMethodAccessorImpl.invoke(NativeMethodAccessorImpl.java:62) ~[?:1.8.0_492]
	at sun.reflect.DelegatingMethodAccessorImpl.invoke(DelegatingMethodAccessorImpl.java:43) ~[?:1.8.0_492]
	at java.lang.reflect.Method.invoke(Method.java:498) ~[?:1.8.0_492]
	at net.minecraftforge.fml.common.FMLModContainer.handleModStateEvent(FMLModContainer.java:637) [FMLModContainer.class:?]
	at sun.reflect.GeneratedMethodAccessor13.invoke(Unknown Source) ~[?:?]
	at sun.reflect.DelegatingMethodAccessorImpl.invoke(DelegatingMethodAccessorImpl.java:43) ~[?:1.8.0_492]
	at java.lang.reflect.Method.invoke(Method.java:498) ~[?:1.8.0_492]
	at com.google.common.eventbus.Subscriber.invokeSubscriberMethod(Subscriber.java:91) [minecraft_server.1.12.2.jar:?]
	at com.google.common.eventbus.Subscriber$SynchronizedSubscriber.invokeSubscriberMethod(Subscriber.java:150) [minecraft_server.1.12.2.jar:?]
	at com.google.common.eventbus.Subscriber$1.run(Subscriber.java:76) [minecraft_server.1.12.2.jar:?]
	at com.google.common.util.concurrent.MoreExecutors$DirectExecutor.execute(MoreExecutors.java:399) [minecraft_server.1.12.2.jar:?]
	at com.google.common.eventbus.Subscriber.dispatchEvent(Subscriber.java:71) [minecraft_server.1.12.2.jar:?]
	at com.google.common.eventbus.Dispatcher$PerThreadQueuedDispatcher.dispatch(Dispatcher.java:116) [minecraft_server.1.12.2.jar:?]
	at com.google.common.eventbus.EventBus.post(EventBus.java:217) [minecraft_server.1.12.2.jar:?]
	at net.minecraftforge.fml.common.LoadController.sendEventToModContainer(LoadController.java:219) [LoadController.class:?]
	at net.minecraftforge.fml.common.LoadController.propogateStateMessage(LoadController.java:197) [LoadController.class:?]
	at sun.reflect.NativeMethodAccessorImpl.invoke0(Native Method) ~[?:1.8.0_492]
	at sun.reflect.NativeMethodAccessorImpl.invoke(NativeMethodAccessorImpl.java:62) ~[?:1.8.0_492]
	at sun.reflect.DelegatingMethodAccessorImpl.invoke(DelegatingMethodAccessorImpl.java:43) ~[?:1.8.0_492]
	at java.lang.reflect.Method.invoke(Method.java:498) ~[?:1.8.0_492]
	at com.google.common.eventbus.Subscriber.invokeSubscriberMethod(Subscriber.java:91) [minecraft_server.1.12.2.jar:?]
	at com.google.common.eventbus.Subscriber$SynchronizedSubscriber.invokeSubscriberMethod(Subscriber.java:150) [minecraft_server.1.12.2.jar:?]
	at com.google.common.eventbus.Subscriber$1.run(Subscriber.java:76) [minecraft_server.1.12.2.jar:?]
	at com.google.common.util.concurrent.MoreExecutors$DirectExecutor.execute(MoreExecutors.java:399) [minecraft_server.1.12.2.jar:?]
	at com.google.common.eventbus.Subscriber.dispatchEvent(Subscriber.java:71) [minecraft_server.1.12.2.jar:?]
	at com.google.common.eventbus.Dispatcher$PerThreadQueuedDispatcher.dispatch(Dispatcher.java:116) [minecraft_server.1.12.2.jar:?]
	at com.google.common.eventbus.EventBus.post(EventBus.java:217) [minecraft_server.1.12.2.jar:?]
	at net.minecraftforge.fml.common.LoadController.distributeStateMessage(LoadController.java:136) [LoadController.class:?]
	at net.minecraftforge.fml.common.Loader.serverStarting(Loader.java:797) [Loader.class:?]
	at net.minecraftforge.fml.common.FMLCommonHandler.handleServerStarting(FMLCommonHandler.java:297) [FMLCommonHandler.class:?]
	at net.minecraft.server.dedicated.DedicatedServer.func_71197_b(DedicatedServer.java:307) [nz.class:?]
	at net.minecraft.server.MinecraftServer.run(MinecraftServer.java:486) [MinecraftServer.class:?]
	at java.lang.Thread.run(Thread.java:750) [?:1.8.0_492]
[23:21:47] [Server thread/ERROR] [FML]: Parsing error loading built-in advancement mujmajnkraftsbettersurvival:diamond_dagger
com.google.gson.JsonSyntaxException: Unknown recipe 'mujmajnkraftsbettersurvival:diamond_dagger'
	at net.minecraft.advancements.AdvancementRewards$Deserializer.deserialize(AdvancementRewards.java:171) ~[l$a.class:?]
	at net.minecraft.advancements.AdvancementRewards$Deserializer.deserialize(AdvancementRewards.java:147) ~[l$a.class:?]
	at com.google.gson.internal.bind.TreeTypeAdapter.read(TreeTypeAdapter.java:69) ~[TreeTypeAdapter.class:?]
	at com.google.gson.Gson.fromJson(Gson.java:887) ~[Gson.class:?]
	at com.google.gson.Gson.fromJson(Gson.java:952) ~[Gson.class:?]
	at com.google.gson.internal.bind.TreeTypeAdapter$GsonContextImpl.deserialize(TreeTypeAdapter.java:162) ~[TreeTypeAdapter$GsonContextImpl.class:?]
	at net.minecraft.util.JsonUtils.func_188179_a(SourceFile:439) ~[rc.class:?]
	at net.minecraft.util.JsonUtils.func_188177_a(SourceFile:455) ~[rc.class:?]
	at net.minecraft.advancements.Advancement$Builder.func_192059_a(SourceFile:203) ~[i$a.class:?]
	at net.minecraft.advancements.AdvancementManager$1.deserialize(AdvancementManager.java:50) ~[ns$1.class:?]
	at net.minecraft.advancements.AdvancementManager$1.deserialize(AdvancementManager.java:46) ~[ns$1.class:?]
	at com.google.gson.internal.bind.TreeTypeAdapter.read(TreeTypeAdapter.java:69) ~[TreeTypeAdapter.class:?]
	at net.minecraft.util.JsonUtils.func_188173_a(SourceFile:492) ~[rc.class:?]
	at net.minecraft.util.JsonUtils.func_188176_a(SourceFile:517) ~[rc.class:?]
	at net.minecraft.util.JsonUtils.func_188178_a(SourceFile:537) ~[rc.class:?]
	at net.minecraftforge.common.ForgeHooks.lambda$loadAdvancements$0(ForgeHooks.java:1381) ~[ForgeHooks.class:14.23.5.2860]
	at net.minecraftforge.common.crafting.CraftingHelper.findFiles(CraftingHelper.java:833) [CraftingHelper.class:?]
	at net.minecraftforge.common.ForgeHooks.loadAdvancements(ForgeHooks.java:1359) [ForgeHooks.class:14.23.5.2860]
	at net.minecraftforge.common.ForgeHooks.loadAdvancements(ForgeHooks.java:1326) [ForgeHooks.class:14.23.5.2860]
	at com.tmtravlr.additions.addon.advancements.ExtendedAdvancementManager.func_192779_a(ExtendedAdvancementManager.java:73) [ExtendedAdvancementManager.class:?]
	at com.tmtravlr.additions.addon.advancements.ExtendedAdvancementManager.<init>(ExtendedAdvancementManager.java:61) [ExtendedAdvancementManager.class:?]
	at com.tmtravlr.additions.addon.advancements.AddonAdvancementManager.replaceAdvancementManager(AddonAdvancementManager.java:24) [AddonAdvancementManager.class:?]
	at com.tmtravlr.additions.AdditionsMod.serverStarting(AdditionsMod.java:157) [AdditionsMod.class:?]
	at sun.reflect.NativeMethodAccessorImpl.invoke0(Native Method) ~[?:1.8.0_492]
	at sun.reflect.NativeMethodAccessorImpl.invoke(NativeMethodAccessorImpl.java:62) ~[?:1.8.0_492]
	at sun.reflect.DelegatingMethodAccessorImpl.invoke(DelegatingMethodAccessorImpl.java:43) ~[?:1.8.0_492]
	at java.lang.reflect.Method.invoke(Method.java:498) ~[?:1.8.0_492]
	at net.minecraftforge.fml.common.FMLModContainer.handleModStateEvent(FMLModContainer.java:637) [FMLModContainer.class:?]
	at sun.reflect.GeneratedMethodAccessor13.invoke(Unknown Source) ~[?:?]
	at sun.reflect.DelegatingMethodAccessorImpl.invoke(DelegatingMethodAccessorImpl.java:43) ~[?:1.8.0_492]
	at java.lang.reflect.Method.invoke(Method.java:498) ~[?:1.8.0_492]
	at com.google.common.eventbus.Subscriber.invokeSubscriberMethod(Subscriber.java:91) [minecraft_server.1.12.2.jar:?]
	at com.google.common.eventbus.Subscriber$SynchronizedSubscriber.invokeSubscriberMethod(Subscriber.java:150) [minecraft_server.1.12.2.jar:?]
	at com.google.common.eventbus.Subscriber$1.run(Subscriber.java:76) [minecraft_server.1.12.2.jar:?]
	at com.google.common.util.concurrent.MoreExecutors$DirectExecutor.execute(MoreExecutors.java:399) [minecraft_server.1.12.2.jar:?]
	at com.google.common.eventbus.Subscriber.dispatchEvent(Subscriber.java:71) [minecraft_server.1.12.2.jar:?]
	at com.google.common.eventbus.Dispatcher$PerThreadQueuedDispatcher.dispatch(Dispatcher.java:116) [minecraft_server.1.12.2.jar:?]
	at com.google.common.eventbus.EventBus.post(EventBus.java:217) [minecraft_server.1.12.2.jar:?]
	at net.minecraftforge.fml.common.LoadController.sendEventToModContainer(LoadController.java:219) [LoadController.class:?]
	at net.minecraftforge.fml.common.LoadController.propogateStateMessage(LoadController.java:197) [LoadController.class:?]
	at sun.reflect.NativeMethodAccessorImpl.invoke0(Native Method) ~[?:1.8.0_492]
	at sun.reflect.NativeMethodAccessorImpl.invoke(NativeMethodAccessorImpl.java:62) ~[?:1.8.0_492]
	at sun.reflect.DelegatingMethodAccessorImpl.invoke(DelegatingMethodAccessorImpl.java:43) ~[?:1.8.0_492]
	at java.lang.reflect.Method.invoke(Method.java:498) ~[?:1.8.0_492]
	at com.google.common.eventbus.Subscriber.invokeSubscriberMethod(Subscriber.java:91) [minecraft_server.1.12.2.jar:?]
	at com.google.common.eventbus.Subscriber$SynchronizedSubscriber.invokeSubscriberMethod(Subscriber.java:150) [minecraft_server.1.12.2.jar:?]
	at com.google.common.eventbus.Subscriber$1.run(Subscriber.java:76) [minecraft_server.1.12.2.jar:?]
	at com.google.common.util.concurrent.MoreExecutors$DirectExecutor.execute(MoreExecutors.java:399) [minecraft_server.1.12.2.jar:?]
	at com.google.common.eventbus.Subscriber.dispatchEvent(Subscriber.java:71) [minecraft_server.1.12.2.jar:?]
	at com.google.common.eventbus.Dispatcher$PerThreadQueuedDispatcher.dispatch(Dispatcher.java:116) [minecraft_server.1.12.2.jar:?]
	at com.google.common.eventbus.EventBus.post(EventBus.java:217) [minecraft_server.1.12.2.jar:?]
	at net.minecraftforge.fml.common.LoadController.distributeStateMessage(LoadController.java:136) [LoadController.class:?]
	at net.minecraftforge.fml.common.Loader.serverStarting(Loader.java:797) [Loader.class:?]
	at net.minecraftforge.fml.common.FMLCommonHandler.handleServerStarting(FMLCommonHandler.java:297) [FMLCommonHandler.class:?]
	at net.minecraft.server.dedicated.DedicatedServer.func_71197_b(DedicatedServer.java:307) [nz.class:?]
	at net.minecraft.server.MinecraftServer.run(MinecraftServer.java:486) [MinecraftServer.class:?]
	at java.lang.Thread.run(Thread.java:750) [?:1.8.0_492]
[23:21:47] [Server thread/ERROR] [FML]: Parsing error loading built-in advancement mujmajnkraftsbettersurvival:diamond_battleaxe
com.google.gson.JsonSyntaxException: Unknown recipe 'mujmajnkraftsbettersurvival:diamond_battleaxe'
	at net.minecraft.advancements.AdvancementRewards$Deserializer.deserialize(AdvancementRewards.java:171) ~[l$a.class:?]
	at net.minecraft.advancements.AdvancementRewards$Deserializer.deserialize(AdvancementRewards.java:147) ~[l$a.class:?]
	at com.google.gson.internal.bind.TreeTypeAdapter.read(TreeTypeAdapter.java:69) ~[TreeTypeAdapter.class:?]
	at com.google.gson.Gson.fromJson(Gson.java:887) ~[Gson.class:?]
	at com.google.gson.Gson.fromJson(Gson.java:952) ~[Gson.class:?]
	at com.google.gson.internal.bind.TreeTypeAdapter$GsonContextImpl.deserialize(TreeTypeAdapter.java:162) ~[TreeTypeAdapter$GsonContextImpl.class:?]
	at net.minecraft.util.JsonUtils.func_188179_a(SourceFile:439) ~[rc.class:?]
	at net.minecraft.util.JsonUtils.func_188177_a(SourceFile:455) ~[rc.class:?]
	at net.minecraft.advancements.Advancement$Builder.func_192059_a(SourceFile:203) ~[i$a.class:?]
	at net.minecraft.advancements.AdvancementManager$1.deserialize(AdvancementManager.java:50) ~[ns$1.class:?]
	at net.minecraft.advancements.AdvancementManager$1.deserialize(AdvancementManager.java:46) ~[ns$1.class:?]
	at com.google.gson.internal.bind.TreeTypeAdapter.read(TreeTypeAdapter.java:69) ~[TreeTypeAdapter.class:?]
	at net.minecraft.util.JsonUtils.func_188173_a(SourceFile:492) ~[rc.class:?]
	at net.minecraft.util.JsonUtils.func_188176_a(SourceFile:517) ~[rc.class:?]
	at net.minecraft.util.JsonUtils.func_188178_a(SourceFile:537) ~[rc.class:?]
	at net.minecraftforge.common.ForgeHooks.lambda$loadAdvancements$0(ForgeHooks.java:1381) ~[ForgeHooks.class:14.23.5.2860]
	at net.minecraftforge.common.crafting.CraftingHelper.findFiles(CraftingHelper.java:833) [CraftingHelper.class:?]
	at net.minecraftforge.common.ForgeHooks.loadAdvancements(ForgeHooks.java:1359) [ForgeHooks.class:14.23.5.2860]
	at net.minecraftforge.common.ForgeHooks.loadAdvancements(ForgeHooks.java:1326) [ForgeHooks.class:14.23.5.2860]
	at com.tmtravlr.additions.addon.advancements.ExtendedAdvancementManager.func_192779_a(ExtendedAdvancementManager.java:73) [ExtendedAdvancementManager.class:?]
	at com.tmtravlr.additions.addon.advancements.ExtendedAdvancementManager.<init>(ExtendedAdvancementManager.java:61) [ExtendedAdvancementManager.class:?]
	at com.tmtravlr.additions.addon.advancements.AddonAdvancementManager.replaceAdvancementManager(AddonAdvancementManager.java:24) [AddonAdvancementManager.class:?]
	at com.tmtravlr.additions.AdditionsMod.serverStarting(AdditionsMod.java:157) [AdditionsMod.class:?]
	at sun.reflect.NativeMethodAccessorImpl.invoke0(Native Method) ~[?:1.8.0_492]
	at sun.reflect.NativeMethodAccessorImpl.invoke(NativeMethodAccessorImpl.java:62) ~[?:1.8.0_492]
	at sun.reflect.DelegatingMethodAccessorImpl.invoke(DelegatingMethodAccessorImpl.java:43) ~[?:1.8.0_492]
	at java.lang.reflect.Method.invoke(Method.java:498) ~[?:1.8.0_492]
	at net.minecraftforge.fml.common.FMLModContainer.handleModStateEvent(FMLModContainer.java:637) [FMLModContainer.class:?]
	at sun.reflect.GeneratedMethodAccessor13.invoke(Unknown Source) ~[?:?]
	at sun.reflect.DelegatingMethodAccessorImpl.invoke(DelegatingMethodAccessorImpl.java:43) ~[?:1.8.0_492]
	at java.lang.reflect.Method.invoke(Method.java:498) ~[?:1.8.0_492]
	at com.google.common.eventbus.Subscriber.invokeSubscriberMethod(Subscriber.java:91) [minecraft_server.1.12.2.jar:?]
	at com.google.common.eventbus.Subscriber$SynchronizedSubscriber.invokeSubscriberMethod(Subscriber.java:150) [minecraft_server.1.12.2.jar:?]
	at com.google.common.eventbus.Subscriber$1.run(Subscriber.java:76) [minecraft_server.1.12.2.jar:?]
	at com.google.common.util.concurrent.MoreExecutors$DirectExecutor.execute(MoreExecutors.java:399) [minecraft_server.1.12.2.jar:?]
	at com.google.common.eventbus.Subscriber.dispatchEvent(Subscriber.java:71) [minecraft_server.1.12.2.jar:?]
	at com.google.common.eventbus.Dispatcher$PerThreadQueuedDispatcher.dispatch(Dispatcher.java:116) [minecraft_server.1.12.2.jar:?]
	at com.google.common.eventbus.EventBus.post(EventBus.java:217) [minecraft_server.1.12.2.jar:?]
	at net.minecraftforge.fml.common.LoadController.sendEventToModContainer(LoadController.java:219) [LoadController.class:?]
	at net.minecraftforge.fml.common.LoadController.propogateStateMessage(LoadController.java:197) [LoadController.class:?]
	at sun.reflect.NativeMethodAccessorImpl.invoke0(Native Method) ~[?:1.8.0_492]
	at sun.reflect.NativeMethodAccessorImpl.invoke(NativeMethodAccessorImpl.java:62) ~[?:1.8.0_492]
	at sun.reflect.DelegatingMethodAccessorImpl.invoke(DelegatingMethodAccessorImpl.java:43) ~[?:1.8.0_492]
	at java.lang.reflect.Method.invoke(Method.java:498) ~[?:1.8.0_492]
	at com.google.common.eventbus.Subscriber.invokeSubscriberMethod(Subscriber.java:91) [minecraft_server.1.12.2.jar:?]
	at com.google.common.eventbus.Subscriber$SynchronizedSubscriber.invokeSubscriberMethod(Subscriber.java:150) [minecraft_server.1.12.2.jar:?]
	at com.google.common.eventbus.Subscriber$1.run(Subscriber.java:76) [minecraft_server.1.12.2.jar:?]
	at com.google.common.util.concurrent.MoreExecutors$DirectExecutor.execute(MoreExecutors.java:399) [minecraft_server.1.12.2.jar:?]
	at com.google.common.eventbus.Subscriber.dispatchEvent(Subscriber.java:71) [minecraft_server.1.12.2.jar:?]
	at com.google.common.eventbus.Dispatcher$PerThreadQueuedDispatcher.dispatch(Dispatcher.java:116) [minecraft_server.1.12.2.jar:?]
	at com.google.common.eventbus.EventBus.post(EventBus.java:217) [minecraft_server.1.12.2.jar:?]
	at net.minecraftforge.fml.common.LoadController.distributeStateMessage(LoadController.java:136) [LoadController.class:?]
	at net.minecraftforge.fml.common.Loader.serverStarting(Loader.java:797) [Loader.class:?]
	at net.minecraftforge.fml.common.FMLCommonHandler.handleServerStarting(FMLCommonHandler.java:297) [FMLCommonHandler.class:?]
	at net.minecraft.server.dedicated.DedicatedServer.func_71197_b(DedicatedServer.java:307) [nz.class:?]
	at net.minecraft.server.MinecraftServer.run(MinecraftServer.java:486) [MinecraftServer.class:?]
	at java.lang.Thread.run(Thread.java:750) [?:1.8.0_492]
[23:21:47] [Server thread/ERROR] [FML]: Parsing error loading built-in advancement mujmajnkraftsbettersurvival:crossbow
com.google.gson.JsonSyntaxException: Unknown recipe 'mujmajnkraftsbettersurvival:crossbow'
	at net.minecraft.advancements.AdvancementRewards$Deserializer.deserialize(AdvancementRewards.java:171) ~[l$a.class:?]
	at net.minecraft.advancements.AdvancementRewards$Deserializer.deserialize(AdvancementRewards.java:147) ~[l$a.class:?]
	at com.google.gson.internal.bind.TreeTypeAdapter.read(TreeTypeAdapter.java:69) ~[TreeTypeAdapter.class:?]
	at com.google.gson.Gson.fromJson(Gson.java:887) ~[Gson.class:?]
	at com.google.gson.Gson.fromJson(Gson.java:952) ~[Gson.class:?]
	at com.google.gson.internal.bind.TreeTypeAdapter$GsonContextImpl.deserialize(TreeTypeAdapter.java:162) ~[TreeTypeAdapter$GsonContextImpl.class:?]
	at net.minecraft.util.JsonUtils.func_188179_a(SourceFile:439) ~[rc.class:?]
	at net.minecraft.util.JsonUtils.func_188177_a(SourceFile:455) ~[rc.class:?]
	at net.minecraft.advancements.Advancement$Builder.func_192059_a(SourceFile:203) ~[i$a.class:?]
	at net.minecraft.advancements.AdvancementManager$1.deserialize(AdvancementManager.java:50) ~[ns$1.class:?]
	at net.minecraft.advancements.AdvancementManager$1.deserialize(AdvancementManager.java:46) ~[ns$1.class:?]
	at com.google.gson.internal.bind.TreeTypeAdapter.read(TreeTypeAdapter.java:69) ~[TreeTypeAdapter.class:?]
	at net.minecraft.util.JsonUtils.func_188173_a(SourceFile:492) ~[rc.class:?]
	at net.minecraft.util.JsonUtils.func_188176_a(SourceFile:517) ~[rc.class:?]
	at net.minecraft.util.JsonUtils.func_188178_a(SourceFile:537) ~[rc.class:?]
	at net.minecraftforge.common.ForgeHooks.lambda$loadAdvancements$0(ForgeHooks.java:1381) ~[ForgeHooks.class:14.23.5.2860]
	at net.minecraftforge.common.crafting.CraftingHelper.findFiles(CraftingHelper.java:833) [CraftingHelper.class:?]
	at net.minecraftforge.common.ForgeHooks.loadAdvancements(ForgeHooks.java:1359) [ForgeHooks.class:14.23.5.2860]
	at net.minecraftforge.common.ForgeHooks.loadAdvancements(ForgeHooks.java:1326) [ForgeHooks.class:14.23.5.2860]
	at com.tmtravlr.additions.addon.advancements.ExtendedAdvancementManager.func_192779_a(ExtendedAdvancementManager.java:73) [ExtendedAdvancementManager.class:?]
	at com.tmtravlr.additions.addon.advancements.ExtendedAdvancementManager.<init>(ExtendedAdvancementManager.java:61) [ExtendedAdvancementManager.class:?]
	at com.tmtravlr.additions.addon.advancements.AddonAdvancementManager.replaceAdvancementManager(AddonAdvancementManager.java:24) [AddonAdvancementManager.class:?]
	at com.tmtravlr.additions.AdditionsMod.serverStarting(AdditionsMod.java:157) [AdditionsMod.class:?]
	at sun.reflect.NativeMethodAccessorImpl.invoke0(Native Method) ~[?:1.8.0_492]
	at sun.reflect.NativeMethodAccessorImpl.invoke(NativeMethodAccessorImpl.java:62) ~[?:1.8.0_492]
	at sun.reflect.DelegatingMethodAccessorImpl.invoke(DelegatingMethodAccessorImpl.java:43) ~[?:1.8.0_492]
	at java.lang.reflect.Method.invoke(Method.java:498) ~[?:1.8.0_492]
	at net.minecraftforge.fml.common.FMLModContainer.handleModStateEvent(FMLModContainer.java:637) [FMLModContainer.class:?]
	at sun.reflect.GeneratedMethodAccessor13.invoke(Unknown Source) ~[?:?]
	at sun.reflect.DelegatingMethodAccessorImpl.invoke(DelegatingMethodAccessorImpl.java:43) ~[?:1.8.0_492]
	at java.lang.reflect.Method.invoke(Method.java:498) ~[?:1.8.0_492]
	at com.google.common.eventbus.Subscriber.invokeSubscriberMethod(Subscriber.java:91) [minecraft_server.1.12.2.jar:?]
	at com.google.common.eventbus.Subscriber$SynchronizedSubscriber.invokeSubscriberMethod(Subscriber.java:150) [minecraft_server.1.12.2.jar:?]
	at com.google.common.eventbus.Subscriber$1.run(Subscriber.java:76) [minecraft_server.1.12.2.jar:?]
	at com.google.common.util.concurrent.MoreExecutors$DirectExecutor.execute(MoreExecutors.java:399) [minecraft_server.1.12.2.jar:?]
	at com.google.common.eventbus.Subscriber.dispatchEvent(Subscriber.java:71) [minecraft_server.1.12.2.jar:?]
	at com.google.common.eventbus.Dispatcher$PerThreadQueuedDispatcher.dispatch(Dispatcher.java:116) [minecraft_server.1.12.2.jar:?]
	at com.google.common.eventbus.EventBus.post(EventBus.java:217) [minecraft_server.1.12.2.jar:?]
	at net.minecraftforge.fml.common.LoadController.sendEventToModContainer(LoadController.java:219) [LoadController.class:?]
	at net.minecraftforge.fml.common.LoadController.propogateStateMessage(LoadController.java:197) [LoadController.class:?]
	at sun.reflect.NativeMethodAccessorImpl.invoke0(Native Method) ~[?:1.8.0_492]
	at sun.reflect.NativeMethodAccessorImpl.invoke(NativeMethodAccessorImpl.java:62) ~[?:1.8.0_492]
	at sun.reflect.DelegatingMethodAccessorImpl.invoke(DelegatingMethodAccessorImpl.java:43) ~[?:1.8.0_492]
	at java.lang.reflect.Method.invoke(Method.java:498) ~[?:1.8.0_492]
	at com.google.common.eventbus.Subscriber.invokeSubscriberMethod(Subscriber.java:91) [minecraft_server.1.12.2.jar:?]
	at com.google.common.eventbus.Subscriber$SynchronizedSubscriber.invokeSubscriberMethod(Subscriber.java:150) [minecraft_server.1.12.2.jar:?]
	at com.google.common.eventbus.Subscriber$1.run(Subscriber.java:76) [minecraft_server.1.12.2.jar:?]
	at com.google.common.util.concurrent.MoreExecutors$DirectExecutor.execute(MoreExecutors.java:399) [minecraft_server.1.12.2.jar:?]
	at com.google.common.eventbus.Subscriber.dispatchEvent(Subscriber.java:71) [minecraft_server.1.12.2.jar:?]
	at com.google.common.eventbus.Dispatcher$PerThreadQueuedDispatcher.dispatch(Dispatcher.java:116) [minecraft_server.1.12.2.jar:?]
	at com.google.common.eventbus.EventBus.post(EventBus.java:217) [minecraft_server.1.12.2.jar:?]
	at net.minecraftforge.fml.common.LoadController.distributeStateMessage(LoadController.java:136) [LoadController.class:?]
	at net.minecraftforge.fml.common.Loader.serverStarting(Loader.java:797) [Loader.class:?]
	at net.minecraftforge.fml.common.FMLCommonHandler.handleServerStarting(FMLCommonHandler.java:297) [FMLCommonHandler.class:?]
	at net.minecraft.server.dedicated.DedicatedServer.func_71197_b(DedicatedServer.java:307) [nz.class:?]
	at net.minecraft.server.MinecraftServer.run(MinecraftServer.java:486) [MinecraftServer.class:?]
	at java.lang.Thread.run(Thread.java:750) [?:1.8.0_492]
[23:21:47] [Server thread/ERROR] [FML]: Parsing error loading built-in advancement mcwlights:recipes/torches
com.google.gson.JsonSyntaxException: Unknown recipe 'mcwlights:reinforced_torch'
	at net.minecraft.advancements.AdvancementRewards$Deserializer.deserialize(AdvancementRewards.java:171) ~[l$a.class:?]
	at net.minecraft.advancements.AdvancementRewards$Deserializer.deserialize(AdvancementRewards.java:147) ~[l$a.class:?]
	at com.google.gson.internal.bind.TreeTypeAdapter.read(TreeTypeAdapter.java:69) ~[TreeTypeAdapter.class:?]
	at com.google.gson.Gson.fromJson(Gson.java:887) ~[Gson.class:?]
	at com.google.gson.Gson.fromJson(Gson.java:952) ~[Gson.class:?]
	at com.google.gson.internal.bind.TreeTypeAdapter$GsonContextImpl.deserialize(TreeTypeAdapter.java:162) ~[TreeTypeAdapter$GsonContextImpl.class:?]
	at net.minecraft.util.JsonUtils.func_188179_a(SourceFile:439) ~[rc.class:?]
	at net.minecraft.util.JsonUtils.func_188177_a(SourceFile:455) ~[rc.class:?]
	at net.minecraft.advancements.Advancement$Builder.func_192059_a(SourceFile:203) ~[i$a.class:?]
	at net.minecraft.advancements.AdvancementManager$1.deserialize(AdvancementManager.java:50) ~[ns$1.class:?]
	at net.minecraft.advancements.AdvancementManager$1.deserialize(AdvancementManager.java:46) ~[ns$1.class:?]
	at com.google.gson.internal.bind.TreeTypeAdapter.read(TreeTypeAdapter.java:69) ~[TreeTypeAdapter.class:?]
	at net.minecraft.util.JsonUtils.func_188173_a(SourceFile:492) ~[rc.class:?]
	at net.minecraft.util.JsonUtils.func_188176_a(SourceFile:517) ~[rc.class:?]
	at net.minecraft.util.JsonUtils.func_188178_a(SourceFile:537) ~[rc.class:?]
	at net.minecraftforge.common.ForgeHooks.lambda$loadAdvancements$0(ForgeHooks.java:1381) ~[ForgeHooks.class:14.23.5.2860]
	at net.minecraftforge.common.crafting.CraftingHelper.findFiles(CraftingHelper.java:833) [CraftingHelper.class:?]
	at net.minecraftforge.common.ForgeHooks.loadAdvancements(ForgeHooks.java:1359) [ForgeHooks.class:14.23.5.2860]
	at net.minecraftforge.common.ForgeHooks.loadAdvancements(ForgeHooks.java:1326) [ForgeHooks.class:14.23.5.2860]
	at com.tmtravlr.additions.addon.advancements.ExtendedAdvancementManager.func_192779_a(ExtendedAdvancementManager.java:73) [ExtendedAdvancementManager.class:?]
	at com.tmtravlr.additions.addon.advancements.ExtendedAdvancementManager.<init>(ExtendedAdvancementManager.java:61) [ExtendedAdvancementManager.class:?]
	at com.tmtravlr.additions.addon.advancements.AddonAdvancementManager.replaceAdvancementManager(AddonAdvancementManager.java:24) [AddonAdvancementManager.class:?]
	at com.tmtravlr.additions.AdditionsMod.serverStarting(AdditionsMod.java:157) [AdditionsMod.class:?]
	at sun.reflect.NativeMethodAccessorImpl.invoke0(Native Method) ~[?:1.8.0_492]
	at sun.reflect.NativeMethodAccessorImpl.invoke(NativeMethodAccessorImpl.java:62) ~[?:1.8.0_492]
	at sun.reflect.DelegatingMethodAccessorImpl.invoke(DelegatingMethodAccessorImpl.java:43) ~[?:1.8.0_492]
	at java.lang.reflect.Method.invoke(Method.java:498) ~[?:1.8.0_492]
	at net.minecraftforge.fml.common.FMLModContainer.handleModStateEvent(FMLModContainer.java:637) [FMLModContainer.class:?]
	at sun.reflect.GeneratedMethodAccessor13.invoke(Unknown Source) ~[?:?]
	at sun.reflect.DelegatingMethodAccessorImpl.invoke(DelegatingMethodAccessorImpl.java:43) ~[?:1.8.0_492]
	at java.lang.reflect.Method.invoke(Method.java:498) ~[?:1.8.0_492]
	at com.google.common.eventbus.Subscriber.invokeSubscriberMethod(Subscriber.java:91) [minecraft_server.1.12.2.jar:?]
	at com.google.common.eventbus.Subscriber$SynchronizedSubscriber.invokeSubscriberMethod(Subscriber.java:150) [minecraft_server.1.12.2.jar:?]
	at com.google.common.eventbus.Subscriber$1.run(Subscriber.java:76) [minecraft_server.1.12.2.jar:?]
	at com.google.common.util.concurrent.MoreExecutors$DirectExecutor.execute(MoreExecutors.java:399) [minecraft_server.1.12.2.jar:?]
	at com.google.common.eventbus.Subscriber.dispatchEvent(Subscriber.java:71) [minecraft_server.1.12.2.jar:?]
	at com.google.common.eventbus.Dispatcher$PerThreadQueuedDispatcher.dispatch(Dispatcher.java:116) [minecraft_server.1.12.2.jar:?]
	at com.google.common.eventbus.EventBus.post(EventBus.java:217) [minecraft_server.1.12.2.jar:?]
	at net.minecraftforge.fml.common.LoadController.sendEventToModContainer(LoadController.java:219) [LoadController.class:?]
	at net.minecraftforge.fml.common.LoadController.propogateStateMessage(LoadController.java:197) [LoadController.class:?]
	at sun.reflect.NativeMethodAccessorImpl.invoke0(Native Method) ~[?:1.8.0_492]
	at sun.reflect.NativeMethodAccessorImpl.invoke(NativeMethodAccessorImpl.java:62) ~[?:1.8.0_492]
	at sun.reflect.DelegatingMethodAccessorImpl.invoke(DelegatingMethodAccessorImpl.java:43) ~[?:1.8.0_492]
	at java.lang.reflect.Method.invoke(Method.java:498) ~[?:1.8.0_492]
	at com.google.common.eventbus.Subscriber.invokeSubscriberMethod(Subscriber.java:91) [minecraft_server.1.12.2.jar:?]
	at com.google.common.eventbus.Subscriber$SynchronizedSubscriber.invokeSubscriberMethod(Subscriber.java:150) [minecraft_server.1.12.2.jar:?]
	at com.google.common.eventbus.Subscriber$1.run(Subscriber.java:76) [minecraft_server.1.12.2.jar:?]
	at com.google.common.util.concurrent.MoreExecutors$DirectExecutor.execute(MoreExecutors.java:399) [minecraft_server.1.12.2.jar:?]
	at com.google.common.eventbus.Subscriber.dispatchEvent(Subscriber.java:71) [minecraft_server.1.12.2.jar:?]
	at com.google.common.eventbus.Dispatcher$PerThreadQueuedDispatcher.dispatch(Dispatcher.java:116) [minecraft_server.1.12.2.jar:?]
	at com.google.common.eventbus.EventBus.post(EventBus.java:217) [minecraft_server.1.12.2.jar:?]
	at net.minecraftforge.fml.common.LoadController.distributeStateMessage(LoadController.java:136) [LoadController.class:?]
	at net.minecraftforge.fml.common.Loader.serverStarting(Loader.java:797) [Loader.class:?]
	at net.minecraftforge.fml.common.FMLCommonHandler.handleServerStarting(FMLCommonHandler.java:297) [FMLCommonHandler.class:?]
	at net.minecraft.server.dedicated.DedicatedServer.func_71197_b(DedicatedServer.java:307) [nz.class:?]
	at net.minecraft.server.MinecraftServer.run(MinecraftServer.java:486) [MinecraftServer.class:?]
	at java.lang.Thread.run(Thread.java:750) [?:1.8.0_492]
[23:21:47] [Server thread/ERROR] [FML]: Parsing error loading built-in advancement mcwtrpdoors:recipes/metal/metal_trapdoor
com.google.gson.JsonSyntaxException: Unknown recipe 'mcwtrpdoors:metal_trapdoor'
	at net.minecraft.advancements.AdvancementRewards$Deserializer.deserialize(AdvancementRewards.java:171) ~[l$a.class:?]
	at net.minecraft.advancements.AdvancementRewards$Deserializer.deserialize(AdvancementRewards.java:147) ~[l$a.class:?]
	at com.google.gson.internal.bind.TreeTypeAdapter.read(TreeTypeAdapter.java:69) ~[TreeTypeAdapter.class:?]
	at com.google.gson.Gson.fromJson(Gson.java:887) ~[Gson.class:?]
	at com.google.gson.Gson.fromJson(Gson.java:952) ~[Gson.class:?]
	at com.google.gson.internal.bind.TreeTypeAdapter$GsonContextImpl.deserialize(TreeTypeAdapter.java:162) ~[TreeTypeAdapter$GsonContextImpl.class:?]
	at net.minecraft.util.JsonUtils.func_188179_a(SourceFile:439) ~[rc.class:?]
	at net.minecraft.util.JsonUtils.func_188177_a(SourceFile:455) ~[rc.class:?]
	at net.minecraft.advancements.Advancement$Builder.func_192059_a(SourceFile:203) ~[i$a.class:?]
	at net.minecraft.advancements.AdvancementManager$1.deserialize(AdvancementManager.java:50) ~[ns$1.class:?]
	at net.minecraft.advancements.AdvancementManager$1.deserialize(AdvancementManager.java:46) ~[ns$1.class:?]
	at com.google.gson.internal.bind.TreeTypeAdapter.read(TreeTypeAdapter.java:69) ~[TreeTypeAdapter.class:?]
	at net.minecraft.util.JsonUtils.func_188173_a(SourceFile:492) ~[rc.class:?]
	at net.minecraft.util.JsonUtils.func_188176_a(SourceFile:517) ~[rc.class:?]
	at net.minecraft.util.JsonUtils.func_188178_a(SourceFile:537) ~[rc.class:?]
	at net.minecraftforge.common.ForgeHooks.lambda$loadAdvancements$0(ForgeHooks.java:1381) ~[ForgeHooks.class:14.23.5.2860]
	at net.minecraftforge.common.crafting.CraftingHelper.findFiles(CraftingHelper.java:833) [CraftingHelper.class:?]
	at net.minecraftforge.common.ForgeHooks.loadAdvancements(ForgeHooks.java:1359) [ForgeHooks.class:14.23.5.2860]
	at net.minecraftforge.common.ForgeHooks.loadAdvancements(ForgeHooks.java:1326) [ForgeHooks.class:14.23.5.2860]
	at com.tmtravlr.additions.addon.advancements.ExtendedAdvancementManager.func_192779_a(ExtendedAdvancementManager.java:73) [ExtendedAdvancementManager.class:?]
	at com.tmtravlr.additions.addon.advancements.ExtendedAdvancementManager.<init>(ExtendedAdvancementManager.java:61) [ExtendedAdvancementManager.class:?]
	at com.tmtravlr.additions.addon.advancements.AddonAdvancementManager.replaceAdvancementManager(AddonAdvancementManager.java:24) [AddonAdvancementManager.class:?]
	at com.tmtravlr.additions.AdditionsMod.serverStarting(AdditionsMod.java:157) [AdditionsMod.class:?]
	at sun.reflect.NativeMethodAccessorImpl.invoke0(Native Method) ~[?:1.8.0_492]
	at sun.reflect.NativeMethodAccessorImpl.invoke(NativeMethodAccessorImpl.java:62) ~[?:1.8.0_492]
	at sun.reflect.DelegatingMethodAccessorImpl.invoke(DelegatingMethodAccessorImpl.java:43) ~[?:1.8.0_492]
	at java.lang.reflect.Method.invoke(Method.java:498) ~[?:1.8.0_492]
	at net.minecraftforge.fml.common.FMLModContainer.handleModStateEvent(FMLModContainer.java:637) [FMLModContainer.class:?]
	at sun.reflect.GeneratedMethodAccessor13.invoke(Unknown Source) ~[?:?]
	at sun.reflect.DelegatingMethodAccessorImpl.invoke(DelegatingMethodAccessorImpl.java:43) ~[?:1.8.0_492]
	at java.lang.reflect.Method.invoke(Method.java:498) ~[?:1.8.0_492]
	at com.google.common.eventbus.Subscriber.invokeSubscriberMethod(Subscriber.java:91) [minecraft_server.1.12.2.jar:?]
	at com.google.common.eventbus.Subscriber$SynchronizedSubscriber.invokeSubscriberMethod(Subscriber.java:150) [minecraft_server.1.12.2.jar:?]
	at com.google.common.eventbus.Subscriber$1.run(Subscriber.java:76) [minecraft_server.1.12.2.jar:?]
	at com.google.common.util.concurrent.MoreExecutors$DirectExecutor.execute(MoreExecutors.java:399) [minecraft_server.1.12.2.jar:?]
	at com.google.common.eventbus.Subscriber.dispatchEvent(Subscriber.java:71) [minecraft_server.1.12.2.jar:?]
	at com.google.common.eventbus.Dispatcher$PerThreadQueuedDispatcher.dispatch(Dispatcher.java:116) [minecraft_server.1.12.2.jar:?]
	at com.google.common.eventbus.EventBus.post(EventBus.java:217) [minecraft_server.1.12.2.jar:?]
	at net.minecraftforge.fml.common.LoadController.sendEventToModContainer(LoadController.java:219) [LoadController.class:?]
	at net.minecraftforge.fml.common.LoadController.propogateStateMessage(LoadController.java:197) [LoadController.class:?]
	at sun.reflect.NativeMethodAccessorImpl.invoke0(Native Method) ~[?:1.8.0_492]
	at sun.reflect.NativeMethodAccessorImpl.invoke(NativeMethodAccessorImpl.java:62) ~[?:1.8.0_492]
	at sun.reflect.DelegatingMethodAccessorImpl.invoke(DelegatingMethodAccessorImpl.java:43) ~[?:1.8.0_492]
	at java.lang.reflect.Method.invoke(Method.java:498) ~[?:1.8.0_492]
	at com.google.common.eventbus.Subscriber.invokeSubscriberMethod(Subscriber.java:91) [minecraft_server.1.12.2.jar:?]
	at com.google.common.eventbus.Subscriber$SynchronizedSubscriber.invokeSubscriberMethod(Subscriber.java:150) [minecraft_server.1.12.2.jar:?]
	at com.google.common.eventbus.Subscriber$1.run(Subscriber.java:76) [minecraft_server.1.12.2.jar:?]
	at com.google.common.util.concurrent.MoreExecutors$DirectExecutor.execute(MoreExecutors.java:399) [minecraft_server.1.12.2.jar:?]
	at com.google.common.eventbus.Subscriber.dispatchEvent(Subscriber.java:71) [minecraft_server.1.12.2.jar:?]
	at com.google.common.eventbus.Dispatcher$PerThreadQueuedDispatcher.dispatch(Dispatcher.java:116) [minecraft_server.1.12.2.jar:?]
	at com.google.common.eventbus.EventBus.post(EventBus.java:217) [minecraft_server.1.12.2.jar:?]
	at net.minecraftforge.fml.common.LoadController.distributeStateMessage(LoadController.java:136) [LoadController.class:?]
	at net.minecraftforge.fml.common.Loader.serverStarting(Loader.java:797) [Loader.class:?]
	at net.minecraftforge.fml.common.FMLCommonHandler.handleServerStarting(FMLCommonHandler.java:297) [FMLCommonHandler.class:?]
	at net.minecraft.server.dedicated.DedicatedServer.func_71197_b(DedicatedServer.java:307) [nz.class:?]
	at net.minecraft.server.MinecraftServer.run(MinecraftServer.java:486) [MinecraftServer.class:?]
	at java.lang.Thread.run(Thread.java:750) [?:1.8.0_492]
[23:21:47] [Server thread/ERROR] [FML]: Parsing error loading built-in advancement mcwtrpdoors:recipes/metal/metal_full_trapdoor
com.google.gson.JsonSyntaxException: Unknown recipe 'mcwtrpdoors:metal_full_trapdoor'
	at net.minecraft.advancements.AdvancementRewards$Deserializer.deserialize(AdvancementRewards.java:171) ~[l$a.class:?]
	at net.minecraft.advancements.AdvancementRewards$Deserializer.deserialize(AdvancementRewards.java:147) ~[l$a.class:?]
	at com.google.gson.internal.bind.TreeTypeAdapter.read(TreeTypeAdapter.java:69) ~[TreeTypeAdapter.class:?]
	at com.google.gson.Gson.fromJson(Gson.java:887) ~[Gson.class:?]
	at com.google.gson.Gson.fromJson(Gson.java:952) ~[Gson.class:?]
	at com.google.gson.internal.bind.TreeTypeAdapter$GsonContextImpl.deserialize(TreeTypeAdapter.java:162) ~[TreeTypeAdapter$GsonContextImpl.class:?]
	at net.minecraft.util.JsonUtils.func_188179_a(SourceFile:439) ~[rc.class:?]
	at net.minecraft.util.JsonUtils.func_188177_a(SourceFile:455) ~[rc.class:?]
	at net.minecraft.advancements.Advancement$Builder.func_192059_a(SourceFile:203) ~[i$a.class:?]
	at net.minecraft.advancements.AdvancementManager$1.deserialize(AdvancementManager.java:50) ~[ns$1.class:?]
	at net.minecraft.advancements.AdvancementManager$1.deserialize(AdvancementManager.java:46) ~[ns$1.class:?]
	at com.google.gson.internal.bind.TreeTypeAdapter.read(TreeTypeAdapter.java:69) ~[TreeTypeAdapter.class:?]
	at net.minecraft.util.JsonUtils.func_188173_a(SourceFile:492) ~[rc.class:?]
	at net.minecraft.util.JsonUtils.func_188176_a(SourceFile:517) ~[rc.class:?]
	at net.minecraft.util.JsonUtils.func_188178_a(SourceFile:537) ~[rc.class:?]
	at net.minecraftforge.common.ForgeHooks.lambda$loadAdvancements$0(ForgeHooks.java:1381) ~[ForgeHooks.class:14.23.5.2860]
	at net.minecraftforge.common.crafting.CraftingHelper.findFiles(CraftingHelper.java:833) [CraftingHelper.class:?]
	at net.minecraftforge.common.ForgeHooks.loadAdvancements(ForgeHooks.java:1359) [ForgeHooks.class:14.23.5.2860]
	at net.minecraftforge.common.ForgeHooks.loadAdvancements(ForgeHooks.java:1326) [ForgeHooks.class:14.23.5.2860]
	at com.tmtravlr.additions.addon.advancements.ExtendedAdvancementManager.func_192779_a(ExtendedAdvancementManager.java:73) [ExtendedAdvancementManager.class:?]
	at com.tmtravlr.additions.addon.advancements.ExtendedAdvancementManager.<init>(ExtendedAdvancementManager.java:61) [ExtendedAdvancementManager.class:?]
	at com.tmtravlr.additions.addon.advancements.AddonAdvancementManager.replaceAdvancementManager(AddonAdvancementManager.java:24) [AddonAdvancementManager.class:?]
	at com.tmtravlr.additions.AdditionsMod.serverStarting(AdditionsMod.java:157) [AdditionsMod.class:?]
	at sun.reflect.NativeMethodAccessorImpl.invoke0(Native Method) ~[?:1.8.0_492]
	at sun.reflect.NativeMethodAccessorImpl.invoke(NativeMethodAccessorImpl.java:62) ~[?:1.8.0_492]
	at sun.reflect.DelegatingMethodAccessorImpl.invoke(DelegatingMethodAccessorImpl.java:43) ~[?:1.8.0_492]
	at java.lang.reflect.Method.invoke(Method.java:498) ~[?:1.8.0_492]
	at net.minecraftforge.fml.common.FMLModContainer.handleModStateEvent(FMLModContainer.java:637) [FMLModContainer.class:?]
	at sun.reflect.GeneratedMethodAccessor13.invoke(Unknown Source) ~[?:?]
	at sun.reflect.DelegatingMethodAccessorImpl.invoke(DelegatingMethodAccessorImpl.java:43) ~[?:1.8.0_492]
	at java.lang.reflect.Method.invoke(Method.java:498) ~[?:1.8.0_492]
	at com.google.common.eventbus.Subscriber.invokeSubscriberMethod(Subscriber.java:91) [minecraft_server.1.12.2.jar:?]
	at com.google.common.eventbus.Subscriber$SynchronizedSubscriber.invokeSubscriberMethod(Subscriber.java:150) [minecraft_server.1.12.2.jar:?]
	at com.google.common.eventbus.Subscriber$1.run(Subscriber.java:76) [minecraft_server.1.12.2.jar:?]
	at com.google.common.util.concurrent.MoreExecutors$DirectExecutor.execute(MoreExecutors.java:399) [minecraft_server.1.12.2.jar:?]
	at com.google.common.eventbus.Subscriber.dispatchEvent(Subscriber.java:71) [minecraft_server.1.12.2.jar:?]
	at com.google.common.eventbus.Dispatcher$PerThreadQueuedDispatcher.dispatch(Dispatcher.java:116) [minecraft_server.1.12.2.jar:?]
	at com.google.common.eventbus.EventBus.post(EventBus.java:217) [minecraft_server.1.12.2.jar:?]
	at net.minecraftforge.fml.common.LoadController.sendEventToModContainer(LoadController.java:219) [LoadController.class:?]
	at net.minecraftforge.fml.common.LoadController.propogateStateMessage(LoadController.java:197) [LoadController.class:?]
	at sun.reflect.NativeMethodAccessorImpl.invoke0(Native Method) ~[?:1.8.0_492]
	at sun.reflect.NativeMethodAccessorImpl.invoke(NativeMethodAccessorImpl.java:62) ~[?:1.8.0_492]
	at sun.reflect.DelegatingMethodAccessorImpl.invoke(DelegatingMethodAccessorImpl.java:43) ~[?:1.8.0_492]
	at java.lang.reflect.Method.invoke(Method.java:498) ~[?:1.8.0_492]
	at com.google.common.eventbus.Subscriber.invokeSubscriberMethod(Subscriber.java:91) [minecraft_server.1.12.2.jar:?]
	at com.google.common.eventbus.Subscriber$SynchronizedSubscriber.invokeSubscriberMethod(Subscriber.java:150) [minecraft_server.1.12.2.jar:?]
	at com.google.common.eventbus.Subscriber$1.run(Subscriber.java:76) [minecraft_server.1.12.2.jar:?]
	at com.google.common.util.concurrent.MoreExecutors$DirectExecutor.execute(MoreExecutors.java:399) [minecraft_server.1.12.2.jar:?]
	at com.google.common.eventbus.Subscriber.dispatchEvent(Subscriber.java:71) [minecraft_server.1.12.2.jar:?]
	at com.google.common.eventbus.Dispatcher$PerThreadQueuedDispatcher.dispatch(Dispatcher.java:116) [minecraft_server.1.12.2.jar:?]
	at com.google.common.eventbus.EventBus.post(EventBus.java:217) [minecraft_server.1.12.2.jar:?]
	at net.minecraftforge.fml.common.LoadController.distributeStateMessage(LoadController.java:136) [LoadController.class:?]
	at net.minecraftforge.fml.common.Loader.serverStarting(Loader.java:797) [Loader.class:?]
	at net.minecraftforge.fml.common.FMLCommonHandler.handleServerStarting(FMLCommonHandler.java:297) [FMLCommonHandler.class:?]
	at net.minecraft.server.dedicated.DedicatedServer.func_71197_b(DedicatedServer.java:307) [nz.class:?]
	at net.minecraft.server.MinecraftServer.run(MinecraftServer.java:486) [MinecraftServer.class:?]
	at java.lang.Thread.run(Thread.java:750) [?:1.8.0_492]
[23:21:47] [Server thread/ERROR] [FML]: Parsing error loading built-in advancement simpleplanes:recipes/plane_ft
com.google.gson.JsonSyntaxException: Unknown recipe 'simpleplanes:ft_cherry_helicopter'
	at net.minecraft.advancements.AdvancementRewards$Deserializer.deserialize(AdvancementRewards.java:171) ~[l$a.class:?]
	at net.minecraft.advancements.AdvancementRewards$Deserializer.deserialize(AdvancementRewards.java:147) ~[l$a.class:?]
	at com.google.gson.internal.bind.TreeTypeAdapter.read(TreeTypeAdapter.java:69) ~[TreeTypeAdapter.class:?]
	at com.google.gson.Gson.fromJson(Gson.java:887) ~[Gson.class:?]
	at com.google.gson.Gson.fromJson(Gson.java:952) ~[Gson.class:?]
	at com.google.gson.internal.bind.TreeTypeAdapter$GsonContextImpl.deserialize(TreeTypeAdapter.java:162) ~[TreeTypeAdapter$GsonContextImpl.class:?]
	at net.minecraft.util.JsonUtils.func_188179_a(SourceFile:439) ~[rc.class:?]
	at net.minecraft.util.JsonUtils.func_188177_a(SourceFile:455) ~[rc.class:?]
	at net.minecraft.advancements.Advancement$Builder.func_192059_a(SourceFile:203) ~[i$a.class:?]
	at net.minecraft.advancements.AdvancementManager$1.deserialize(AdvancementManager.java:50) ~[ns$1.class:?]
	at net.minecraft.advancements.AdvancementManager$1.deserialize(AdvancementManager.java:46) ~[ns$1.class:?]
	at com.google.gson.internal.bind.TreeTypeAdapter.read(TreeTypeAdapter.java:69) ~[TreeTypeAdapter.class:?]
	at net.minecraft.util.JsonUtils.func_188173_a(SourceFile:492) ~[rc.class:?]
	at net.minecraft.util.JsonUtils.func_188176_a(SourceFile:517) ~[rc.class:?]
	at net.minecraft.util.JsonUtils.func_188178_a(SourceFile:537) ~[rc.class:?]
	at net.minecraftforge.common.ForgeHooks.lambda$loadAdvancements$0(ForgeHooks.java:1381) ~[ForgeHooks.class:14.23.5.2860]
	at net.minecraftforge.common.crafting.CraftingHelper.findFiles(CraftingHelper.java:833) [CraftingHelper.class:?]
	at net.minecraftforge.common.ForgeHooks.loadAdvancements(ForgeHooks.java:1359) [ForgeHooks.class:14.23.5.2860]
	at net.minecraftforge.common.ForgeHooks.loadAdvancements(ForgeHooks.java:1326) [ForgeHooks.class:14.23.5.2860]
	at com.tmtravlr.additions.addon.advancements.ExtendedAdvancementManager.func_192779_a(ExtendedAdvancementManager.java:73) [ExtendedAdvancementManager.class:?]
	at com.tmtravlr.additions.addon.advancements.ExtendedAdvancementManager.<init>(ExtendedAdvancementManager.java:61) [ExtendedAdvancementManager.class:?]
	at com.tmtravlr.additions.addon.advancements.AddonAdvancementManager.replaceAdvancementManager(AddonAdvancementManager.java:24) [AddonAdvancementManager.class:?]
	at com.tmtravlr.additions.AdditionsMod.serverStarting(AdditionsMod.java:157) [AdditionsMod.class:?]
	at sun.reflect.NativeMethodAccessorImpl.invoke0(Native Method) ~[?:1.8.0_492]
	at sun.reflect.NativeMethodAccessorImpl.invoke(NativeMethodAccessorImpl.java:62) ~[?:1.8.0_492]
	at sun.reflect.DelegatingMethodAccessorImpl.invoke(DelegatingMethodAccessorImpl.java:43) ~[?:1.8.0_492]
	at java.lang.reflect.Method.invoke(Method.java:498) ~[?:1.8.0_492]
	at net.minecraftforge.fml.common.FMLModContainer.handleModStateEvent(FMLModContainer.java:637) [FMLModContainer.class:?]
	at sun.reflect.GeneratedMethodAccessor13.invoke(Unknown Source) ~[?:?]
	at sun.reflect.DelegatingMethodAccessorImpl.invoke(DelegatingMethodAccessorImpl.java:43) ~[?:1.8.0_492]
	at java.lang.reflect.Method.invoke(Method.java:498) ~[?:1.8.0_492]
	at com.google.common.eventbus.Subscriber.invokeSubscriberMethod(Subscriber.java:91) [minecraft_server.1.12.2.jar:?]
	at com.google.common.eventbus.Subscriber$SynchronizedSubscriber.invokeSubscriberMethod(Subscriber.java:150) [minecraft_server.1.12.2.jar:?]
	at com.google.common.eventbus.Subscriber$1.run(Subscriber.java:76) [minecraft_server.1.12.2.jar:?]
	at com.google.common.util.concurrent.MoreExecutors$DirectExecutor.execute(MoreExecutors.java:399) [minecraft_server.1.12.2.jar:?]
	at com.google.common.eventbus.Subscriber.dispatchEvent(Subscriber.java:71) [minecraft_server.1.12.2.jar:?]
	at com.google.common.eventbus.Dispatcher$PerThreadQueuedDispatcher.dispatch(Dispatcher.java:116) [minecraft_server.1.12.2.jar:?]
	at com.google.common.eventbus.EventBus.post(EventBus.java:217) [minecraft_server.1.12.2.jar:?]
	at net.minecraftforge.fml.common.LoadController.sendEventToModContainer(LoadController.java:219) [LoadController.class:?]
	at net.minecraftforge.fml.common.LoadController.propogateStateMessage(LoadController.java:197) [LoadController.class:?]
	at sun.reflect.NativeMethodAccessorImpl.invoke0(Native Method) ~[?:1.8.0_492]
	at sun.reflect.NativeMethodAccessorImpl.invoke(NativeMethodAccessorImpl.java:62) ~[?:1.8.0_492]
	at sun.reflect.DelegatingMethodAccessorImpl.invoke(DelegatingMethodAccessorImpl.java:43) ~[?:1.8.0_492]
	at java.lang.reflect.Method.invoke(Method.java:498) ~[?:1.8.0_492]
	at com.google.common.eventbus.Subscriber.invokeSubscriberMethod(Subscriber.java:91) [minecraft_server.1.12.2.jar:?]
	at com.google.common.eventbus.Subscriber$SynchronizedSubscriber.invokeSubscriberMethod(Subscriber.java:150) [minecraft_server.1.12.2.jar:?]
	at com.google.common.eventbus.Subscriber$1.run(Subscriber.java:76) [minecraft_server.1.12.2.jar:?]
	at com.google.common.util.concurrent.MoreExecutors$DirectExecutor.execute(MoreExecutors.java:399) [minecraft_server.1.12.2.jar:?]
	at com.google.common.eventbus.Subscriber.dispatchEvent(Subscriber.java:71) [minecraft_server.1.12.2.jar:?]
	at com.google.common.eventbus.Dispatcher$PerThreadQueuedDispatcher.dispatch(Dispatcher.java:116) [minecraft_server.1.12.2.jar:?]
	at com.google.common.eventbus.EventBus.post(EventBus.java:217) [minecraft_server.1.12.2.jar:?]
	at net.minecraftforge.fml.common.LoadController.distributeStateMessage(LoadController.java:136) [LoadController.class:?]
	at net.minecraftforge.fml.common.Loader.serverStarting(Loader.java:797) [Loader.class:?]
	at net.minecraftforge.fml.common.FMLCommonHandler.handleServerStarting(FMLCommonHandler.java:297) [FMLCommonHandler.class:?]
	at net.minecraft.server.dedicated.DedicatedServer.func_71197_b(DedicatedServer.java:307) [nz.class:?]
	at net.minecraft.server.MinecraftServer.run(MinecraftServer.java:486) [MinecraftServer.class:?]
	at java.lang.Thread.run(Thread.java:750) [?:1.8.0_492]
[23:21:47] [Server thread/ERROR] [FML]: Parsing error loading built-in advancement simpleplanes:recipes/plane_byg
com.google.gson.JsonSyntaxException: Unknown recipe 'simpleplanes:byg_aspen_helicopter'
	at net.minecraft.advancements.AdvancementRewards$Deserializer.deserialize(AdvancementRewards.java:171) ~[l$a.class:?]
	at net.minecraft.advancements.AdvancementRewards$Deserializer.deserialize(AdvancementRewards.java:147) ~[l$a.class:?]
	at com.google.gson.internal.bind.TreeTypeAdapter.read(TreeTypeAdapter.java:69) ~[TreeTypeAdapter.class:?]
	at com.google.gson.Gson.fromJson(Gson.java:887) ~[Gson.class:?]
	at com.google.gson.Gson.fromJson(Gson.java:952) ~[Gson.class:?]
	at com.google.gson.internal.bind.TreeTypeAdapter$GsonContextImpl.deserialize(TreeTypeAdapter.java:162) ~[TreeTypeAdapter$GsonContextImpl.class:?]
	at net.minecraft.util.JsonUtils.func_188179_a(SourceFile:439) ~[rc.class:?]
	at net.minecraft.util.JsonUtils.func_188177_a(SourceFile:455) ~[rc.class:?]
	at net.minecraft.advancements.Advancement$Builder.func_192059_a(SourceFile:203) ~[i$a.class:?]
	at net.minecraft.advancements.AdvancementManager$1.deserialize(AdvancementManager.java:50) ~[ns$1.class:?]
	at net.minecraft.advancements.AdvancementManager$1.deserialize(AdvancementManager.java:46) ~[ns$1.class:?]
	at com.google.gson.internal.bind.TreeTypeAdapter.read(TreeTypeAdapter.java:69) ~[TreeTypeAdapter.class:?]
	at net.minecraft.util.JsonUtils.func_188173_a(SourceFile:492) ~[rc.class:?]
	at net.minecraft.util.JsonUtils.func_188176_a(SourceFile:517) ~[rc.class:?]
	at net.minecraft.util.JsonUtils.func_188178_a(SourceFile:537) ~[rc.class:?]
	at net.minecraftforge.common.ForgeHooks.lambda$loadAdvancements$0(ForgeHooks.java:1381) ~[ForgeHooks.class:14.23.5.2860]
	at net.minecraftforge.common.crafting.CraftingHelper.findFiles(CraftingHelper.java:833) [CraftingHelper.class:?]
	at net.minecraftforge.common.ForgeHooks.loadAdvancements(ForgeHooks.java:1359) [ForgeHooks.class:14.23.5.2860]
	at net.minecraftforge.common.ForgeHooks.loadAdvancements(ForgeHooks.java:1326) [ForgeHooks.class:14.23.5.2860]
	at com.tmtravlr.additions.addon.advancements.ExtendedAdvancementManager.func_192779_a(ExtendedAdvancementManager.java:73) [ExtendedAdvancementManager.class:?]
	at com.tmtravlr.additions.addon.advancements.ExtendedAdvancementManager.<init>(ExtendedAdvancementManager.java:61) [ExtendedAdvancementManager.class:?]
	at com.tmtravlr.additions.addon.advancements.AddonAdvancementManager.replaceAdvancementManager(AddonAdvancementManager.java:24) [AddonAdvancementManager.class:?]
	at com.tmtravlr.additions.AdditionsMod.serverStarting(AdditionsMod.java:157) [AdditionsMod.class:?]
	at sun.reflect.NativeMethodAccessorImpl.invoke0(Native Method) ~[?:1.8.0_492]
	at sun.reflect.NativeMethodAccessorImpl.invoke(NativeMethodAccessorImpl.java:62) ~[?:1.8.0_492]
	at sun.reflect.DelegatingMethodAccessorImpl.invoke(DelegatingMethodAccessorImpl.java:43) ~[?:1.8.0_492]
	at java.lang.reflect.Method.invoke(Method.java:498) ~[?:1.8.0_492]
	at net.minecraftforge.fml.common.FMLModContainer.handleModStateEvent(FMLModContainer.java:637) [FMLModContainer.class:?]
	at sun.reflect.GeneratedMethodAccessor13.invoke(Unknown Source) ~[?:?]
	at sun.reflect.DelegatingMethodAccessorImpl.invoke(DelegatingMethodAccessorImpl.java:43) ~[?:1.8.0_492]
	at java.lang.reflect.Method.invoke(Method.java:498) ~[?:1.8.0_492]
	at com.google.common.eventbus.Subscriber.invokeSubscriberMethod(Subscriber.java:91) [minecraft_server.1.12.2.jar:?]
	at com.google.common.eventbus.Subscriber$SynchronizedSubscriber.invokeSubscriberMethod(Subscriber.java:150) [minecraft_server.1.12.2.jar:?]
	at com.google.common.eventbus.Subscriber$1.run(Subscriber.java:76) [minecraft_server.1.12.2.jar:?]
	at com.google.common.util.concurrent.MoreExecutors$DirectExecutor.execute(MoreExecutors.java:399) [minecraft_server.1.12.2.jar:?]
	at com.google.common.eventbus.Subscriber.dispatchEvent(Subscriber.java:71) [minecraft_server.1.12.2.jar:?]
	at com.google.common.eventbus.Dispatcher$PerThreadQueuedDispatcher.dispatch(Dispatcher.java:116) [minecraft_server.1.12.2.jar:?]
	at com.google.common.eventbus.EventBus.post(EventBus.java:217) [minecraft_server.1.12.2.jar:?]
	at net.minecraftforge.fml.common.LoadController.sendEventToModContainer(LoadController.java:219) [LoadController.class:?]
	at net.minecraftforge.fml.common.LoadController.propogateStateMessage(LoadController.java:197) [LoadController.class:?]
	at sun.reflect.NativeMethodAccessorImpl.invoke0(Native Method) ~[?:1.8.0_492]
	at sun.reflect.NativeMethodAccessorImpl.invoke(NativeMethodAccessorImpl.java:62) ~[?:1.8.0_492]
	at sun.reflect.DelegatingMethodAccessorImpl.invoke(DelegatingMethodAccessorImpl.java:43) ~[?:1.8.0_492]
	at java.lang.reflect.Method.invoke(Method.java:498) ~[?:1.8.0_492]
	at com.google.common.eventbus.Subscriber.invokeSubscriberMethod(Subscriber.java:91) [minecraft_server.1.12.2.jar:?]
	at com.google.common.eventbus.Subscriber$SynchronizedSubscriber.invokeSubscriberMethod(Subscriber.java:150) [minecraft_server.1.12.2.jar:?]
	at com.google.common.eventbus.Subscriber$1.run(Subscriber.java:76) [minecraft_server.1.12.2.jar:?]
	at com.google.common.util.concurrent.MoreExecutors$DirectExecutor.execute(MoreExecutors.java:399) [minecraft_server.1.12.2.jar:?]
	at com.google.common.eventbus.Subscriber.dispatchEvent(Subscriber.java:71) [minecraft_server.1.12.2.jar:?]
	at com.google.common.eventbus.Dispatcher$PerThreadQueuedDispatcher.dispatch(Dispatcher.java:116) [minecraft_server.1.12.2.jar:?]
	at com.google.common.eventbus.EventBus.post(EventBus.java:217) [minecraft_server.1.12.2.jar:?]
	at net.minecraftforge.fml.common.LoadController.distributeStateMessage(LoadController.java:136) [LoadController.class:?]
	at net.minecraftforge.fml.common.Loader.serverStarting(Loader.java:797) [Loader.class:?]
	at net.minecraftforge.fml.common.FMLCommonHandler.handleServerStarting(FMLCommonHandler.java:297) [FMLCommonHandler.class:?]
	at net.minecraft.server.dedicated.DedicatedServer.func_71197_b(DedicatedServer.java:307) [nz.class:?]
	at net.minecraft.server.MinecraftServer.run(MinecraftServer.java:486) [MinecraftServer.class:?]
	at java.lang.Thread.run(Thread.java:750) [?:1.8.0_492]
[23:21:47] [Server thread/ERROR] [FML]: Parsing error loading built-in advancement simpleplanes:recipes/plane_bop
com.google.gson.JsonSyntaxException: Unknown recipe 'simpleplanes:bop_cherry_helicopter'
	at net.minecraft.advancements.AdvancementRewards$Deserializer.deserialize(AdvancementRewards.java:171) ~[l$a.class:?]
	at net.minecraft.advancements.AdvancementRewards$Deserializer.deserialize(AdvancementRewards.java:147) ~[l$a.class:?]
	at com.google.gson.internal.bind.TreeTypeAdapter.read(TreeTypeAdapter.java:69) ~[TreeTypeAdapter.class:?]
	at com.google.gson.Gson.fromJson(Gson.java:887) ~[Gson.class:?]
	at com.google.gson.Gson.fromJson(Gson.java:952) ~[Gson.class:?]
	at com.google.gson.internal.bind.TreeTypeAdapter$GsonContextImpl.deserialize(TreeTypeAdapter.java:162) ~[TreeTypeAdapter$GsonContextImpl.class:?]
	at net.minecraft.util.JsonUtils.func_188179_a(SourceFile:439) ~[rc.class:?]
	at net.minecraft.util.JsonUtils.func_188177_a(SourceFile:455) ~[rc.class:?]
	at net.minecraft.advancements.Advancement$Builder.func_192059_a(SourceFile:203) ~[i$a.class:?]
	at net.minecraft.advancements.AdvancementManager$1.deserialize(AdvancementManager.java:50) ~[ns$1.class:?]
	at net.minecraft.advancements.AdvancementManager$1.deserialize(AdvancementManager.java:46) ~[ns$1.class:?]
	at com.google.gson.internal.bind.TreeTypeAdapter.read(TreeTypeAdapter.java:69) ~[TreeTypeAdapter.class:?]
	at net.minecraft.util.JsonUtils.func_188173_a(SourceFile:492) ~[rc.class:?]
	at net.minecraft.util.JsonUtils.func_188176_a(SourceFile:517) ~[rc.class:?]
	at net.minecraft.util.JsonUtils.func_188178_a(SourceFile:537) ~[rc.class:?]
	at net.minecraftforge.common.ForgeHooks.lambda$loadAdvancements$0(ForgeHooks.java:1381) ~[ForgeHooks.class:14.23.5.2860]
	at net.minecraftforge.common.crafting.CraftingHelper.findFiles(CraftingHelper.java:833) [CraftingHelper.class:?]
	at net.minecraftforge.common.ForgeHooks.loadAdvancements(ForgeHooks.java:1359) [ForgeHooks.class:14.23.5.2860]
	at net.minecraftforge.common.ForgeHooks.loadAdvancements(ForgeHooks.java:1326) [ForgeHooks.class:14.23.5.2860]
	at com.tmtravlr.additions.addon.advancements.ExtendedAdvancementManager.func_192779_a(ExtendedAdvancementManager.java:73) [ExtendedAdvancementManager.class:?]
	at com.tmtravlr.additions.addon.advancements.ExtendedAdvancementManager.<init>(ExtendedAdvancementManager.java:61) [ExtendedAdvancementManager.class:?]
	at com.tmtravlr.additions.addon.advancements.AddonAdvancementManager.replaceAdvancementManager(AddonAdvancementManager.java:24) [AddonAdvancementManager.class:?]
	at com.tmtravlr.additions.AdditionsMod.serverStarting(AdditionsMod.java:157) [AdditionsMod.class:?]
	at sun.reflect.NativeMethodAccessorImpl.invoke0(Native Method) ~[?:1.8.0_492]
	at sun.reflect.NativeMethodAccessorImpl.invoke(NativeMethodAccessorImpl.java:62) ~[?:1.8.0_492]
	at sun.reflect.DelegatingMethodAccessorImpl.invoke(DelegatingMethodAccessorImpl.java:43) ~[?:1.8.0_492]
	at java.lang.reflect.Method.invoke(Method.java:498) ~[?:1.8.0_492]
	at net.minecraftforge.fml.common.FMLModContainer.handleModStateEvent(FMLModContainer.java:637) [FMLModContainer.class:?]
	at sun.reflect.GeneratedMethodAccessor13.invoke(Unknown Source) ~[?:?]
	at sun.reflect.DelegatingMethodAccessorImpl.invoke(DelegatingMethodAccessorImpl.java:43) ~[?:1.8.0_492]
	at java.lang.reflect.Method.invoke(Method.java:498) ~[?:1.8.0_492]
	at com.google.common.eventbus.Subscriber.invokeSubscriberMethod(Subscriber.java:91) [minecraft_server.1.12.2.jar:?]
	at com.google.common.eventbus.Subscriber$SynchronizedSubscriber.invokeSubscriberMethod(Subscriber.java:150) [minecraft_server.1.12.2.jar:?]
	at com.google.common.eventbus.Subscriber$1.run(Subscriber.java:76) [minecraft_server.1.12.2.jar:?]
	at com.google.common.util.concurrent.MoreExecutors$DirectExecutor.execute(MoreExecutors.java:399) [minecraft_server.1.12.2.jar:?]
	at com.google.common.eventbus.Subscriber.dispatchEvent(Subscriber.java:71) [minecraft_server.1.12.2.jar:?]
	at com.google.common.eventbus.Dispatcher$PerThreadQueuedDispatcher.dispatch(Dispatcher.java:116) [minecraft_server.1.12.2.jar:?]
	at com.google.common.eventbus.EventBus.post(EventBus.java:217) [minecraft_server.1.12.2.jar:?]
	at net.minecraftforge.fml.common.LoadController.sendEventToModContainer(LoadController.java:219) [LoadController.class:?]
	at net.minecraftforge.fml.common.LoadController.propogateStateMessage(LoadController.java:197) [LoadController.class:?]
	at sun.reflect.NativeMethodAccessorImpl.invoke0(Native Method) ~[?:1.8.0_492]
	at sun.reflect.NativeMethodAccessorImpl.invoke(NativeMethodAccessorImpl.java:62) ~[?:1.8.0_492]
	at sun.reflect.DelegatingMethodAccessorImpl.invoke(DelegatingMethodAccessorImpl.java:43) ~[?:1.8.0_492]
	at java.lang.reflect.Method.invoke(Method.java:498) ~[?:1.8.0_492]
	at com.google.common.eventbus.Subscriber.invokeSubscriberMethod(Subscriber.java:91) [minecraft_server.1.12.2.jar:?]
	at com.google.common.eventbus.Subscriber$SynchronizedSubscriber.invokeSubscriberMethod(Subscriber.java:150) [minecraft_server.1.12.2.jar:?]
	at com.google.common.eventbus.Subscriber$1.run(Subscriber.java:76) [minecraft_server.1.12.2.jar:?]
	at com.google.common.util.concurrent.MoreExecutors$DirectExecutor.execute(MoreExecutors.java:399) [minecraft_server.1.12.2.jar:?]
	at com.google.common.eventbus.Subscriber.dispatchEvent(Subscriber.java:71) [minecraft_server.1.12.2.jar:?]
	at com.google.common.eventbus.Dispatcher$PerThreadQueuedDispatcher.dispatch(Dispatcher.java:116) [minecraft_server.1.12.2.jar:?]
	at com.google.common.eventbus.EventBus.post(EventBus.java:217) [minecraft_server.1.12.2.jar:?]
	at net.minecraftforge.fml.common.LoadController.distributeStateMessage(LoadController.java:136) [LoadController.class:?]
	at net.minecraftforge.fml.common.Loader.serverStarting(Loader.java:797) [Loader.class:?]
	at net.minecraftforge.fml.common.FMLCommonHandler.handleServerStarting(FMLCommonHandler.java:297) [FMLCommonHandler.class:?]
	at net.minecraft.server.dedicated.DedicatedServer.func_71197_b(DedicatedServer.java:307) [nz.class:?]
	at net.minecraft.server.MinecraftServer.run(MinecraftServer.java:486) [MinecraftServer.class:?]
	at java.lang.Thread.run(Thread.java:750) [?:1.8.0_492]
[23:21:47] [Server thread/ERROR] [FML]: Parsing error loading built-in advancement simpleplanes:recipes/plane
com.google.gson.JsonSyntaxException: Unknown recipe 'simpleplanes:acacia_mega_plane'
	at net.minecraft.advancements.AdvancementRewards$Deserializer.deserialize(AdvancementRewards.java:171) ~[l$a.class:?]
	at net.minecraft.advancements.AdvancementRewards$Deserializer.deserialize(AdvancementRewards.java:147) ~[l$a.class:?]
	at com.google.gson.internal.bind.TreeTypeAdapter.read(TreeTypeAdapter.java:69) ~[TreeTypeAdapter.class:?]
	at com.google.gson.Gson.fromJson(Gson.java:887) ~[Gson.class:?]
	at com.google.gson.Gson.fromJson(Gson.java:952) ~[Gson.class:?]
	at com.google.gson.internal.bind.TreeTypeAdapter$GsonContextImpl.deserialize(TreeTypeAdapter.java:162) ~[TreeTypeAdapter$GsonContextImpl.class:?]
	at net.minecraft.util.JsonUtils.func_188179_a(SourceFile:439) ~[rc.class:?]
	at net.minecraft.util.JsonUtils.func_188177_a(SourceFile:455) ~[rc.class:?]
	at net.minecraft.advancements.Advancement$Builder.func_192059_a(SourceFile:203) ~[i$a.class:?]
	at net.minecraft.advancements.AdvancementManager$1.deserialize(AdvancementManager.java:50) ~[ns$1.class:?]
	at net.minecraft.advancements.AdvancementManager$1.deserialize(AdvancementManager.java:46) ~[ns$1.class:?]
	at com.google.gson.internal.bind.TreeTypeAdapter.read(TreeTypeAdapter.java:69) ~[TreeTypeAdapter.class:?]
	at net.minecraft.util.JsonUtils.func_188173_a(SourceFile:492) ~[rc.class:?]
	at net.minecraft.util.JsonUtils.func_188176_a(SourceFile:517) ~[rc.class:?]
	at net.minecraft.util.JsonUtils.func_188178_a(SourceFile:537) ~[rc.class:?]
	at net.minecraftforge.common.ForgeHooks.lambda$loadAdvancements$0(ForgeHooks.java:1381) ~[ForgeHooks.class:14.23.5.2860]
	at net.minecraftforge.common.crafting.CraftingHelper.findFiles(CraftingHelper.java:833) [CraftingHelper.class:?]
	at net.minecraftforge.common.ForgeHooks.loadAdvancements(ForgeHooks.java:1359) [ForgeHooks.class:14.23.5.2860]
	at net.minecraftforge.common.ForgeHooks.loadAdvancements(ForgeHooks.java:1326) [ForgeHooks.class:14.23.5.2860]
	at com.tmtravlr.additions.addon.advancements.ExtendedAdvancementManager.func_192779_a(ExtendedAdvancementManager.java:73) [ExtendedAdvancementManager.class:?]
	at com.tmtravlr.additions.addon.advancements.ExtendedAdvancementManager.<init>(ExtendedAdvancementManager.java:61) [ExtendedAdvancementManager.class:?]
	at com.tmtravlr.additions.addon.advancements.AddonAdvancementManager.replaceAdvancementManager(AddonAdvancementManager.java:24) [AddonAdvancementManager.class:?]
	at com.tmtravlr.additions.AdditionsMod.serverStarting(AdditionsMod.java:157) [AdditionsMod.class:?]
	at sun.reflect.NativeMethodAccessorImpl.invoke0(Native Method) ~[?:1.8.0_492]
	at sun.reflect.NativeMethodAccessorImpl.invoke(NativeMethodAccessorImpl.java:62) ~[?:1.8.0_492]
	at sun.reflect.DelegatingMethodAccessorImpl.invoke(DelegatingMethodAccessorImpl.java:43) ~[?:1.8.0_492]
	at java.lang.reflect.Method.invoke(Method.java:498) ~[?:1.8.0_492]
	at net.minecraftforge.fml.common.FMLModContainer.handleModStateEvent(FMLModContainer.java:637) [FMLModContainer.class:?]
	at sun.reflect.GeneratedMethodAccessor13.invoke(Unknown Source) ~[?:?]
	at sun.reflect.DelegatingMethodAccessorImpl.invoke(DelegatingMethodAccessorImpl.java:43) ~[?:1.8.0_492]
	at java.lang.reflect.Method.invoke(Method.java:498) ~[?:1.8.0_492]
	at com.google.common.eventbus.Subscriber.invokeSubscriberMethod(Subscriber.java:91) [minecraft_server.1.12.2.jar:?]
	at com.google.common.eventbus.Subscriber$SynchronizedSubscriber.invokeSubscriberMethod(Subscriber.java:150) [minecraft_server.1.12.2.jar:?]
	at com.google.common.eventbus.Subscriber$1.run(Subscriber.java:76) [minecraft_server.1.12.2.jar:?]
	at com.google.common.util.concurrent.MoreExecutors$DirectExecutor.execute(MoreExecutors.java:399) [minecraft_server.1.12.2.jar:?]
	at com.google.common.eventbus.Subscriber.dispatchEvent(Subscriber.java:71) [minecraft_server.1.12.2.jar:?]
	at com.google.common.eventbus.Dispatcher$PerThreadQueuedDispatcher.dispatch(Dispatcher.java:116) [minecraft_server.1.12.2.jar:?]
	at com.google.common.eventbus.EventBus.post(EventBus.java:217) [minecraft_server.1.12.2.jar:?]
	at net.minecraftforge.fml.common.LoadController.sendEventToModContainer(LoadController.java:219) [LoadController.class:?]
	at net.minecraftforge.fml.common.LoadController.propogateStateMessage(LoadController.java:197) [LoadController.class:?]
	at sun.reflect.NativeMethodAccessorImpl.invoke0(Native Method) ~[?:1.8.0_492]
	at sun.reflect.NativeMethodAccessorImpl.invoke(NativeMethodAccessorImpl.java:62) ~[?:1.8.0_492]
	at sun.reflect.DelegatingMethodAccessorImpl.invoke(DelegatingMethodAccessorImpl.java:43) ~[?:1.8.0_492]
	at java.lang.reflect.Method.invoke(Method.java:498) ~[?:1.8.0_492]
	at com.google.common.eventbus.Subscriber.invokeSubscriberMethod(Subscriber.java:91) [minecraft_server.1.12.2.jar:?]
	at com.google.common.eventbus.Subscriber$SynchronizedSubscriber.invokeSubscriberMethod(Subscriber.java:150) [minecraft_server.1.12.2.jar:?]
	at com.google.common.eventbus.Subscriber$1.run(Subscriber.java:76) [minecraft_server.1.12.2.jar:?]
	at com.google.common.util.concurrent.MoreExecutors$DirectExecutor.execute(MoreExecutors.java:399) [minecraft_server.1.12.2.jar:?]
	at com.google.common.eventbus.Subscriber.dispatchEvent(Subscriber.java:71) [minecraft_server.1.12.2.jar:?]
	at com.google.common.eventbus.Dispatcher$PerThreadQueuedDispatcher.dispatch(Dispatcher.java:116) [minecraft_server.1.12.2.jar:?]
	at com.google.common.eventbus.EventBus.post(EventBus.java:217) [minecraft_server.1.12.2.jar:?]
	at net.minecraftforge.fml.common.LoadController.distributeStateMessage(LoadController.java:136) [LoadController.class:?]
	at net.minecraftforge.fml.common.Loader.serverStarting(Loader.java:797) [Loader.class:?]
	at net.minecraftforge.fml.common.FMLCommonHandler.handleServerStarting(FMLCommonHandler.java:297) [FMLCommonHandler.class:?]
	at net.minecraft.server.dedicated.DedicatedServer.func_71197_b(DedicatedServer.java:307) [nz.class:?]
	at net.minecraft.server.MinecraftServer.run(MinecraftServer.java:486) [MinecraftServer.class:?]
	at java.lang.Thread.run(Thread.java:750) [?:1.8.0_492]
[23:21:47] [Server thread/ERROR] [FML]: Parsing error loading built-in advancement trashcans:recipes/liquid_trash_can
com.google.gson.JsonSyntaxException: Unknown recipe 'trashcans:liquid_trash_can'
	at net.minecraft.advancements.AdvancementRewards$Deserializer.deserialize(AdvancementRewards.java:171) ~[l$a.class:?]
	at net.minecraft.advancements.AdvancementRewards$Deserializer.deserialize(AdvancementRewards.java:147) ~[l$a.class:?]
	at com.google.gson.internal.bind.TreeTypeAdapter.read(TreeTypeAdapter.java:69) ~[TreeTypeAdapter.class:?]
	at com.google.gson.Gson.fromJson(Gson.java:887) ~[Gson.class:?]
	at com.google.gson.Gson.fromJson(Gson.java:952) ~[Gson.class:?]
	at com.google.gson.internal.bind.TreeTypeAdapter$GsonContextImpl.deserialize(TreeTypeAdapter.java:162) ~[TreeTypeAdapter$GsonContextImpl.class:?]
	at net.minecraft.util.JsonUtils.func_188179_a(SourceFile:439) ~[rc.class:?]
	at net.minecraft.util.JsonUtils.func_188177_a(SourceFile:455) ~[rc.class:?]
	at net.minecraft.advancements.Advancement$Builder.func_192059_a(SourceFile:203) ~[i$a.class:?]
	at net.minecraft.advancements.AdvancementManager$1.deserialize(AdvancementManager.java:50) ~[ns$1.class:?]
	at net.minecraft.advancements.AdvancementManager$1.deserialize(AdvancementManager.java:46) ~[ns$1.class:?]
	at com.google.gson.internal.bind.TreeTypeAdapter.read(TreeTypeAdapter.java:69) ~[TreeTypeAdapter.class:?]
	at net.minecraft.util.JsonUtils.func_188173_a(SourceFile:492) ~[rc.class:?]
	at net.minecraft.util.JsonUtils.func_188176_a(SourceFile:517) ~[rc.class:?]
	at net.minecraft.util.JsonUtils.func_188178_a(SourceFile:537) ~[rc.class:?]
	at net.minecraftforge.common.ForgeHooks.lambda$loadAdvancements$0(ForgeHooks.java:1381) ~[ForgeHooks.class:14.23.5.2860]
	at net.minecraftforge.common.crafting.CraftingHelper.findFiles(CraftingHelper.java:833) [CraftingHelper.class:?]
	at net.minecraftforge.common.ForgeHooks.loadAdvancements(ForgeHooks.java:1359) [ForgeHooks.class:14.23.5.2860]
	at net.minecraftforge.common.ForgeHooks.loadAdvancements(ForgeHooks.java:1326) [ForgeHooks.class:14.23.5.2860]
	at com.tmtravlr.additions.addon.advancements.ExtendedAdvancementManager.func_192779_a(ExtendedAdvancementManager.java:73) [ExtendedAdvancementManager.class:?]
	at com.tmtravlr.additions.addon.advancements.ExtendedAdvancementManager.<init>(ExtendedAdvancementManager.java:61) [ExtendedAdvancementManager.class:?]
	at com.tmtravlr.additions.addon.advancements.AddonAdvancementManager.replaceAdvancementManager(AddonAdvancementManager.java:24) [AddonAdvancementManager.class:?]
	at com.tmtravlr.additions.AdditionsMod.serverStarting(AdditionsMod.java:157) [AdditionsMod.class:?]
	at sun.reflect.NativeMethodAccessorImpl.invoke0(Native Method) ~[?:1.8.0_492]
	at sun.reflect.NativeMethodAccessorImpl.invoke(NativeMethodAccessorImpl.java:62) ~[?:1.8.0_492]
	at sun.reflect.DelegatingMethodAccessorImpl.invoke(DelegatingMethodAccessorImpl.java:43) ~[?:1.8.0_492]
	at java.lang.reflect.Method.invoke(Method.java:498) ~[?:1.8.0_492]
	at net.minecraftforge.fml.common.FMLModContainer.handleModStateEvent(FMLModContainer.java:637) [FMLModContainer.class:?]
	at sun.reflect.GeneratedMethodAccessor13.invoke(Unknown Source) ~[?:?]
	at sun.reflect.DelegatingMethodAccessorImpl.invoke(DelegatingMethodAccessorImpl.java:43) ~[?:1.8.0_492]
	at java.lang.reflect.Method.invoke(Method.java:498) ~[?:1.8.0_492]
	at com.google.common.eventbus.Subscriber.invokeSubscriberMethod(Subscriber.java:91) [minecraft_server.1.12.2.jar:?]
	at com.google.common.eventbus.Subscriber$SynchronizedSubscriber.invokeSubscriberMethod(Subscriber.java:150) [minecraft_server.1.12.2.jar:?]
	at com.google.common.eventbus.Subscriber$1.run(Subscriber.java:76) [minecraft_server.1.12.2.jar:?]
	at com.google.common.util.concurrent.MoreExecutors$DirectExecutor.execute(MoreExecutors.java:399) [minecraft_server.1.12.2.jar:?]
	at com.google.common.eventbus.Subscriber.dispatchEvent(Subscriber.java:71) [minecraft_server.1.12.2.jar:?]
	at com.google.common.eventbus.Dispatcher$PerThreadQueuedDispatcher.dispatch(Dispatcher.java:116) [minecraft_server.1.12.2.jar:?]
	at com.google.common.eventbus.EventBus.post(EventBus.java:217) [minecraft_server.1.12.2.jar:?]
	at net.minecraftforge.fml.common.LoadController.sendEventToModContainer(LoadController.java:219) [LoadController.class:?]
	at net.minecraftforge.fml.common.LoadController.propogateStateMessage(LoadController.java:197) [LoadController.class:?]
	at sun.reflect.NativeMethodAccessorImpl.invoke0(Native Method) ~[?:1.8.0_492]
	at sun.reflect.NativeMethodAccessorImpl.invoke(NativeMethodAccessorImpl.java:62) ~[?:1.8.0_492]
	at sun.reflect.DelegatingMethodAccessorImpl.invoke(DelegatingMethodAccessorImpl.java:43) ~[?:1.8.0_492]
	at java.lang.reflect.Method.invoke(Method.java:498) ~[?:1.8.0_492]
	at com.google.common.eventbus.Subscriber.invokeSubscriberMethod(Subscriber.java:91) [minecraft_server.1.12.2.jar:?]
	at com.google.common.eventbus.Subscriber$SynchronizedSubscriber.invokeSubscriberMethod(Subscriber.java:150) [minecraft_server.1.12.2.jar:?]
	at com.google.common.eventbus.Subscriber$1.run(Subscriber.java:76) [minecraft_server.1.12.2.jar:?]
	at com.google.common.util.concurrent.MoreExecutors$DirectExecutor.execute(MoreExecutors.java:399) [minecraft_server.1.12.2.jar:?]
	at com.google.common.eventbus.Subscriber.dispatchEvent(Subscriber.java:71) [minecraft_server.1.12.2.jar:?]
	at com.google.common.eventbus.Dispatcher$PerThreadQueuedDispatcher.dispatch(Dispatcher.java:116) [minecraft_server.1.12.2.jar:?]
	at com.google.common.eventbus.EventBus.post(EventBus.java:217) [minecraft_server.1.12.2.jar:?]
	at net.minecraftforge.fml.common.LoadController.distributeStateMessage(LoadController.java:136) [LoadController.class:?]
	at net.minecraftforge.fml.common.Loader.serverStarting(Loader.java:797) [Loader.class:?]
	at net.minecraftforge.fml.common.FMLCommonHandler.handleServerStarting(FMLCommonHandler.java:297) [FMLCommonHandler.class:?]
	at net.minecraft.server.dedicated.DedicatedServer.func_71197_b(DedicatedServer.java:307) [nz.class:?]
	at net.minecraft.server.MinecraftServer.run(MinecraftServer.java:486) [MinecraftServer.class:?]
	at java.lang.Thread.run(Thread.java:750) [?:1.8.0_492]
[23:21:47] [Server thread/ERROR] [FML]: Parsing error loading built-in advancement trashcans:recipes/item_trash_can
com.google.gson.JsonSyntaxException: Unknown recipe 'trashcans:item_trash_can'
	at net.minecraft.advancements.AdvancementRewards$Deserializer.deserialize(AdvancementRewards.java:171) ~[l$a.class:?]
	at net.minecraft.advancements.AdvancementRewards$Deserializer.deserialize(AdvancementRewards.java:147) ~[l$a.class:?]
	at com.google.gson.internal.bind.TreeTypeAdapter.read(TreeTypeAdapter.java:69) ~[TreeTypeAdapter.class:?]
	at com.google.gson.Gson.fromJson(Gson.java:887) ~[Gson.class:?]
	at com.google.gson.Gson.fromJson(Gson.java:952) ~[Gson.class:?]
	at com.google.gson.internal.bind.TreeTypeAdapter$GsonContextImpl.deserialize(TreeTypeAdapter.java:162) ~[TreeTypeAdapter$GsonContextImpl.class:?]
	at net.minecraft.util.JsonUtils.func_188179_a(SourceFile:439) ~[rc.class:?]
	at net.minecraft.util.JsonUtils.func_188177_a(SourceFile:455) ~[rc.class:?]
	at net.minecraft.advancements.Advancement$Builder.func_192059_a(SourceFile:203) ~[i$a.class:?]
	at net.minecraft.advancements.AdvancementManager$1.deserialize(AdvancementManager.java:50) ~[ns$1.class:?]
	at net.minecraft.advancements.AdvancementManager$1.deserialize(AdvancementManager.java:46) ~[ns$1.class:?]
	at com.google.gson.internal.bind.TreeTypeAdapter.read(TreeTypeAdapter.java:69) ~[TreeTypeAdapter.class:?]
	at net.minecraft.util.JsonUtils.func_188173_a(SourceFile:492) ~[rc.class:?]
	at net.minecraft.util.JsonUtils.func_188176_a(SourceFile:517) ~[rc.class:?]
	at net.minecraft.util.JsonUtils.func_188178_a(SourceFile:537) ~[rc.class:?]
	at net.minecraftforge.common.ForgeHooks.lambda$loadAdvancements$0(ForgeHooks.java:1381) ~[ForgeHooks.class:14.23.5.2860]
	at net.minecraftforge.common.crafting.CraftingHelper.findFiles(CraftingHelper.java:833) [CraftingHelper.class:?]
	at net.minecraftforge.common.ForgeHooks.loadAdvancements(ForgeHooks.java:1359) [ForgeHooks.class:14.23.5.2860]
	at net.minecraftforge.common.ForgeHooks.loadAdvancements(ForgeHooks.java:1326) [ForgeHooks.class:14.23.5.2860]
	at com.tmtravlr.additions.addon.advancements.ExtendedAdvancementManager.func_192779_a(ExtendedAdvancementManager.java:73) [ExtendedAdvancementManager.class:?]
	at com.tmtravlr.additions.addon.advancements.ExtendedAdvancementManager.<init>(ExtendedAdvancementManager.java:61) [ExtendedAdvancementManager.class:?]
	at com.tmtravlr.additions.addon.advancements.AddonAdvancementManager.replaceAdvancementManager(AddonAdvancementManager.java:24) [AddonAdvancementManager.class:?]
	at com.tmtravlr.additions.AdditionsMod.serverStarting(AdditionsMod.java:157) [AdditionsMod.class:?]
	at sun.reflect.NativeMethodAccessorImpl.invoke0(Native Method) ~[?:1.8.0_492]
	at sun.reflect.NativeMethodAccessorImpl.invoke(NativeMethodAccessorImpl.java:62) ~[?:1.8.0_492]
	at sun.reflect.DelegatingMethodAccessorImpl.invoke(DelegatingMethodAccessorImpl.java:43) ~[?:1.8.0_492]
	at java.lang.reflect.Method.invoke(Method.java:498) ~[?:1.8.0_492]
	at net.minecraftforge.fml.common.FMLModContainer.handleModStateEvent(FMLModContainer.java:637) [FMLModContainer.class:?]
	at sun.reflect.GeneratedMethodAccessor13.invoke(Unknown Source) ~[?:?]
	at sun.reflect.DelegatingMethodAccessorImpl.invoke(DelegatingMethodAccessorImpl.java:43) ~[?:1.8.0_492]
	at java.lang.reflect.Method.invoke(Method.java:498) ~[?:1.8.0_492]
	at com.google.common.eventbus.Subscriber.invokeSubscriberMethod(Subscriber.java:91) [minecraft_server.1.12.2.jar:?]
	at com.google.common.eventbus.Subscriber$SynchronizedSubscriber.invokeSubscriberMethod(Subscriber.java:150) [minecraft_server.1.12.2.jar:?]
	at com.google.common.eventbus.Subscriber$1.run(Subscriber.java:76) [minecraft_server.1.12.2.jar:?]
	at com.google.common.util.concurrent.MoreExecutors$DirectExecutor.execute(MoreExecutors.java:399) [minecraft_server.1.12.2.jar:?]
	at com.google.common.eventbus.Subscriber.dispatchEvent(Subscriber.java:71) [minecraft_server.1.12.2.jar:?]
	at com.google.common.eventbus.Dispatcher$PerThreadQueuedDispatcher.dispatch(Dispatcher.java:116) [minecraft_server.1.12.2.jar:?]
	at com.google.common.eventbus.EventBus.post(EventBus.java:217) [minecraft_server.1.12.2.jar:?]
	at net.minecraftforge.fml.common.LoadController.sendEventToModContainer(LoadController.java:219) [LoadController.class:?]
	at net.minecraftforge.fml.common.LoadController.propogateStateMessage(LoadController.java:197) [LoadController.class:?]
	at sun.reflect.NativeMethodAccessorImpl.invoke0(Native Method) ~[?:1.8.0_492]
	at sun.reflect.NativeMethodAccessorImpl.invoke(NativeMethodAccessorImpl.java:62) ~[?:1.8.0_492]
	at sun.reflect.DelegatingMethodAccessorImpl.invoke(DelegatingMethodAccessorImpl.java:43) ~[?:1.8.0_492]
	at java.lang.reflect.Method.invoke(Method.java:498) ~[?:1.8.0_492]
	at com.google.common.eventbus.Subscriber.invokeSubscriberMethod(Subscriber.java:91) [minecraft_server.1.12.2.jar:?]
	at com.google.common.eventbus.Subscriber$SynchronizedSubscriber.invokeSubscriberMethod(Subscriber.java:150) [minecraft_server.1.12.2.jar:?]
	at com.google.common.eventbus.Subscriber$1.run(Subscriber.java:76) [minecraft_server.1.12.2.jar:?]
	at com.google.common.util.concurrent.MoreExecutors$DirectExecutor.execute(MoreExecutors.java:399) [minecraft_server.1.12.2.jar:?]
	at com.google.common.eventbus.Subscriber.dispatchEvent(Subscriber.java:71) [minecraft_server.1.12.2.jar:?]
	at com.google.common.eventbus.Dispatcher$PerThreadQueuedDispatcher.dispatch(Dispatcher.java:116) [minecraft_server.1.12.2.jar:?]
	at com.google.common.eventbus.EventBus.post(EventBus.java:217) [minecraft_server.1.12.2.jar:?]
	at net.minecraftforge.fml.common.LoadController.distributeStateMessage(LoadController.java:136) [LoadController.class:?]
	at net.minecraftforge.fml.common.Loader.serverStarting(Loader.java:797) [Loader.class:?]
	at net.minecraftforge.fml.common.FMLCommonHandler.handleServerStarting(FMLCommonHandler.java:297) [FMLCommonHandler.class:?]
	at net.minecraft.server.dedicated.DedicatedServer.func_71197_b(DedicatedServer.java:307) [nz.class:?]
	at net.minecraft.server.MinecraftServer.run(MinecraftServer.java:486) [MinecraftServer.class:?]
	at java.lang.Thread.run(Thread.java:750) [?:1.8.0_492]
[23:21:47] [Server thread/ERROR] [FML]: Parsing error loading built-in advancement trashcans:recipes/energy_trash_can
com.google.gson.JsonSyntaxException: Unknown recipe 'trashcans:energy_trash_can'
	at net.minecraft.advancements.AdvancementRewards$Deserializer.deserialize(AdvancementRewards.java:171) ~[l$a.class:?]
	at net.minecraft.advancements.AdvancementRewards$Deserializer.deserialize(AdvancementRewards.java:147) ~[l$a.class:?]
	at com.google.gson.internal.bind.TreeTypeAdapter.read(TreeTypeAdapter.java:69) ~[TreeTypeAdapter.class:?]
	at com.google.gson.Gson.fromJson(Gson.java:887) ~[Gson.class:?]
	at com.google.gson.Gson.fromJson(Gson.java:952) ~[Gson.class:?]
	at com.google.gson.internal.bind.TreeTypeAdapter$GsonContextImpl.deserialize(TreeTypeAdapter.java:162) ~[TreeTypeAdapter$GsonContextImpl.class:?]
	at net.minecraft.util.JsonUtils.func_188179_a(SourceFile:439) ~[rc.class:?]
	at net.minecraft.util.JsonUtils.func_188177_a(SourceFile:455) ~[rc.class:?]
	at net.minecraft.advancements.Advancement$Builder.func_192059_a(SourceFile:203) ~[i$a.class:?]
	at net.minecraft.advancements.AdvancementManager$1.deserialize(AdvancementManager.java:50) ~[ns$1.class:?]
	at net.minecraft.advancements.AdvancementManager$1.deserialize(AdvancementManager.java:46) ~[ns$1.class:?]
	at com.google.gson.internal.bind.TreeTypeAdapter.read(TreeTypeAdapter.java:69) ~[TreeTypeAdapter.class:?]
	at net.minecraft.util.JsonUtils.func_188173_a(SourceFile:492) ~[rc.class:?]
	at net.minecraft.util.JsonUtils.func_188176_a(SourceFile:517) ~[rc.class:?]
	at net.minecraft.util.JsonUtils.func_188178_a(SourceFile:537) ~[rc.class:?]
	at net.minecraftforge.common.ForgeHooks.lambda$loadAdvancements$0(ForgeHooks.java:1381) ~[ForgeHooks.class:14.23.5.2860]
	at net.minecraftforge.common.crafting.CraftingHelper.findFiles(CraftingHelper.java:833) [CraftingHelper.class:?]
	at net.minecraftforge.common.ForgeHooks.loadAdvancements(ForgeHooks.java:1359) [ForgeHooks.class:14.23.5.2860]
	at net.minecraftforge.common.ForgeHooks.loadAdvancements(ForgeHooks.java:1326) [ForgeHooks.class:14.23.5.2860]
	at com.tmtravlr.additions.addon.advancements.ExtendedAdvancementManager.func_192779_a(ExtendedAdvancementManager.java:73) [ExtendedAdvancementManager.class:?]
	at com.tmtravlr.additions.addon.advancements.ExtendedAdvancementManager.<init>(ExtendedAdvancementManager.java:61) [ExtendedAdvancementManager.class:?]
	at com.tmtravlr.additions.addon.advancements.AddonAdvancementManager.replaceAdvancementManager(AddonAdvancementManager.java:24) [AddonAdvancementManager.class:?]
	at com.tmtravlr.additions.AdditionsMod.serverStarting(AdditionsMod.java:157) [AdditionsMod.class:?]
	at sun.reflect.NativeMethodAccessorImpl.invoke0(Native Method) ~[?:1.8.0_492]
	at sun.reflect.NativeMethodAccessorImpl.invoke(NativeMethodAccessorImpl.java:62) ~[?:1.8.0_492]
	at sun.reflect.DelegatingMethodAccessorImpl.invoke(DelegatingMethodAccessorImpl.java:43) ~[?:1.8.0_492]
	at java.lang.reflect.Method.invoke(Method.java:498) ~[?:1.8.0_492]
	at net.minecraftforge.fml.common.FMLModContainer.handleModStateEvent(FMLModContainer.java:637) [FMLModContainer.class:?]
	at sun.reflect.GeneratedMethodAccessor13.invoke(Unknown Source) ~[?:?]
	at sun.reflect.DelegatingMethodAccessorImpl.invoke(DelegatingMethodAccessorImpl.java:43) ~[?:1.8.0_492]
	at java.lang.reflect.Method.invoke(Method.java:498) ~[?:1.8.0_492]
	at com.google.common.eventbus.Subscriber.invokeSubscriberMethod(Subscriber.java:91) [minecraft_server.1.12.2.jar:?]
	at com.google.common.eventbus.Subscriber$SynchronizedSubscriber.invokeSubscriberMethod(Subscriber.java:150) [minecraft_server.1.12.2.jar:?]
	at com.google.common.eventbus.Subscriber$1.run(Subscriber.java:76) [minecraft_server.1.12.2.jar:?]
	at com.google.common.util.concurrent.MoreExecutors$DirectExecutor.execute(MoreExecutors.java:399) [minecraft_server.1.12.2.jar:?]
	at com.google.common.eventbus.Subscriber.dispatchEvent(Subscriber.java:71) [minecraft_server.1.12.2.jar:?]
	at com.google.common.eventbus.Dispatcher$PerThreadQueuedDispatcher.dispatch(Dispatcher.java:116) [minecraft_server.1.12.2.jar:?]
	at com.google.common.eventbus.EventBus.post(EventBus.java:217) [minecraft_server.1.12.2.jar:?]
	at net.minecraftforge.fml.common.LoadController.sendEventToModContainer(LoadController.java:219) [LoadController.class:?]
	at net.minecraftforge.fml.common.LoadController.propogateStateMessage(LoadController.java:197) [LoadController.class:?]
	at sun.reflect.NativeMethodAccessorImpl.invoke0(Native Method) ~[?:1.8.0_492]
	at sun.reflect.NativeMethodAccessorImpl.invoke(NativeMethodAccessorImpl.java:62) ~[?:1.8.0_492]
	at sun.reflect.DelegatingMethodAccessorImpl.invoke(DelegatingMethodAccessorImpl.java:43) ~[?:1.8.0_492]
	at java.lang.reflect.Method.invoke(Method.java:498) ~[?:1.8.0_492]
	at com.google.common.eventbus.Subscriber.invokeSubscriberMethod(Subscriber.java:91) [minecraft_server.1.12.2.jar:?]
	at com.google.common.eventbus.Subscriber$SynchronizedSubscriber.invokeSubscriberMethod(Subscriber.java:150) [minecraft_server.1.12.2.jar:?]
	at com.google.common.eventbus.Subscriber$1.run(Subscriber.java:76) [minecraft_server.1.12.2.jar:?]
	at com.google.common.util.concurrent.MoreExecutors$DirectExecutor.execute(MoreExecutors.java:399) [minecraft_server.1.12.2.jar:?]
	at com.google.common.eventbus.Subscriber.dispatchEvent(Subscriber.java:71) [minecraft_server.1.12.2.jar:?]
	at com.google.common.eventbus.Dispatcher$PerThreadQueuedDispatcher.dispatch(Dispatcher.java:116) [minecraft_server.1.12.2.jar:?]
	at com.google.common.eventbus.EventBus.post(EventBus.java:217) [minecraft_server.1.12.2.jar:?]
	at net.minecraftforge.fml.common.LoadController.distributeStateMessage(LoadController.java:136) [LoadController.class:?]
	at net.minecraftforge.fml.common.Loader.serverStarting(Loader.java:797) [Loader.class:?]
	at net.minecraftforge.fml.common.FMLCommonHandler.handleServerStarting(FMLCommonHandler.java:297) [FMLCommonHandler.class:?]
	at net.minecraft.server.dedicated.DedicatedServer.func_71197_b(DedicatedServer.java:307) [nz.class:?]
	at net.minecraft.server.MinecraftServer.run(MinecraftServer.java:486) [MinecraftServer.class:?]
	at java.lang.Thread.run(Thread.java:750) [?:1.8.0_492]
[23:21:47] [Server thread/ERROR] [FML]: Parsing error loading built-in advancement wolfarmor:recipes/combat/leather_wolf_armor
com.google.gson.JsonSyntaxException: Unknown recipe 'wolfarmor:leather_wolf_armor'
	at net.minecraft.advancements.AdvancementRewards$Deserializer.deserialize(AdvancementRewards.java:171) ~[l$a.class:?]
	at net.minecraft.advancements.AdvancementRewards$Deserializer.deserialize(AdvancementRewards.java:147) ~[l$a.class:?]
	at com.google.gson.internal.bind.TreeTypeAdapter.read(TreeTypeAdapter.java:69) ~[TreeTypeAdapter.class:?]
	at com.google.gson.Gson.fromJson(Gson.java:887) ~[Gson.class:?]
	at com.google.gson.Gson.fromJson(Gson.java:952) ~[Gson.class:?]
	at com.google.gson.internal.bind.TreeTypeAdapter$GsonContextImpl.deserialize(TreeTypeAdapter.java:162) ~[TreeTypeAdapter$GsonContextImpl.class:?]
	at net.minecraft.util.JsonUtils.func_188179_a(SourceFile:439) ~[rc.class:?]
	at net.minecraft.util.JsonUtils.func_188177_a(SourceFile:455) ~[rc.class:?]
	at net.minecraft.advancements.Advancement$Builder.func_192059_a(SourceFile:203) ~[i$a.class:?]
	at net.minecraft.advancements.AdvancementManager$1.deserialize(AdvancementManager.java:50) ~[ns$1.class:?]
	at net.minecraft.advancements.AdvancementManager$1.deserialize(AdvancementManager.java:46) ~[ns$1.class:?]
	at com.google.gson.internal.bind.TreeTypeAdapter.read(TreeTypeAdapter.java:69) ~[TreeTypeAdapter.class:?]
	at net.minecraft.util.JsonUtils.func_188173_a(SourceFile:492) ~[rc.class:?]
	at net.minecraft.util.JsonUtils.func_188176_a(SourceFile:517) ~[rc.class:?]
	at net.minecraft.util.JsonUtils.func_188178_a(SourceFile:537) ~[rc.class:?]
	at net.minecraftforge.common.ForgeHooks.lambda$loadAdvancements$0(ForgeHooks.java:1381) ~[ForgeHooks.class:14.23.5.2860]
	at net.minecraftforge.common.crafting.CraftingHelper.findFiles(CraftingHelper.java:833) [CraftingHelper.class:?]
	at net.minecraftforge.common.ForgeHooks.loadAdvancements(ForgeHooks.java:1359) [ForgeHooks.class:14.23.5.2860]
	at net.minecraftforge.common.ForgeHooks.loadAdvancements(ForgeHooks.java:1326) [ForgeHooks.class:14.23.5.2860]
	at com.tmtravlr.additions.addon.advancements.ExtendedAdvancementManager.func_192779_a(ExtendedAdvancementManager.java:73) [ExtendedAdvancementManager.class:?]
	at com.tmtravlr.additions.addon.advancements.ExtendedAdvancementManager.<init>(ExtendedAdvancementManager.java:61) [ExtendedAdvancementManager.class:?]
	at com.tmtravlr.additions.addon.advancements.AddonAdvancementManager.replaceAdvancementManager(AddonAdvancementManager.java:24) [AddonAdvancementManager.class:?]
	at com.tmtravlr.additions.AdditionsMod.serverStarting(AdditionsMod.java:157) [AdditionsMod.class:?]
	at sun.reflect.NativeMethodAccessorImpl.invoke0(Native Method) ~[?:1.8.0_492]
	at sun.reflect.NativeMethodAccessorImpl.invoke(NativeMethodAccessorImpl.java:62) ~[?:1.8.0_492]
	at sun.reflect.DelegatingMethodAccessorImpl.invoke(DelegatingMethodAccessorImpl.java:43) ~[?:1.8.0_492]
	at java.lang.reflect.Method.invoke(Method.java:498) ~[?:1.8.0_492]
	at net.minecraftforge.fml.common.FMLModContainer.handleModStateEvent(FMLModContainer.java:637) [FMLModContainer.class:?]
	at sun.reflect.GeneratedMethodAccessor13.invoke(Unknown Source) ~[?:?]
	at sun.reflect.DelegatingMethodAccessorImpl.invoke(DelegatingMethodAccessorImpl.java:43) ~[?:1.8.0_492]
	at java.lang.reflect.Method.invoke(Method.java:498) ~[?:1.8.0_492]
	at com.google.common.eventbus.Subscriber.invokeSubscriberMethod(Subscriber.java:91) [minecraft_server.1.12.2.jar:?]
	at com.google.common.eventbus.Subscriber$SynchronizedSubscriber.invokeSubscriberMethod(Subscriber.java:150) [minecraft_server.1.12.2.jar:?]
	at com.google.common.eventbus.Subscriber$1.run(Subscriber.java:76) [minecraft_server.1.12.2.jar:?]
	at com.google.common.util.concurrent.MoreExecutors$DirectExecutor.execute(MoreExecutors.java:399) [minecraft_server.1.12.2.jar:?]
	at com.google.common.eventbus.Subscriber.dispatchEvent(Subscriber.java:71) [minecraft_server.1.12.2.jar:?]
	at com.google.common.eventbus.Dispatcher$PerThreadQueuedDispatcher.dispatch(Dispatcher.java:116) [minecraft_server.1.12.2.jar:?]
	at com.google.common.eventbus.EventBus.post(EventBus.java:217) [minecraft_server.1.12.2.jar:?]
	at net.minecraftforge.fml.common.LoadController.sendEventToModContainer(LoadController.java:219) [LoadController.class:?]
	at net.minecraftforge.fml.common.LoadController.propogateStateMessage(LoadController.java:197) [LoadController.class:?]
	at sun.reflect.NativeMethodAccessorImpl.invoke0(Native Method) ~[?:1.8.0_492]
	at sun.reflect.NativeMethodAccessorImpl.invoke(NativeMethodAccessorImpl.java:62) ~[?:1.8.0_492]
	at sun.reflect.DelegatingMethodAccessorImpl.invoke(DelegatingMethodAccessorImpl.java:43) ~[?:1.8.0_492]
	at java.lang.reflect.Method.invoke(Method.java:498) ~[?:1.8.0_492]
	at com.google.common.eventbus.Subscriber.invokeSubscriberMethod(Subscriber.java:91) [minecraft_server.1.12.2.jar:?]
	at com.google.common.eventbus.Subscriber$SynchronizedSubscriber.invokeSubscriberMethod(Subscriber.java:150) [minecraft_server.1.12.2.jar:?]
	at com.google.common.eventbus.Subscriber$1.run(Subscriber.java:76) [minecraft_server.1.12.2.jar:?]
	at com.google.common.util.concurrent.MoreExecutors$DirectExecutor.execute(MoreExecutors.java:399) [minecraft_server.1.12.2.jar:?]
	at com.google.common.eventbus.Subscriber.dispatchEvent(Subscriber.java:71) [minecraft_server.1.12.2.jar:?]
	at com.google.common.eventbus.Dispatcher$PerThreadQueuedDispatcher.dispatch(Dispatcher.java:116) [minecraft_server.1.12.2.jar:?]
	at com.google.common.eventbus.EventBus.post(EventBus.java:217) [minecraft_server.1.12.2.jar:?]
	at net.minecraftforge.fml.common.LoadController.distributeStateMessage(LoadController.java:136) [LoadController.class:?]
	at net.minecraftforge.fml.common.Loader.serverStarting(Loader.java:797) [Loader.class:?]
	at net.minecraftforge.fml.common.FMLCommonHandler.handleServerStarting(FMLCommonHandler.java:297) [FMLCommonHandler.class:?]
	at net.minecraft.server.dedicated.DedicatedServer.func_71197_b(DedicatedServer.java:307) [nz.class:?]
	at net.minecraft.server.MinecraftServer.run(MinecraftServer.java:486) [MinecraftServer.class:?]
	at java.lang.Thread.run(Thread.java:750) [?:1.8.0_492]
[23:21:47] [Server thread/ERROR] [FML]: Parsing error loading built-in advancement wolfarmor:recipes/combat/iron_wolf_armor
com.google.gson.JsonSyntaxException: Unknown recipe 'wolfarmor:iron_wolf_armor'
	at net.minecraft.advancements.AdvancementRewards$Deserializer.deserialize(AdvancementRewards.java:171) ~[l$a.class:?]
	at net.minecraft.advancements.AdvancementRewards$Deserializer.deserialize(AdvancementRewards.java:147) ~[l$a.class:?]
	at com.google.gson.internal.bind.TreeTypeAdapter.read(TreeTypeAdapter.java:69) ~[TreeTypeAdapter.class:?]
	at com.google.gson.Gson.fromJson(Gson.java:887) ~[Gson.class:?]
	at com.google.gson.Gson.fromJson(Gson.java:952) ~[Gson.class:?]
	at com.google.gson.internal.bind.TreeTypeAdapter$GsonContextImpl.deserialize(TreeTypeAdapter.java:162) ~[TreeTypeAdapter$GsonContextImpl.class:?]
	at net.minecraft.util.JsonUtils.func_188179_a(SourceFile:439) ~[rc.class:?]
	at net.minecraft.util.JsonUtils.func_188177_a(SourceFile:455) ~[rc.class:?]
	at net.minecraft.advancements.Advancement$Builder.func_192059_a(SourceFile:203) ~[i$a.class:?]
	at net.minecraft.advancements.AdvancementManager$1.deserialize(AdvancementManager.java:50) ~[ns$1.class:?]
	at net.minecraft.advancements.AdvancementManager$1.deserialize(AdvancementManager.java:46) ~[ns$1.class:?]
	at com.google.gson.internal.bind.TreeTypeAdapter.read(TreeTypeAdapter.java:69) ~[TreeTypeAdapter.class:?]
	at net.minecraft.util.JsonUtils.func_188173_a(SourceFile:492) ~[rc.class:?]
	at net.minecraft.util.JsonUtils.func_188176_a(SourceFile:517) ~[rc.class:?]
	at net.minecraft.util.JsonUtils.func_188178_a(SourceFile:537) ~[rc.class:?]
	at net.minecraftforge.common.ForgeHooks.lambda$loadAdvancements$0(ForgeHooks.java:1381) ~[ForgeHooks.class:14.23.5.2860]
	at net.minecraftforge.common.crafting.CraftingHelper.findFiles(CraftingHelper.java:833) [CraftingHelper.class:?]
	at net.minecraftforge.common.ForgeHooks.loadAdvancements(ForgeHooks.java:1359) [ForgeHooks.class:14.23.5.2860]
	at net.minecraftforge.common.ForgeHooks.loadAdvancements(ForgeHooks.java:1326) [ForgeHooks.class:14.23.5.2860]
	at com.tmtravlr.additions.addon.advancements.ExtendedAdvancementManager.func_192779_a(ExtendedAdvancementManager.java:73) [ExtendedAdvancementManager.class:?]
	at com.tmtravlr.additions.addon.advancements.ExtendedAdvancementManager.<init>(ExtendedAdvancementManager.java:61) [ExtendedAdvancementManager.class:?]
	at com.tmtravlr.additions.addon.advancements.AddonAdvancementManager.replaceAdvancementManager(AddonAdvancementManager.java:24) [AddonAdvancementManager.class:?]
	at com.tmtravlr.additions.AdditionsMod.serverStarting(AdditionsMod.java:157) [AdditionsMod.class:?]
	at sun.reflect.NativeMethodAccessorImpl.invoke0(Native Method) ~[?:1.8.0_492]
	at sun.reflect.NativeMethodAccessorImpl.invoke(NativeMethodAccessorImpl.java:62) ~[?:1.8.0_492]
	at sun.reflect.DelegatingMethodAccessorImpl.invoke(DelegatingMethodAccessorImpl.java:43) ~[?:1.8.0_492]
	at java.lang.reflect.Method.invoke(Method.java:498) ~[?:1.8.0_492]
	at net.minecraftforge.fml.common.FMLModContainer.handleModStateEvent(FMLModContainer.java:637) [FMLModContainer.class:?]
	at sun.reflect.GeneratedMethodAccessor13.invoke(Unknown Source) ~[?:?]
	at sun.reflect.DelegatingMethodAccessorImpl.invoke(DelegatingMethodAccessorImpl.java:43) ~[?:1.8.0_492]
	at java.lang.reflect.Method.invoke(Method.java:498) ~[?:1.8.0_492]
	at com.google.common.eventbus.Subscriber.invokeSubscriberMethod(Subscriber.java:91) [minecraft_server.1.12.2.jar:?]
	at com.google.common.eventbus.Subscriber$SynchronizedSubscriber.invokeSubscriberMethod(Subscriber.java:150) [minecraft_server.1.12.2.jar:?]
	at com.google.common.eventbus.Subscriber$1.run(Subscriber.java:76) [minecraft_server.1.12.2.jar:?]
	at com.google.common.util.concurrent.MoreExecutors$DirectExecutor.execute(MoreExecutors.java:399) [minecraft_server.1.12.2.jar:?]
	at com.google.common.eventbus.Subscriber.dispatchEvent(Subscriber.java:71) [minecraft_server.1.12.2.jar:?]
	at com.google.common.eventbus.Dispatcher$PerThreadQueuedDispatcher.dispatch(Dispatcher.java:116) [minecraft_server.1.12.2.jar:?]
	at com.google.common.eventbus.EventBus.post(EventBus.java:217) [minecraft_server.1.12.2.jar:?]
	at net.minecraftforge.fml.common.LoadController.sendEventToModContainer(LoadController.java:219) [LoadController.class:?]
	at net.minecraftforge.fml.common.LoadController.propogateStateMessage(LoadController.java:197) [LoadController.class:?]
	at sun.reflect.NativeMethodAccessorImpl.invoke0(Native Method) ~[?:1.8.0_492]
	at sun.reflect.NativeMethodAccessorImpl.invoke(NativeMethodAccessorImpl.java:62) ~[?:1.8.0_492]
	at sun.reflect.DelegatingMethodAccessorImpl.invoke(DelegatingMethodAccessorImpl.java:43) ~[?:1.8.0_492]
	at java.lang.reflect.Method.invoke(Method.java:498) ~[?:1.8.0_492]
	at com.google.common.eventbus.Subscriber.invokeSubscriberMethod(Subscriber.java:91) [minecraft_server.1.12.2.jar:?]
	at com.google.common.eventbus.Subscriber$SynchronizedSubscriber.invokeSubscriberMethod(Subscriber.java:150) [minecraft_server.1.12.2.jar:?]
	at com.google.common.eventbus.Subscriber$1.run(Subscriber.java:76) [minecraft_server.1.12.2.jar:?]
	at com.google.common.util.concurrent.MoreExecutors$DirectExecutor.execute(MoreExecutors.java:399) [minecraft_server.1.12.2.jar:?]
	at com.google.common.eventbus.Subscriber.dispatchEvent(Subscriber.java:71) [minecraft_server.1.12.2.jar:?]
	at com.google.common.eventbus.Dispatcher$PerThreadQueuedDispatcher.dispatch(Dispatcher.java:116) [minecraft_server.1.12.2.jar:?]
	at com.google.common.eventbus.EventBus.post(EventBus.java:217) [minecraft_server.1.12.2.jar:?]
	at net.minecraftforge.fml.common.LoadController.distributeStateMessage(LoadController.java:136) [LoadController.class:?]
	at net.minecraftforge.fml.common.Loader.serverStarting(Loader.java:797) [Loader.class:?]
	at net.minecraftforge.fml.common.FMLCommonHandler.handleServerStarting(FMLCommonHandler.java:297) [FMLCommonHandler.class:?]
	at net.minecraft.server.dedicated.DedicatedServer.func_71197_b(DedicatedServer.java:307) [nz.class:?]
	at net.minecraft.server.MinecraftServer.run(MinecraftServer.java:486) [MinecraftServer.class:?]
	at java.lang.Thread.run(Thread.java:750) [?:1.8.0_492]
[23:21:47] [Server thread/ERROR] [FML]: Parsing error loading built-in advancement wolfarmor:recipes/combat/gold_wolf_armor
com.google.gson.JsonSyntaxException: Unknown recipe 'wolfarmor:gold_wolf_armor'
	at net.minecraft.advancements.AdvancementRewards$Deserializer.deserialize(AdvancementRewards.java:171) ~[l$a.class:?]
	at net.minecraft.advancements.AdvancementRewards$Deserializer.deserialize(AdvancementRewards.java:147) ~[l$a.class:?]
	at com.google.gson.internal.bind.TreeTypeAdapter.read(TreeTypeAdapter.java:69) ~[TreeTypeAdapter.class:?]
	at com.google.gson.Gson.fromJson(Gson.java:887) ~[Gson.class:?]
	at com.google.gson.Gson.fromJson(Gson.java:952) ~[Gson.class:?]
	at com.google.gson.internal.bind.TreeTypeAdapter$GsonContextImpl.deserialize(TreeTypeAdapter.java:162) ~[TreeTypeAdapter$GsonContextImpl.class:?]
	at net.minecraft.util.JsonUtils.func_188179_a(SourceFile:439) ~[rc.class:?]
	at net.minecraft.util.JsonUtils.func_188177_a(SourceFile:455) ~[rc.class:?]
	at net.minecraft.advancements.Advancement$Builder.func_192059_a(SourceFile:203) ~[i$a.class:?]
	at net.minecraft.advancements.AdvancementManager$1.deserialize(AdvancementManager.java:50) ~[ns$1.class:?]
	at net.minecraft.advancements.AdvancementManager$1.deserialize(AdvancementManager.java:46) ~[ns$1.class:?]
	at com.google.gson.internal.bind.TreeTypeAdapter.read(TreeTypeAdapter.java:69) ~[TreeTypeAdapter.class:?]
	at net.minecraft.util.JsonUtils.func_188173_a(SourceFile:492) ~[rc.class:?]
	at net.minecraft.util.JsonUtils.func_188176_a(SourceFile:517) ~[rc.class:?]
	at net.minecraft.util.JsonUtils.func_188178_a(SourceFile:537) ~[rc.class:?]
	at net.minecraftforge.common.ForgeHooks.lambda$loadAdvancements$0(ForgeHooks.java:1381) ~[ForgeHooks.class:14.23.5.2860]
	at net.minecraftforge.common.crafting.CraftingHelper.findFiles(CraftingHelper.java:833) [CraftingHelper.class:?]
	at net.minecraftforge.common.ForgeHooks.loadAdvancements(ForgeHooks.java:1359) [ForgeHooks.class:14.23.5.2860]
	at net.minecraftforge.common.ForgeHooks.loadAdvancements(ForgeHooks.java:1326) [ForgeHooks.class:14.23.5.2860]
	at com.tmtravlr.additions.addon.advancements.ExtendedAdvancementManager.func_192779_a(ExtendedAdvancementManager.java:73) [ExtendedAdvancementManager.class:?]
	at com.tmtravlr.additions.addon.advancements.ExtendedAdvancementManager.<init>(ExtendedAdvancementManager.java:61) [ExtendedAdvancementManager.class:?]
	at com.tmtravlr.additions.addon.advancements.AddonAdvancementManager.replaceAdvancementManager(AddonAdvancementManager.java:24) [AddonAdvancementManager.class:?]
	at com.tmtravlr.additions.AdditionsMod.serverStarting(AdditionsMod.java:157) [AdditionsMod.class:?]
	at sun.reflect.NativeMethodAccessorImpl.invoke0(Native Method) ~[?:1.8.0_492]
	at sun.reflect.NativeMethodAccessorImpl.invoke(NativeMethodAccessorImpl.java:62) ~[?:1.8.0_492]
	at sun.reflect.DelegatingMethodAccessorImpl.invoke(DelegatingMethodAccessorImpl.java:43) ~[?:1.8.0_492]
	at java.lang.reflect.Method.invoke(Method.java:498) ~[?:1.8.0_492]
	at net.minecraftforge.fml.common.FMLModContainer.handleModStateEvent(FMLModContainer.java:637) [FMLModContainer.class:?]
	at sun.reflect.GeneratedMethodAccessor13.invoke(Unknown Source) ~[?:?]
	at sun.reflect.DelegatingMethodAccessorImpl.invoke(DelegatingMethodAccessorImpl.java:43) ~[?:1.8.0_492]
	at java.lang.reflect.Method.invoke(Method.java:498) ~[?:1.8.0_492]
	at com.google.common.eventbus.Subscriber.invokeSubscriberMethod(Subscriber.java:91) [minecraft_server.1.12.2.jar:?]
	at com.google.common.eventbus.Subscriber$SynchronizedSubscriber.invokeSubscriberMethod(Subscriber.java:150) [minecraft_server.1.12.2.jar:?]
	at com.google.common.eventbus.Subscriber$1.run(Subscriber.java:76) [minecraft_server.1.12.2.jar:?]
	at com.google.common.util.concurrent.MoreExecutors$DirectExecutor.execute(MoreExecutors.java:399) [minecraft_server.1.12.2.jar:?]
	at com.google.common.eventbus.Subscriber.dispatchEvent(Subscriber.java:71) [minecraft_server.1.12.2.jar:?]
	at com.google.common.eventbus.Dispatcher$PerThreadQueuedDispatcher.dispatch(Dispatcher.java:116) [minecraft_server.1.12.2.jar:?]
	at com.google.common.eventbus.EventBus.post(EventBus.java:217) [minecraft_server.1.12.2.jar:?]
	at net.minecraftforge.fml.common.LoadController.sendEventToModContainer(LoadController.java:219) [LoadController.class:?]
	at net.minecraftforge.fml.common.LoadController.propogateStateMessage(LoadController.java:197) [LoadController.class:?]
	at sun.reflect.NativeMethodAccessorImpl.invoke0(Native Method) ~[?:1.8.0_492]
	at sun.reflect.NativeMethodAccessorImpl.invoke(NativeMethodAccessorImpl.java:62) ~[?:1.8.0_492]
	at sun.reflect.DelegatingMethodAccessorImpl.invoke(DelegatingMethodAccessorImpl.java:43) ~[?:1.8.0_492]
	at java.lang.reflect.Method.invoke(Method.java:498) ~[?:1.8.0_492]
	at com.google.common.eventbus.Subscriber.invokeSubscriberMethod(Subscriber.java:91) [minecraft_server.1.12.2.jar:?]
	at com.google.common.eventbus.Subscriber$SynchronizedSubscriber.invokeSubscriberMethod(Subscriber.java:150) [minecraft_server.1.12.2.jar:?]
	at com.google.common.eventbus.Subscriber$1.run(Subscriber.java:76) [minecraft_server.1.12.2.jar:?]
	at com.google.common.util.concurrent.MoreExecutors$DirectExecutor.execute(MoreExecutors.java:399) [minecraft_server.1.12.2.jar:?]
	at com.google.common.eventbus.Subscriber.dispatchEvent(Subscriber.java:71) [minecraft_server.1.12.2.jar:?]
	at com.google.common.eventbus.Dispatcher$PerThreadQueuedDispatcher.dispatch(Dispatcher.java:116) [minecraft_server.1.12.2.jar:?]
	at com.google.common.eventbus.EventBus.post(EventBus.java:217) [minecraft_server.1.12.2.jar:?]
	at net.minecraftforge.fml.common.LoadController.distributeStateMessage(LoadController.java:136) [LoadController.class:?]
	at net.minecraftforge.fml.common.Loader.serverStarting(Loader.java:797) [Loader.class:?]
	at net.minecraftforge.fml.common.FMLCommonHandler.handleServerStarting(FMLCommonHandler.java:297) [FMLCommonHandler.class:?]
	at net.minecraft.server.dedicated.DedicatedServer.func_71197_b(DedicatedServer.java:307) [nz.class:?]
	at net.minecraft.server.MinecraftServer.run(MinecraftServer.java:486) [MinecraftServer.class:?]
	at java.lang.Thread.run(Thread.java:750) [?:1.8.0_492]
[23:21:47] [Server thread/ERROR] [FML]: Parsing error loading built-in advancement wolfarmor:recipes/combat/diamond_wolf_armor
com.google.gson.JsonSyntaxException: Unknown recipe 'wolfarmor:diamond_wolf_armor'
	at net.minecraft.advancements.AdvancementRewards$Deserializer.deserialize(AdvancementRewards.java:171) ~[l$a.class:?]
	at net.minecraft.advancements.AdvancementRewards$Deserializer.deserialize(AdvancementRewards.java:147) ~[l$a.class:?]
	at com.google.gson.internal.bind.TreeTypeAdapter.read(TreeTypeAdapter.java:69) ~[TreeTypeAdapter.class:?]
	at com.google.gson.Gson.fromJson(Gson.java:887) ~[Gson.class:?]
	at com.google.gson.Gson.fromJson(Gson.java:952) ~[Gson.class:?]
	at com.google.gson.internal.bind.TreeTypeAdapter$GsonContextImpl.deserialize(TreeTypeAdapter.java:162) ~[TreeTypeAdapter$GsonContextImpl.class:?]
	at net.minecraft.util.JsonUtils.func_188179_a(SourceFile:439) ~[rc.class:?]
	at net.minecraft.util.JsonUtils.func_188177_a(SourceFile:455) ~[rc.class:?]
	at net.minecraft.advancements.Advancement$Builder.func_192059_a(SourceFile:203) ~[i$a.class:?]
	at net.minecraft.advancements.AdvancementManager$1.deserialize(AdvancementManager.java:50) ~[ns$1.class:?]
	at net.minecraft.advancements.AdvancementManager$1.deserialize(AdvancementManager.java:46) ~[ns$1.class:?]
	at com.google.gson.internal.bind.TreeTypeAdapter.read(TreeTypeAdapter.java:69) ~[TreeTypeAdapter.class:?]
	at net.minecraft.util.JsonUtils.func_188173_a(SourceFile:492) ~[rc.class:?]
	at net.minecraft.util.JsonUtils.func_188176_a(SourceFile:517) ~[rc.class:?]
	at net.minecraft.util.JsonUtils.func_188178_a(SourceFile:537) ~[rc.class:?]
	at net.minecraftforge.common.ForgeHooks.lambda$loadAdvancements$0(ForgeHooks.java:1381) ~[ForgeHooks.class:14.23.5.2860]
	at net.minecraftforge.common.crafting.CraftingHelper.findFiles(CraftingHelper.java:833) [CraftingHelper.class:?]
	at net.minecraftforge.common.ForgeHooks.loadAdvancements(ForgeHooks.java:1359) [ForgeHooks.class:14.23.5.2860]
	at net.minecraftforge.common.ForgeHooks.loadAdvancements(ForgeHooks.java:1326) [ForgeHooks.class:14.23.5.2860]
	at com.tmtravlr.additions.addon.advancements.ExtendedAdvancementManager.func_192779_a(ExtendedAdvancementManager.java:73) [ExtendedAdvancementManager.class:?]
	at com.tmtravlr.additions.addon.advancements.ExtendedAdvancementManager.<init>(ExtendedAdvancementManager.java:61) [ExtendedAdvancementManager.class:?]
	at com.tmtravlr.additions.addon.advancements.AddonAdvancementManager.replaceAdvancementManager(AddonAdvancementManager.java:24) [AddonAdvancementManager.class:?]
	at com.tmtravlr.additions.AdditionsMod.serverStarting(AdditionsMod.java:157) [AdditionsMod.class:?]
	at sun.reflect.NativeMethodAccessorImpl.invoke0(Native Method) ~[?:1.8.0_492]
	at sun.reflect.NativeMethodAccessorImpl.invoke(NativeMethodAccessorImpl.java:62) ~[?:1.8.0_492]
	at sun.reflect.DelegatingMethodAccessorImpl.invoke(DelegatingMethodAccessorImpl.java:43) ~[?:1.8.0_492]
	at java.lang.reflect.Method.invoke(Method.java:498) ~[?:1.8.0_492]
	at net.minecraftforge.fml.common.FMLModContainer.handleModStateEvent(FMLModContainer.java:637) [FMLModContainer.class:?]
	at sun.reflect.GeneratedMethodAccessor13.invoke(Unknown Source) ~[?:?]
	at sun.reflect.DelegatingMethodAccessorImpl.invoke(DelegatingMethodAccessorImpl.java:43) ~[?:1.8.0_492]
	at java.lang.reflect.Method.invoke(Method.java:498) ~[?:1.8.0_492]
	at com.google.common.eventbus.Subscriber.invokeSubscriberMethod(Subscriber.java:91) [minecraft_server.1.12.2.jar:?]
	at com.google.common.eventbus.Subscriber$SynchronizedSubscriber.invokeSubscriberMethod(Subscriber.java:150) [minecraft_server.1.12.2.jar:?]
	at com.google.common.eventbus.Subscriber$1.run(Subscriber.java:76) [minecraft_server.1.12.2.jar:?]
	at com.google.common.util.concurrent.MoreExecutors$DirectExecutor.execute(MoreExecutors.java:399) [minecraft_server.1.12.2.jar:?]
	at com.google.common.eventbus.Subscriber.dispatchEvent(Subscriber.java:71) [minecraft_server.1.12.2.jar:?]
	at com.google.common.eventbus.Dispatcher$PerThreadQueuedDispatcher.dispatch(Dispatcher.java:116) [minecraft_server.1.12.2.jar:?]
	at com.google.common.eventbus.EventBus.post(EventBus.java:217) [minecraft_server.1.12.2.jar:?]
	at net.minecraftforge.fml.common.LoadController.sendEventToModContainer(LoadController.java:219) [LoadController.class:?]
	at net.minecraftforge.fml.common.LoadController.propogateStateMessage(LoadController.java:197) [LoadController.class:?]
	at sun.reflect.NativeMethodAccessorImpl.invoke0(Native Method) ~[?:1.8.0_492]
	at sun.reflect.NativeMethodAccessorImpl.invoke(NativeMethodAccessorImpl.java:62) ~[?:1.8.0_492]
	at sun.reflect.DelegatingMethodAccessorImpl.invoke(DelegatingMethodAccessorImpl.java:43) ~[?:1.8.0_492]
	at java.lang.reflect.Method.invoke(Method.java:498) ~[?:1.8.0_492]
	at com.google.common.eventbus.Subscriber.invokeSubscriberMethod(Subscriber.java:91) [minecraft_server.1.12.2.jar:?]
	at com.google.common.eventbus.Subscriber$SynchronizedSubscriber.invokeSubscriberMethod(Subscriber.java:150) [minecraft_server.1.12.2.jar:?]
	at com.google.common.eventbus.Subscriber$1.run(Subscriber.java:76) [minecraft_server.1.12.2.jar:?]
	at com.google.common.util.concurrent.MoreExecutors$DirectExecutor.execute(MoreExecutors.java:399) [minecraft_server.1.12.2.jar:?]
	at com.google.common.eventbus.Subscriber.dispatchEvent(Subscriber.java:71) [minecraft_server.1.12.2.jar:?]
	at com.google.common.eventbus.Dispatcher$PerThreadQueuedDispatcher.dispatch(Dispatcher.java:116) [minecraft_server.1.12.2.jar:?]
	at com.google.common.eventbus.EventBus.post(EventBus.java:217) [minecraft_server.1.12.2.jar:?]
	at net.minecraftforge.fml.common.LoadController.distributeStateMessage(LoadController.java:136) [LoadController.class:?]
	at net.minecraftforge.fml.common.Loader.serverStarting(Loader.java:797) [Loader.class:?]
	at net.minecraftforge.fml.common.FMLCommonHandler.handleServerStarting(FMLCommonHandler.java:297) [FMLCommonHandler.class:?]
	at net.minecraft.server.dedicated.DedicatedServer.func_71197_b(DedicatedServer.java:307) [nz.class:?]
	at net.minecraft.server.MinecraftServer.run(MinecraftServer.java:486) [MinecraftServer.class:?]
	at java.lang.Thread.run(Thread.java:750) [?:1.8.0_492]
[23:21:47] [Server thread/ERROR] [FML]: Parsing error loading built-in advancement wolfarmor:recipes/combat/chainmail_wolf_armor
com.google.gson.JsonSyntaxException: Unknown recipe 'wolfarmor:chainmail_wolf_armor'
	at net.minecraft.advancements.AdvancementRewards$Deserializer.deserialize(AdvancementRewards.java:171) ~[l$a.class:?]
	at net.minecraft.advancements.AdvancementRewards$Deserializer.deserialize(AdvancementRewards.java:147) ~[l$a.class:?]
	at com.google.gson.internal.bind.TreeTypeAdapter.read(TreeTypeAdapter.java:69) ~[TreeTypeAdapter.class:?]
	at com.google.gson.Gson.fromJson(Gson.java:887) ~[Gson.class:?]
	at com.google.gson.Gson.fromJson(Gson.java:952) ~[Gson.class:?]
	at com.google.gson.internal.bind.TreeTypeAdapter$GsonContextImpl.deserialize(TreeTypeAdapter.java:162) ~[TreeTypeAdapter$GsonContextImpl.class:?]
	at net.minecraft.util.JsonUtils.func_188179_a(SourceFile:439) ~[rc.class:?]
	at net.minecraft.util.JsonUtils.func_188177_a(SourceFile:455) ~[rc.class:?]
	at net.minecraft.advancements.Advancement$Builder.func_192059_a(SourceFile:203) ~[i$a.class:?]
	at net.minecraft.advancements.AdvancementManager$1.deserialize(AdvancementManager.java:50) ~[ns$1.class:?]
	at net.minecraft.advancements.AdvancementManager$1.deserialize(AdvancementManager.java:46) ~[ns$1.class:?]
	at com.google.gson.internal.bind.TreeTypeAdapter.read(TreeTypeAdapter.java:69) ~[TreeTypeAdapter.class:?]
	at net.minecraft.util.JsonUtils.func_188173_a(SourceFile:492) ~[rc.class:?]
	at net.minecraft.util.JsonUtils.func_188176_a(SourceFile:517) ~[rc.class:?]
	at net.minecraft.util.JsonUtils.func_188178_a(SourceFile:537) ~[rc.class:?]
	at net.minecraftforge.common.ForgeHooks.lambda$loadAdvancements$0(ForgeHooks.java:1381) ~[ForgeHooks.class:14.23.5.2860]
	at net.minecraftforge.common.crafting.CraftingHelper.findFiles(CraftingHelper.java:833) [CraftingHelper.class:?]
	at net.minecraftforge.common.ForgeHooks.loadAdvancements(ForgeHooks.java:1359) [ForgeHooks.class:14.23.5.2860]
	at net.minecraftforge.common.ForgeHooks.loadAdvancements(ForgeHooks.java:1326) [ForgeHooks.class:14.23.5.2860]
	at com.tmtravlr.additions.addon.advancements.ExtendedAdvancementManager.func_192779_a(ExtendedAdvancementManager.java:73) [ExtendedAdvancementManager.class:?]
	at com.tmtravlr.additions.addon.advancements.ExtendedAdvancementManager.<init>(ExtendedAdvancementManager.java:61) [ExtendedAdvancementManager.class:?]
	at com.tmtravlr.additions.addon.advancements.AddonAdvancementManager.replaceAdvancementManager(AddonAdvancementManager.java:24) [AddonAdvancementManager.class:?]
	at com.tmtravlr.additions.AdditionsMod.serverStarting(AdditionsMod.java:157) [AdditionsMod.class:?]
	at sun.reflect.NativeMethodAccessorImpl.invoke0(Native Method) ~[?:1.8.0_492]
	at sun.reflect.NativeMethodAccessorImpl.invoke(NativeMethodAccessorImpl.java:62) ~[?:1.8.0_492]
	at sun.reflect.DelegatingMethodAccessorImpl.invoke(DelegatingMethodAccessorImpl.java:43) ~[?:1.8.0_492]
	at java.lang.reflect.Method.invoke(Method.java:498) ~[?:1.8.0_492]
	at net.minecraftforge.fml.common.FMLModContainer.handleModStateEvent(FMLModContainer.java:637) [FMLModContainer.class:?]
	at sun.reflect.GeneratedMethodAccessor13.invoke(Unknown Source) ~[?:?]
	at sun.reflect.DelegatingMethodAccessorImpl.invoke(DelegatingMethodAccessorImpl.java:43) ~[?:1.8.0_492]
	at java.lang.reflect.Method.invoke(Method.java:498) ~[?:1.8.0_492]
	at com.google.common.eventbus.Subscriber.invokeSubscriberMethod(Subscriber.java:91) [minecraft_server.1.12.2.jar:?]
	at com.google.common.eventbus.Subscriber$SynchronizedSubscriber.invokeSubscriberMethod(Subscriber.java:150) [minecraft_server.1.12.2.jar:?]
	at com.google.common.eventbus.Subscriber$1.run(Subscriber.java:76) [minecraft_server.1.12.2.jar:?]
	at com.google.common.util.concurrent.MoreExecutors$DirectExecutor.execute(MoreExecutors.java:399) [minecraft_server.1.12.2.jar:?]
	at com.google.common.eventbus.Subscriber.dispatchEvent(Subscriber.java:71) [minecraft_server.1.12.2.jar:?]
	at com.google.common.eventbus.Dispatcher$PerThreadQueuedDispatcher.dispatch(Dispatcher.java:116) [minecraft_server.1.12.2.jar:?]
	at com.google.common.eventbus.EventBus.post(EventBus.java:217) [minecraft_server.1.12.2.jar:?]
	at net.minecraftforge.fml.common.LoadController.sendEventToModContainer(LoadController.java:219) [LoadController.class:?]
	at net.minecraftforge.fml.common.LoadController.propogateStateMessage(LoadController.java:197) [LoadController.class:?]
	at sun.reflect.NativeMethodAccessorImpl.invoke0(Native Method) ~[?:1.8.0_492]
	at sun.reflect.NativeMethodAccessorImpl.invoke(NativeMethodAccessorImpl.java:62) ~[?:1.8.0_492]
	at sun.reflect.DelegatingMethodAccessorImpl.invoke(DelegatingMethodAccessorImpl.java:43) ~[?:1.8.0_492]
	at java.lang.reflect.Method.invoke(Method.java:498) ~[?:1.8.0_492]
	at com.google.common.eventbus.Subscriber.invokeSubscriberMethod(Subscriber.java:91) [minecraft_server.1.12.2.jar:?]
	at com.google.common.eventbus.Subscriber$SynchronizedSubscriber.invokeSubscriberMethod(Subscriber.java:150) [minecraft_server.1.12.2.jar:?]
	at com.google.common.eventbus.Subscriber$1.run(Subscriber.java:76) [minecraft_server.1.12.2.jar:?]
	at com.google.common.util.concurrent.MoreExecutors$DirectExecutor.execute(MoreExecutors.java:399) [minecraft_server.1.12.2.jar:?]
	at com.google.common.eventbus.Subscriber.dispatchEvent(Subscriber.java:71) [minecraft_server.1.12.2.jar:?]
	at com.google.common.eventbus.Dispatcher$PerThreadQueuedDispatcher.dispatch(Dispatcher.java:116) [minecraft_server.1.12.2.jar:?]
	at com.google.common.eventbus.EventBus.post(EventBus.java:217) [minecraft_server.1.12.2.jar:?]
	at net.minecraftforge.fml.common.LoadController.distributeStateMessage(LoadController.java:136) [LoadController.class:?]
	at net.minecraftforge.fml.common.Loader.serverStarting(Loader.java:797) [Loader.class:?]
	at net.minecraftforge.fml.common.FMLCommonHandler.handleServerStarting(FMLCommonHandler.java:297) [FMLCommonHandler.class:?]
	at net.minecraft.server.dedicated.DedicatedServer.func_71197_b(DedicatedServer.java:307) [nz.class:?]
	at net.minecraft.server.MinecraftServer.run(MinecraftServer.java:486) [MinecraftServer.class:?]
	at java.lang.Thread.run(Thread.java:750) [?:1.8.0_492]
[23:21:47] [Server thread/ERROR] [net.minecraft.advancements.AdvancementList]: Couldn't load advancement bhc:main/green_heart: Task Advancement{parentId=bhc:main/orange_heart, display=net.minecraft.advancements.DisplayInfo@32007c63, rewards=AdvancementRewards{experience=0, loot=[], recipes=[], function=null}, criteria={green_heart_in_inventory=net.minecraft.advancements.Criterion@6f0ffc97}, requirements=[[green_heart_in_inventory]]}
[23:21:47] [Server thread/ERROR] [net.minecraft.advancements.AdvancementList]: Couldn't load advancement bhc:main/blue_heart_canister: Task Advancement{parentId=bhc:main/blue_heart, display=net.minecraft.advancements.DisplayInfo@17c50410, rewards=AdvancementRewards{experience=0, loot=[], recipes=[], function=null}, criteria={blue_heart_canister_in_inventory=net.minecraft.advancements.Criterion@7bea93b}, requirements=[[blue_heart_canister_in_inventory]]}
[23:21:47] [Server thread/ERROR] [net.minecraft.advancements.AdvancementList]: Couldn't load advancement bhc:main/green_heart_canister: Task Advancement{parentId=bhc:main/green_heart, display=net.minecraft.advancements.DisplayInfo@15034cfd, rewards=AdvancementRewards{experience=0, loot=[], recipes=[], function=null}, criteria={green_heart_canister_in_inventory=net.minecraft.advancements.Criterion@6786d817}, requirements=[[green_heart_canister_in_inventory]]}
[23:21:47] [Server thread/ERROR] [net.minecraft.advancements.AdvancementList]: Couldn't load advancement bhc:main/blue_heart: Task Advancement{parentId=bhc:main/green_heart, display=net.minecraft.advancements.DisplayInfo@6edb800e, rewards=AdvancementRewards{experience=0, loot=[], recipes=[], function=null}, criteria={heart_heart_in_inventory=net.minecraft.advancements.Criterion@3f4cbba2}, requirements=[[heart_heart_in_inventory]]}
[23:21:47] [Server thread/ERROR] [net.minecraft.advancements.AdvancementList]: Couldn't load advancement bhc:main/heart_amulet: Task Advancement{parentId=bhc:main/blue_heart_canister, display=net.minecraft.advancements.DisplayInfo@33e65e38, rewards=AdvancementRewards{experience=0, loot=[], recipes=[], function=null}, criteria={heart_amulet_in_inventory=net.minecraft.advancements.Criterion@692d724d}, requirements=[[heart_amulet_in_inventory]]}
[23:21:47] [Server thread/INFO] [net.minecraft.advancements.AdvancementList]: Loaded 1019 advancements
[23:21:47] [Server thread/INFO] [additions]: Loading addon loot tables.
[23:21:47] [Server thread/INFO] [additions]: Loading addon loot tables.
[23:21:47] [Server thread/INFO] [improvableskills]: Injecting parchment into LootTable 'quark:chests/pirate_chest'!
[23:21:47] [Server thread/INFO] [improvableskills]: Injecting scroll for skill 'improvableskills:generic_protection' into LootTable 'minecraft:chests/simple_dungeon'!
[23:21:47] [Server thread/INFO] [improvableskills]: Injecting parchment into LootTable 'minecraft:chests/simple_dungeon'!
[23:21:47] [Server thread/ERROR] [loottweaker.sanity_checks]: Duplicate entry name 'written_book' in pool 'bookpool' of table '{}'. Duplicate added as 'written_book0'.
Report this to the loot adder.
[23:21:47] [Server thread/ERROR] [loottweaker.sanity_checks]: Duplicate entry name 'written_book' in pool 'bookpool' of table '{}'. Duplicate added as 'written_book0'.
Report this to the loot adder.
[23:21:47] [Server thread/ERROR] [loottweaker.sanity_checks]: Duplicate entry name 'written_book' in pool 'bookpool' of table '{}'. Duplicate added as 'written_book0'.
Report this to the loot adder.
[23:21:47] [Server thread/ERROR] [loottweaker.sanity_checks]: Duplicate entry name 'written_book' in pool 'bookpool' of table '{}'. Duplicate added as 'written_book0'.
Report this to the loot adder.
[23:21:47] [Server thread/ERROR] [loottweaker.sanity_checks]: Duplicate entry name 'written_book' in pool 'bookpool' of table '{}'. Duplicate added as 'written_book0'.
Report this to the loot adder.
[23:21:47] [Server thread/ERROR] [loottweaker.sanity_checks]: Duplicate entry name 'written_book' in pool 'bookpool' of table '{}'. Duplicate added as 'written_book0'.
Report this to the loot adder.
[23:21:47] [Server thread/ERROR] [loottweaker.sanity_checks]: Duplicate entry name 'written_book' in pool 'bookpool' of table '{}'. Duplicate added as 'written_book0'.
Report this to the loot adder.
[23:21:47] [Server thread/ERROR] [loottweaker.sanity_checks]: Duplicate entry name 'written_book' in pool 'bookpool' of table '{}'. Duplicate added as 'written_book0'.
Report this to the loot adder.
[23:21:47] [Server thread/ERROR] [loottweaker.sanity_checks]: Duplicate entry name 'written_book' in pool 'bookpool' of table '{}'. Duplicate added as 'written_book0'.
Report this to the loot adder.
[23:21:47] [Server thread/ERROR] [loottweaker.sanity_checks]: Duplicate entry name 'written_book' in pool 'bookpool' of table '{}'. Duplicate added as 'written_book0'.
Report this to the loot adder.
[23:21:47] [Server thread/ERROR] [loottweaker.sanity_checks]: Duplicate entry name 'written_book' in pool 'bookpool' of table '{}'. Duplicate added as 'written_book0'.
Report this to the loot adder.
[23:21:47] [Server thread/ERROR] [loottweaker.sanity_checks]: Duplicate entry name 'written_book' in pool 'bookpool' of table '{}'. Duplicate added as 'written_book0'.
Report this to the loot adder.
[23:21:47] [Server thread/ERROR] [loottweaker.sanity_checks]: Duplicate entry name 'written_book' in pool 'bookpool' of table '{}'. Duplicate added as 'written_book0'.
Report this to the loot adder.
[23:21:47] [Server thread/ERROR] [loottweaker.sanity_checks]: Duplicate entry name 'written_book' in pool 'bookpool' of table '{}'. Duplicate added as 'written_book0'.
Report this to the loot adder.
[23:21:47] [Server thread/ERROR] [loottweaker.sanity_checks]: Duplicate entry name 'written_book' in pool 'bookpool' of table '{}'. Duplicate added as 'written_book0'.
Report this to the loot adder.
[23:21:47] [Server thread/ERROR] [loottweaker.sanity_checks]: Duplicate entry name 'written_book' in pool 'bookpool' of table '{}'. Duplicate added as 'written_book0'.
Report this to the loot adder.
[23:21:47] [Server thread/ERROR] [loottweaker.sanity_checks]: Duplicate entry name 'written_book' in pool 'bookpool' of table '{}'. Duplicate added as 'written_book0'.
Report this to the loot adder.
[23:21:47] [Server thread/ERROR] [loottweaker.sanity_checks]: Duplicate entry name 'written_book' in pool 'bookpool' of table '{}'. Duplicate added as 'written_book0'.
Report this to the loot adder.
[23:21:47] [Server thread/INFO] [improvableskills]: Injecting scroll for skill 'improvableskills:alchemist' into LootTable 'minecraft:entities/witch'!
[23:21:47] [Server thread/INFO] [improvableskills]: Injecting scroll for skill 'improvableskills:obsidian_skin' into LootTable 'minecraft:chests/nether_bridge'!
[23:21:47] [Server thread/INFO] [improvableskills]: Injecting parchment into LootTable 'minecraft:chests/nether_bridge'!
[23:21:47] [Server thread/INFO] [improvableskills]: Injecting parchment into LootTable 'minecraft:chests/abandoned_mineshaft'!
[23:21:47] [Server thread/INFO] [improvableskills]: Injecting scroll for skill 'improvableskills:growth' into LootTable 'minecraft:chests/jungle_temple'!
[23:21:47] [Server thread/INFO] [improvableskills]: Injecting parchment into LootTable 'minecraft:chests/jungle_temple'!
[23:21:47] [Server thread/INFO] [improvableskills]: Injecting scroll for skill 'improvableskills:treasure_sands' into LootTable 'minecraft:chests/desert_pyramid'!
[23:21:47] [Server thread/INFO] [improvableskills]: Injecting parchment into LootTable 'minecraft:chests/desert_pyramid'!
[23:21:47] [Server thread/INFO] [improvableskills]: Injecting scroll for skill 'improvableskills:enchanter' into LootTable 'minecraft:chests/stronghold_library'!
[23:21:47] [Server thread/INFO] [improvableskills]: Injecting parchment into LootTable 'minecraft:chests/stronghold_library'!
[23:21:47] [Server thread/INFO] [improvableskills]: Injecting parchment into LootTable 'immersiveengineering:chests/stronghold_library'!
[23:21:47] [Server thread/ERROR] [loottweaker.sanity_checks]: Duplicate entry name 'written_book' in pool 'bookpool' of table '{}'. Duplicate added as 'written_book0'.
Report this to the loot adder.
[23:21:47] [Server thread/ERROR] [loottweaker.sanity_checks]: Duplicate entry name 'written_book' in pool 'bookpool' of table '{}'. Duplicate added as 'written_book0'.
Report this to the loot adder.
[23:21:47] [Server thread/ERROR] [loottweaker.sanity_checks]: Duplicate entry name 'written_book' in pool 'bookpool' of table '{}'. Duplicate added as 'written_book0'.
Report this to the loot adder.
[23:21:47] [Server thread/ERROR] [loottweaker.sanity_checks]: Duplicate entry name 'written_book' in pool 'bookpool' of table '{}'. Duplicate added as 'written_book0'.
Report this to the loot adder.
[23:21:47] [Server thread/ERROR] [loottweaker.sanity_checks]: Duplicate entry name 'written_book' in pool 'bookpool' of table '{}'. Duplicate added as 'written_book0'.
Report this to the loot adder.
[23:21:47] [Server thread/ERROR] [loottweaker.sanity_checks]: Duplicate entry name 'written_book' in pool 'bookpool' of table '{}'. Duplicate added as 'written_book0'.
Report this to the loot adder.
[23:21:47] [Server thread/ERROR] [loottweaker.sanity_checks]: Duplicate entry name 'written_book' in pool 'bookpool' of table '{}'. Duplicate added as 'written_book0'.
Report this to the loot adder.
[23:21:47] [Server thread/ERROR] [loottweaker.sanity_checks]: Duplicate entry name 'written_book' in pool 'bookpool' of table '{}'. Duplicate added as 'written_book0'.
Report this to the loot adder.
[23:21:47] [Server thread/ERROR] [loottweaker.sanity_checks]: Duplicate entry name 'written_book' in pool 'bookpool' of table '{}'. Duplicate added as 'written_book0'.
Report this to the loot adder.
[23:21:47] [Server thread/ERROR] [loottweaker.sanity_checks]: Duplicate entry name 'written_book' in pool 'bookpool' of table '{}'. Duplicate added as 'written_book0'.
Report this to the loot adder.
[23:21:47] [Server thread/ERROR] [loottweaker.sanity_checks]: Duplicate entry name 'written_book' in pool 'bookpool' of table '{}'. Duplicate added as 'written_book0'.
Report this to the loot adder.
[23:21:47] [Server thread/ERROR] [loottweaker.sanity_checks]: Duplicate entry name 'written_book' in pool 'bookpool' of table '{}'. Duplicate added as 'written_book0'.
Report this to the loot adder.
[23:21:47] [Server thread/ERROR] [loottweaker.sanity_checks]: Duplicate entry name 'written_book' in pool 'bookpool' of table '{}'. Duplicate added as 'written_book0'.
Report this to the loot adder.
[23:21:47] [Server thread/ERROR] [loottweaker.sanity_checks]: Duplicate entry name 'written_book' in pool 'bookpool' of table '{}'. Duplicate added as 'written_book0'.
Report this to the loot adder.
[23:21:47] [Server thread/ERROR] [loottweaker.sanity_checks]: Duplicate entry name 'written_book' in pool 'bookpool' of table '{}'. Duplicate added as 'written_book0'.
Report this to the loot adder.
[23:21:47] [Server thread/ERROR] [loottweaker.sanity_checks]: Duplicate entry name 'written_book' in pool 'bookpool' of table '{}'. Duplicate added as 'written_book0'.
Report this to the loot adder.
[23:21:47] [Server thread/ERROR] [loottweaker.sanity_checks]: Duplicate entry name 'written_book' in pool 'bookpool' of table '{}'. Duplicate added as 'written_book0'.
Report this to the loot adder.
[23:21:47] [Server thread/ERROR] [loottweaker.sanity_checks]: Duplicate entry name 'written_book' in pool 'bookpool' of table '{}'. Duplicate added as 'written_book0'.
Report this to the loot adder.
[23:21:47] [Server thread/INFO] [improvableskills]: Injecting parchment into LootTable 'wolfarmor:chests/inject/dungeon'!
[23:21:47] [Server thread/INFO] [improvableskills]: Injecting parchment into LootTable 'immersiveengineering:chests/village_blacksmith'!
[23:21:47] [Server thread/INFO] [improvableskills]: Injecting parchment into LootTable 'minecraft:chests/spawn_bonus_chest'!
[23:21:47] [Server thread/INFO] [improvableskills]: Injecting parchment into LootTable 'mysticalworld:chests/hut'!
[23:21:47] [Server thread/INFO] [improvableskills]: Injecting parchment into LootTable 'minecraft:chests/stronghold_corridor'!
[23:21:47] [Server thread/INFO] [improvableskills]: Injecting scroll for skill 'improvableskills:atkdmg_ranged' into LootTable 'minecraft:entities/skeleton'!
[23:21:47] [Server thread/INFO] [improvableskills]: Injecting scroll for skill 'improvableskills:ender_manipulator' into LootTable 'minecraft:entities/enderman'!
[23:21:47] [Server thread/INFO] [improvableskills]: Injecting parchment into LootTable 'lostcities:chests/raildungeonchest'!
[23:21:47] [Server thread/INFO] [improvableskills]: Injecting parchment into LootTable 'minecraft:chests/igloo_chest'!
[23:21:47] [Server thread/ERROR] [loottweaker.sanity_checks]: Duplicate entry name 'written_book' in pool 'bookpool' of table '{}'. Duplicate added as 'written_book0'.
Report this to the loot adder.
[23:21:47] [Server thread/ERROR] [loottweaker.sanity_checks]: Duplicate entry name 'written_book' in pool 'bookpool' of table '{}'. Duplicate added as 'written_book0'.
Report this to the loot adder.
[23:21:47] [Server thread/ERROR] [loottweaker.sanity_checks]: Duplicate entry name 'written_book' in pool 'bookpool' of table '{}'. Duplicate added as 'written_book0'.
Report this to the loot adder.
[23:21:47] [Server thread/ERROR] [loottweaker.sanity_checks]: Duplicate entry name 'written_book' in pool 'bookpool' of table '{}'. Duplicate added as 'written_book0'.
Report this to the loot adder.
[23:21:47] [Server thread/ERROR] [loottweaker.sanity_checks]: Duplicate entry name 'written_book' in pool 'bookpool' of table '{}'. Duplicate added as 'written_book0'.
Report this to the loot adder.
[23:21:47] [Server thread/ERROR] [loottweaker.sanity_checks]: Duplicate entry name 'written_book' in pool 'bookpool' of table '{}'. Duplicate added as 'written_book0'.
Report this to the loot adder.
[23:21:47] [Server thread/ERROR] [loottweaker.sanity_checks]: Duplicate entry name 'written_book' in pool 'bookpool' of table '{}'. Duplicate added as 'written_book0'.
Report this to the loot adder.
[23:21:47] [Server thread/ERROR] [loottweaker.sanity_checks]: Duplicate entry name 'written_book' in pool 'bookpool' of table '{}'. Duplicate added as 'written_book0'.
Report this to the loot adder.
[23:21:47] [Server thread/ERROR] [loottweaker.sanity_checks]: Duplicate entry name 'written_book' in pool 'bookpool' of table '{}'. Duplicate added as 'written_book0'.
Report this to the loot adder.
[23:21:47] [Server thread/ERROR] [loottweaker.sanity_checks]: Duplicate entry name 'written_book' in pool 'bookpool' of table '{}'. Duplicate added as 'written_book0'.
Report this to the loot adder.
[23:21:47] [Server thread/ERROR] [loottweaker.sanity_checks]: Duplicate entry name 'written_book' in pool 'bookpool' of table '{}'. Duplicate added as 'written_book0'.
Report this to the loot adder.
[23:21:47] [Server thread/ERROR] [loottweaker.sanity_checks]: Duplicate entry name 'written_book' in pool 'bookpool' of table '{}'. Duplicate added as 'written_book0'.
Report this to the loot adder.
[23:21:47] [Server thread/ERROR] [loottweaker.sanity_checks]: Duplicate entry name 'written_book' in pool 'bookpool' of table '{}'. Duplicate added as 'written_book0'.
Report this to the loot adder.
[23:21:47] [Server thread/ERROR] [loottweaker.sanity_checks]: Duplicate entry name 'written_book' in pool 'bookpool' of table '{}'. Duplicate added as 'written_book0'.
Report this to the loot adder.
[23:21:47] [Server thread/ERROR] [loottweaker.sanity_checks]: Duplicate entry name 'written_book' in pool 'bookpool' of table '{}'. Duplicate added as 'written_book0'.
Report this to the loot adder.
[23:21:47] [Server thread/ERROR] [loottweaker.sanity_checks]: Duplicate entry name 'written_book' in pool 'bookpool' of table '{}'. Duplicate added as 'written_book0'.
Report this to the loot adder.
[23:21:47] [Server thread/ERROR] [loottweaker.sanity_checks]: Duplicate entry name 'written_book' in pool 'bookpool' of table '{}'. Duplicate added as 'written_book0'.
Report this to the loot adder.
[23:21:47] [Server thread/ERROR] [loottweaker.sanity_checks]: Duplicate entry name 'written_book' in pool 'bookpool' of table '{}'. Duplicate added as 'written_book0'.
Report this to the loot adder.
[23:21:47] [Server thread/ERROR] [loottweaker.sanity_checks]: Duplicate pool name 'futuremc:salmon' in table 'futuremc:entities/salmon'. Duplicate added as 'futuremc:salmon0'.
Report this to the loot adder.
[23:21:47] [Server thread/INFO] [improvableskills]: Injecting parchment into LootTable 'minecraft:chests/stronghold_crossing'!
[23:21:47] [Server thread/INFO] [improvableskills]: Injecting parchment into LootTable 'lostcities:chests/lostcitychest'!
[23:21:47] [Server thread/INFO] [improvableskills]: Injecting parchment into LootTable 'primitivemobs:chests/mimic_treasure'!
[23:21:47] [Server thread/INFO] [improvableskills]: Injecting parchment into LootTable 'minecraft:chests/village_blacksmith'!
[23:21:47] [Server thread/INFO] [improvableskills]: Injecting parchment into LootTable 'immersiveengineering:chests/village_blacksmith'!
[23:21:47] [Server thread/ERROR] [loottweaker.sanity_checks]: Duplicate entry name 'written_book' in pool 'bookpool' of table '{}'. Duplicate added as 'written_book0'.
Report this to the loot adder.
[23:21:47] [Server thread/ERROR] [loottweaker.sanity_checks]: Duplicate entry name 'written_book' in pool 'bookpool' of table '{}'. Duplicate added as 'written_book0'.
Report this to the loot adder.
[23:21:47] [Server thread/ERROR] [loottweaker.sanity_checks]: Duplicate entry name 'written_book' in pool 'bookpool' of table '{}'. Duplicate added as 'written_book0'.
Report this to the loot adder.
[23:21:47] [Server thread/ERROR] [loottweaker.sanity_checks]: Duplicate entry name 'written_book' in pool 'bookpool' of table '{}'. Duplicate added as 'written_book0'.
Report this to the loot adder.
[23:21:47] [Server thread/ERROR] [loottweaker.sanity_checks]: Duplicate entry name 'written_book' in pool 'bookpool' of table '{}'. Duplicate added as 'written_book0'.
Report this to the loot adder.
[23:21:47] [Server thread/ERROR] [loottweaker.sanity_checks]: Duplicate entry name 'written_book' in pool 'bookpool' of table '{}'. Duplicate added as 'written_book0'.
Report this to the loot adder.
[23:21:47] [Server thread/ERROR] [loottweaker.sanity_checks]: Duplicate entry name 'written_book' in pool 'bookpool' of table '{}'. Duplicate added as 'written_book0'.
Report this to the loot adder.
[23:21:47] [Server thread/ERROR] [loottweaker.sanity_checks]: Duplicate entry name 'written_book' in pool 'bookpool' of table '{}'. Duplicate added as 'written_book0'.
Report this to the loot adder.
[23:21:47] [Server thread/ERROR] [loottweaker.sanity_checks]: Duplicate entry name 'written_book' in pool 'bookpool' of table '{}'. Duplicate added as 'written_book0'.
Report this to the loot adder.
[23:21:47] [Server thread/ERROR] [loottweaker.sanity_checks]: Duplicate entry name 'written_book' in pool 'bookpool' of table '{}'. Duplicate added as 'written_book0'.
Report this to the loot adder.
[23:21:47] [Server thread/ERROR] [loottweaker.sanity_checks]: Duplicate entry name 'written_book' in pool 'bookpool' of table '{}'. Duplicate added as 'written_book0'.
Report this to the loot adder.
[23:21:47] [Server thread/ERROR] [loottweaker.sanity_checks]: Duplicate entry name 'written_book' in pool 'bookpool' of table '{}'. Duplicate added as 'written_book0'.
Report this to the loot adder.
[23:21:47] [Server thread/ERROR] [loottweaker.sanity_checks]: Duplicate entry name 'written_book' in pool 'bookpool' of table '{}'. Duplicate added as 'written_book0'.
Report this to the loot adder.
[23:21:47] [Server thread/ERROR] [loottweaker.sanity_checks]: Duplicate entry name 'written_book' in pool 'bookpool' of table '{}'. Duplicate added as 'written_book0'.
Report this to the loot adder.
[23:21:47] [Server thread/ERROR] [loottweaker.sanity_checks]: Duplicate entry name 'written_book' in pool 'bookpool' of table '{}'. Duplicate added as 'written_book0'.
Report this to the loot adder.
[23:21:47] [Server thread/ERROR] [loottweaker.sanity_checks]: Duplicate entry name 'written_book' in pool 'bookpool' of table '{}'. Duplicate added as 'written_book0'.
Report this to the loot adder.
[23:21:47] [Server thread/ERROR] [loottweaker.sanity_checks]: Duplicate entry name 'written_book' in pool 'bookpool' of table '{}'. Duplicate added as 'written_book0'.
Report this to the loot adder.
[23:21:47] [Server thread/ERROR] [loottweaker.sanity_checks]: Duplicate entry name 'written_book' in pool 'bookpool' of table '{}'. Duplicate added as 'written_book0'.
Report this to the loot adder.
[23:21:47] [Server thread/INFO] [improvableskills]: Injecting parchment into LootTable 'primitivemobs:chests/mimic_trap'!
[23:21:47] [Server thread/INFO] [improvableskills]: Injecting parchment into LootTable 'minecraft:chests/jungle_temple_dispenser'!
[23:21:47] [Server thread/INFO] [improvableskills]: Injecting parchment into LootTable 'minecraft:chests/woodland_mansion'!
[23:21:47] [Server thread/ERROR] [loottweaker.sanity_checks]: Duplicate entry name 'written_book' in pool 'bookpool' of table '{}'. Duplicate added as 'written_book0'.
Report this to the loot adder.
[23:21:47] [Server thread/ERROR] [loottweaker.sanity_checks]: Duplicate entry name 'written_book' in pool 'bookpool' of table '{}'. Duplicate added as 'written_book0'.
Report this to the loot adder.
[23:21:47] [Server thread/ERROR] [loottweaker.sanity_checks]: Duplicate entry name 'written_book' in pool 'bookpool' of table '{}'. Duplicate added as 'written_book0'.
Report this to the loot adder.
[23:21:47] [Server thread/ERROR] [loottweaker.sanity_checks]: Duplicate entry name 'written_book' in pool 'bookpool' of table '{}'. Duplicate added as 'written_book0'.
Report this to the loot adder.
[23:21:47] [Server thread/ERROR] [loottweaker.sanity_checks]: Duplicate entry name 'written_book' in pool 'bookpool' of table '{}'. Duplicate added as 'written_book0'.
Report this to the loot adder.
[23:21:47] [Server thread/ERROR] [loottweaker.sanity_checks]: Duplicate entry name 'written_book' in pool 'bookpool' of table '{}'. Duplicate added as 'written_book0'.
Report this to the loot adder.
[23:21:47] [Server thread/ERROR] [loottweaker.sanity_checks]: Duplicate entry name 'written_book' in pool 'bookpool' of table '{}'. Duplicate added as 'written_book0'.
Report this to the loot adder.
[23:21:47] [Server thread/ERROR] [loottweaker.sanity_checks]: Duplicate entry name 'written_book' in pool 'bookpool' of table '{}'. Duplicate added as 'written_book0'.
Report this to the loot adder.
[23:21:47] [Server thread/ERROR] [loottweaker.sanity_checks]: Duplicate entry name 'written_book' in pool 'bookpool' of table '{}'. Duplicate added as 'written_book0'.
Report this to the loot adder.
[23:21:47] [Server thread/ERROR] [loottweaker.sanity_checks]: Duplicate entry name 'written_book' in pool 'bookpool' of table '{}'. Duplicate added as 'written_book0'.
Report this to the loot adder.
[23:21:47] [Server thread/ERROR] [loottweaker.sanity_checks]: Duplicate entry name 'written_book' in pool 'bookpool' of table '{}'. Duplicate added as 'written_book0'.
Report this to the loot adder.
[23:21:47] [Server thread/ERROR] [loottweaker.sanity_checks]: Duplicate entry name 'written_book' in pool 'bookpool' of table '{}'. Duplicate added as 'written_book0'.
Report this to the loot adder.
[23:21:47] [Server thread/ERROR] [loottweaker.sanity_checks]: Duplicate entry name 'written_book' in pool 'bookpool' of table '{}'. Duplicate added as 'written_book0'.
Report this to the loot adder.
[23:21:47] [Server thread/ERROR] [loottweaker.sanity_checks]: Duplicate entry name 'written_book' in pool 'bookpool' of table '{}'. Duplicate added as 'written_book0'.
Report this to the loot adder.
[23:21:47] [Server thread/ERROR] [loottweaker.sanity_checks]: Duplicate entry name 'written_book' in pool 'bookpool' of table '{}'. Duplicate added as 'written_book0'.
Report this to the loot adder.
[23:21:47] [Server thread/ERROR] [loottweaker.sanity_checks]: Duplicate entry name 'written_book' in pool 'bookpool' of table '{}'. Duplicate added as 'written_book0'.
Report this to the loot adder.
[23:21:47] [Server thread/ERROR] [loottweaker.sanity_checks]: Duplicate entry name 'written_book' in pool 'bookpool' of table '{}'. Duplicate added as 'written_book0'.
Report this to the loot adder.
[23:21:47] [Server thread/ERROR] [loottweaker.sanity_checks]: Duplicate entry name 'written_book' in pool 'bookpool' of table '{}'. Duplicate added as 'written_book0'.
Report this to the loot adder.
[23:21:47] [Server thread/INFO] [improvableskills]: Injecting parchment into LootTable 'immersiveengineering:chests/stronghold_library'!
[23:21:47] [Server thread/INFO] [improvableskills]: Injecting scroll for skill 'improvableskills:health' into LootTable 'minecraft:chests/end_city_treasure'!
[23:21:47] [Server thread/INFO] [improvableskills]: Injecting parchment into LootTable 'minecraft:chests/end_city_treasure'!
[23:21:48] [Server thread/INFO] [immersiveengineering]: WorldData loading
[23:21:48] [Server thread/INFO] [immersiveengineering]: WorldData retrieved
[23:21:48] [Server thread/INFO] [defaultworldgenerator-port]: DWG_INIT: Game rule logAdminCommands has been updated to false
[23:21:48] [Server thread/INFO] [FML]: Unloading dimension -1
[23:21:48] [Server thread/INFO] [FML]: Unloading dimension 1
[23:21:48] [Server thread/INFO] [CosmicLib/Timekeeper]: Timekeeper synchronised to worldtime on tick-rate quotient
[23:21:51] [Server thread/INFO] [net.minecraft.server.dedicated.DedicatedServer]: Saving...
[23:21:52] [Server thread/INFO] [net.minecraft.server.dedicated.DedicatedServer]: Saved the world
[23:21:53] [Server thread/INFO] [net.minecraft.server.dedicated.DedicatedServer]: Saving...
[23:21:53] [Server thread/INFO] [net.minecraft.server.dedicated.DedicatedServer]: Saved the world
[23:21:56] [Server thread/INFO] [net.minecraft.server.dedicated.DedicatedServer]: Stopping the server
[23:21:56] [Server console handler/INFO] [STDERR]: [java.lang.ThreadGroup:uncaughtException:1052]: java.io.IOError: java.io.IOException: Error executing 'stty -a': stty: 'standard input': Input/output error
[23:21:56] [Server console handler/INFO] [STDERR]: [java.lang.ThreadGroup:uncaughtException:1052]: 	at org.jline.terminal.impl.AbstractPosixTerminal.setAttributes(AbstractPosixTerminal.java:54)
[23:21:56] [Server console handler/INFO] [STDERR]: [java.lang.ThreadGroup:uncaughtException:1052]: 	at org.jline.reader.impl.LineReaderImpl.readLine(LineReaderImpl.java:592)
[23:21:56] [Server console handler/INFO] [STDERR]: [java.lang.ThreadGroup:uncaughtException:1052]: 	at org.jline.reader.impl.LineReaderImpl.readLine(LineReaderImpl.java:390)
[23:21:56] [Server console handler/INFO] [STDERR]: [java.lang.ThreadGroup:uncaughtException:1052]: 	at net.minecraftforge.server.console.TerminalHandler.handleCommands(TerminalHandler.java:61)
[23:21:56] [Server console handler/INFO] [STDERR]: [java.lang.ThreadGroup:uncaughtException:1052]: 	at net.minecraft.server.dedicated.DedicatedServer$2.run(DedicatedServer.java:99)
[23:21:56] [Server console handler/INFO] [STDERR]: [java.lang.ThreadGroup:uncaughtException:1061]: Caused by: java.io.IOException: Error executing 'stty -a': stty: 'standard input': Input/output error
[23:21:56] [Server console handler/INFO] [STDERR]: [java.lang.ThreadGroup:uncaughtException:1061]: 	at org.jline.utils.ExecHelper.exec(ExecHelper.java:42)
[23:21:56] [Server console handler/INFO] [STDERR]: [java.lang.ThreadGroup:uncaughtException:1061]: 	at org.jline.terminal.impl.ExecPty.doGetConfig(ExecPty.java:175)
[23:21:56] [Server console handler/INFO] [STDERR]: [java.lang.ThreadGroup:uncaughtException:1061]: 	at org.jline.terminal.impl.ExecPty.getAttr(ExecPty.java:87)
[23:21:56] [Server console handler/INFO] [STDERR]: [java.lang.ThreadGroup:uncaughtException:1061]: 	at org.jline.terminal.impl.ExecPty.setAttr(ExecPty.java:93)
[23:21:56] [Server console handler/INFO] [STDERR]: [java.lang.ThreadGroup:uncaughtException:1061]: 	at org.jline.terminal.impl.AbstractPosixTerminal.setAttributes(AbstractPosixTerminal.java:52)
[23:21:56] [Server console handler/INFO] [STDERR]: [java.lang.ThreadGroup:uncaughtException:1061]: 	... 4 more
[23:21:56] [Server thread/INFO] [Mekanism]: VoiceServer: Shutting down server...
[23:21:56] [Server thread/INFO] [net.minecraft.server.MinecraftServer]: Stopping server
[23:21:56] [Server thread/INFO] [net.minecraft.server.MinecraftServer]: Saving players
[23:21:56] [Server thread/INFO] [net.minecraft.server.MinecraftServer]: Saving worlds
[23:21:56] [Server thread/INFO] [net.minecraft.server.MinecraftServer]: Saving chunks for level 'world'/overworld
[23:21:56] [Server thread/INFO] [net.minecraft.server.MinecraftServer]: Saving chunks for level 'world'/Storage Cell
[23:21:56] [Server thread/INFO] [FML]: Unloading dimension 0
[23:21:56] [Server thread/INFO] [FML]: Unloading dimension 2
[23:21:56] [Server thread/INFO] [mcjtylib_ng]: Cleaning up all world data: 0 data blobs
[23:21:56] [Server Shutdown Thread/INFO] [net.minecraft.server.MinecraftServer]: Stopping server
[23:21:56] [Server Shutdown Thread/INFO] [net.minecraft.server.MinecraftServer]: Saving players
[23:21:56] [Server Shutdown Thread/INFO] [net.minecraft.server.MinecraftServer]: Saving worlds
